   ▲ Next.js 15.3.0
   - Local:        http://localhost:3000
   - Network:      http://192.168.1.148:3000
   - Environments: .env.local, .env

 ✓ Starting...
 ✓ Ready in 1019ms
 ✓ Compiled /middleware in 379ms (248 modules)
[2025-05-23T18:40:36.390Z] Request: HEAD /
- User-Agent: null
- Referrer: null
- Host: localhost:3000
- IP: unknown
Development mode: Skipping authentication check
 ○ Compiling / ...
 ✓ Compiled / in 2.2s (1135 modules)
 HEAD / 200 in 2413ms
[2025-05-23T18:41:08.064Z] Request: GET /
- User-Agent: Mozilla/5.0 (Macintosh; Intel Mac OS X 10_15_7) AppleWebKit/537.36 (KHTML, like Gecko) Chrome/136.0.0.0 Safari/537.36
- Referrer: http://localhost:3000/
- Host: localhost:3000
- IP: unknown
Development mode: Skipping authentication check
 GET / 200 in 40ms
[2025-05-23T18:41:08.312Z] Request: GET /.well-known/appspecific/com.chrome.devtools.json
- User-Agent: Mozilla/5.0 (Macintosh; Intel Mac OS X 10_15_7) AppleWebKit/537.36 (KHTML, like Gecko) Chrome/136.0.0.0 Safari/537.36
- Referrer: null
- Host: localhost:3000
- IP: unknown
Development mode: Skipping authentication check
 ✓ Compiled /_not-found in 360ms (1126 modules)
 GET /.well-known/appspecific/com.chrome.devtools.json 404 in 409ms
[2025-05-23T18:41:09.185Z] Request: HEAD /fonts/IBMPlexMono-Bold.woff2
- User-Agent: Mozilla/5.0 (Macintosh; Intel Mac OS X 10_15_7) AppleWebKit/537.36 (KHTML, like Gecko) Chrome/136.0.0.0 Safari/537.36
- Referrer: http://localhost:3000/
- Host: localhost:3000
- IP: unknown
[2025-05-23T18:41:09.185Z] Request: HEAD /fonts/IBMPlexMono-Medium.woff2
- User-Agent: Mozilla/5.0 (Macintosh; Intel Mac OS X 10_15_7) AppleWebKit/537.36 (KHTML, like Gecko) Chrome/136.0.0.0 Safari/537.36
- Referrer: http://localhost:3000/
- Host: localhost:3000
- IP: unknown
[2025-05-23T18:41:09.186Z] Request: HEAD /fonts/JetBrainsMono-Regular.woff2
- User-Agent: Mozilla/5.0 (Macintosh; Intel Mac OS X 10_15_7) AppleWebKit/537.36 (KHTML, like Gecko) Chrome/136.0.0.0 Safari/537.36
- Referrer: http://localhost:3000/
- Host: localhost:3000
- IP: unknown
[2025-05-23T18:41:09.187Z] Request: HEAD /fonts/Share_Tech_Mono.woff
- User-Agent: Mozilla/5.0 (Macintosh; Intel Mac OS X 10_15_7) AppleWebKit/537.36 (KHTML, like Gecko) Chrome/136.0.0.0 Safari/537.36
- Referrer: http://localhost:3000/
- Host: localhost:3000
- IP: unknown
[2025-05-23T18:41:09.187Z] Request: HEAD /fonts/IBMPlexMono-Medium.woff2
- User-Agent: Mozilla/5.0 (Macintosh; Intel Mac OS X 10_15_7) AppleWebKit/537.36 (KHTML, like Gecko) Chrome/136.0.0.0 Safari/537.36
- Referrer: http://localhost:3000/
- Host: localhost:3000
- IP: unknown
[2025-05-23T18:41:09.187Z] Request: HEAD /fonts/IBMPlexMono-Bold.woff2
- User-Agent: Mozilla/5.0 (Macintosh; Intel Mac OS X 10_15_7) AppleWebKit/537.36 (KHTML, like Gecko) Chrome/136.0.0.0 Safari/537.36
- Referrer: http://localhost:3000/
- Host: localhost:3000
- IP: unknown
[2025-05-23T18:41:09.202Z] Request: HEAD /fonts/JetBrainsMono-Regular.woff2
- User-Agent: Mozilla/5.0 (Macintosh; Intel Mac OS X 10_15_7) AppleWebKit/537.36 (KHTML, like Gecko) Chrome/136.0.0.0 Safari/537.36
- Referrer: http://localhost:3000/
- Host: localhost:3000
- IP: unknown
[2025-05-23T18:41:09.202Z] Request: HEAD /fonts/Share_Tech_Mono.woff
- User-Agent: Mozilla/5.0 (Macintosh; Intel Mac OS X 10_15_7) AppleWebKit/537.36 (KHTML, like Gecko) Chrome/136.0.0.0 Safari/537.36
- Referrer: http://localhost:3000/
- Host: localhost:3000
- IP: unknown
[2025-05-23T18:41:09.202Z] Request: GET /fonts/Px437_IBM_VGA_8x16.woff
- User-Agent: Mozilla/5.0 (Macintosh; Intel Mac OS X 10_15_7) AppleWebKit/537.36 (KHTML, like Gecko) Chrome/136.0.0.0 Safari/537.36
- Referrer: http://localhost:3000/
- Host: localhost:3000
- IP: unknown
[2025-05-23T18:41:09.202Z] Request: GET /fonts/IBMPlexMono-Regular.woff2
- User-Agent: Mozilla/5.0 (Macintosh; Intel Mac OS X 10_15_7) AppleWebKit/537.36 (KHTML, like Gecko) Chrome/136.0.0.0 Safari/537.36
- Referrer: http://localhost:3000/
- Host: localhost:3000
- IP: unknown
[2025-05-23T18:41:09.202Z] Request: GET /fonts/IBMPlexMono-Regular.woff2
- User-Agent: Mozilla/5.0 (Macintosh; Intel Mac OS X 10_15_7) AppleWebKit/537.36 (KHTML, like Gecko) Chrome/136.0.0.0 Safari/537.36
- Referrer: http://localhost:3000/
- Host: localhost:3000
- IP: unknown
[2025-05-23T18:41:09.202Z] Request: GET /fonts/Px437_IBM_VGA_8x16.woff
- User-Agent: Mozilla/5.0 (Macintosh; Intel Mac OS X 10_15_7) AppleWebKit/537.36 (KHTML, like Gecko) Chrome/136.0.0.0 Safari/537.36
- Referrer: http://localhost:3000/
- Host: localhost:3000
- IP: unknown
[2025-05-23T18:41:09.212Z] Request: GET /fonts/IBMPlexMono-Medium.woff2
- User-Agent: Mozilla/5.0 (Macintosh; Intel Mac OS X 10_15_7) AppleWebKit/537.36 (KHTML, like Gecko) Chrome/136.0.0.0 Safari/537.36
- Referrer: http://localhost:3000/
- Host: localhost:3000
- IP: unknown
[2025-05-23T18:41:09.212Z] Request: GET /fonts/JetBrainsMono-Regular.woff2
- User-Agent: Mozilla/5.0 (Macintosh; Intel Mac OS X 10_15_7) AppleWebKit/537.36 (KHTML, like Gecko) Chrome/136.0.0.0 Safari/537.36
- Referrer: http://localhost:3000/
- Host: localhost:3000
- IP: unknown
[2025-05-23T18:41:09.212Z] Request: GET /fonts/Share_Tech_Mono.woff
- User-Agent: Mozilla/5.0 (Macintosh; Intel Mac OS X 10_15_7) AppleWebKit/537.36 (KHTML, like Gecko) Chrome/136.0.0.0 Safari/537.36
- Referrer: http://localhost:3000/
- Host: localhost:3000
- IP: unknown
[2025-05-23T18:41:09.212Z] Request: GET /fonts/IBMPlexMono-Bold.woff2
- User-Agent: Mozilla/5.0 (Macintosh; Intel Mac OS X 10_15_7) AppleWebKit/537.36 (KHTML, like Gecko) Chrome/136.0.0.0 Safari/537.36
- Referrer: http://localhost:3000/
- Host: localhost:3000
- IP: unknown
[2025-05-23T18:41:09.212Z] Request: GET /fonts/IBMPlexMono-Medium.woff2
- User-Agent: Mozilla/5.0 (Macintosh; Intel Mac OS X 10_15_7) AppleWebKit/537.36 (KHTML, like Gecko) Chrome/136.0.0.0 Safari/537.36
- Referrer: http://localhost:3000/
- Host: localhost:3000
- IP: unknown
[2025-05-23T18:41:09.212Z] Request: GET /fonts/IBMPlexMono-Bold.woff2
- User-Agent: Mozilla/5.0 (Macintosh; Intel Mac OS X 10_15_7) AppleWebKit/537.36 (KHTML, like Gecko) Chrome/136.0.0.0 Safari/537.36
- Referrer: http://localhost:3000/
- Host: localhost:3000
- IP: unknown
[2025-05-23T18:41:09.223Z] Request: GET /fonts/Share_Tech_Mono.woff
- User-Agent: Mozilla/5.0 (Macintosh; Intel Mac OS X 10_15_7) AppleWebKit/537.36 (KHTML, like Gecko) Chrome/136.0.0.0 Safari/537.36
- Referrer: http://localhost:3000/
- Host: localhost:3000
- IP: unknown
[2025-05-23T18:41:09.223Z] Request: GET /fonts/JetBrainsMono-Regular.woff2
- User-Agent: Mozilla/5.0 (Macintosh; Intel Mac OS X 10_15_7) AppleWebKit/537.36 (KHTML, like Gecko) Chrome/136.0.0.0 Safari/537.36
- Referrer: http://localhost:3000/
- Host: localhost:3000
- IP: unknown
 ✓ Compiled /favicon.ico in 228ms (613 modules)
 GET /favicon.ico 200 in 287ms
[2025-05-23T18:43:11.608Z] Request: GET /settings
- User-Agent: Mozilla/5.0 (Macintosh; Intel Mac OS X 10_15_7) AppleWebKit/537.36 (KHTML, like Gecko) Chrome/136.0.0.0 Safari/537.36
- Referrer: http://localhost:3000/
- Host: localhost:3000
- IP: unknown
Development mode: Skipping authentication check
 ✓ Compiled /settings in 361ms (1130 modules)
 ⚠ Fast Refresh had to perform a full reload. Read more: https://nextjs.org/docs/messages/fast-refresh-reload
 GET /settings 200 in 468ms
[2025-05-23T18:43:12.097Z] Request: GET /.well-known/appspecific/com.chrome.devtools.json
- User-Agent: Mozilla/5.0 (Macintosh; Intel Mac OS X 10_15_7) AppleWebKit/537.36 (KHTML, like Gecko) Chrome/136.0.0.0 Safari/537.36
- Referrer: null
- Host: localhost:3000
- IP: unknown
Development mode: Skipping authentication check
 ✓ Compiled /_not-found in 151ms (1134 modules)
 GET /.well-known/appspecific/com.chrome.devtools.json 404 in 193ms
[2025-05-23T18:43:12.657Z] Request: HEAD /fonts/IBMPlexMono-Medium.woff2
- User-Agent: Mozilla/5.0 (Macintosh; Intel Mac OS X 10_15_7) AppleWebKit/537.36 (KHTML, like Gecko) Chrome/136.0.0.0 Safari/537.36
- Referrer: http://localhost:3000/settings
- Host: localhost:3000
- IP: unknown
[2025-05-23T18:43:12.657Z] Request: HEAD /fonts/IBMPlexMono-Bold.woff2
- User-Agent: Mozilla/5.0 (Macintosh; Intel Mac OS X 10_15_7) AppleWebKit/537.36 (KHTML, like Gecko) Chrome/136.0.0.0 Safari/537.36
- Referrer: http://localhost:3000/settings
- Host: localhost:3000
- IP: unknown
[2025-05-23T18:43:12.658Z] Request: HEAD /fonts/Share_Tech_Mono.woff
- User-Agent: Mozilla/5.0 (Macintosh; Intel Mac OS X 10_15_7) AppleWebKit/537.36 (KHTML, like Gecko) Chrome/136.0.0.0 Safari/537.36
- Referrer: http://localhost:3000/settings
- Host: localhost:3000
- IP: unknown
[2025-05-23T18:43:12.658Z] Request: HEAD /fonts/JetBrainsMono-Regular.woff2
- User-Agent: Mozilla/5.0 (Macintosh; Intel Mac OS X 10_15_7) AppleWebKit/537.36 (KHTML, like Gecko) Chrome/136.0.0.0 Safari/537.36
- Referrer: http://localhost:3000/settings
- Host: localhost:3000
- IP: unknown
[2025-05-23T18:43:12.658Z] Request: HEAD /fonts/IBMPlexMono-Medium.woff2
- User-Agent: Mozilla/5.0 (Macintosh; Intel Mac OS X 10_15_7) AppleWebKit/537.36 (KHTML, like Gecko) Chrome/136.0.0.0 Safari/537.36
- Referrer: http://localhost:3000/settings
- Host: localhost:3000
- IP: unknown
[2025-05-23T18:43:12.658Z] Request: HEAD /fonts/IBMPlexMono-Bold.woff2
- User-Agent: Mozilla/5.0 (Macintosh; Intel Mac OS X 10_15_7) AppleWebKit/537.36 (KHTML, like Gecko) Chrome/136.0.0.0 Safari/537.36
- Referrer: http://localhost:3000/settings
- Host: localhost:3000
- IP: unknown
[2025-05-23T18:43:12.675Z] Request: HEAD /fonts/JetBrainsMono-Regular.woff2
- User-Agent: Mozilla/5.0 (Macintosh; Intel Mac OS X 10_15_7) AppleWebKit/537.36 (KHTML, like Gecko) Chrome/136.0.0.0 Safari/537.36
- Referrer: http://localhost:3000/settings
- Host: localhost:3000
- IP: unknown
[2025-05-23T18:43:12.675Z] Request: GET /fonts/IBMPlexMono-Regular.woff2
- User-Agent: Mozilla/5.0 (Macintosh; Intel Mac OS X 10_15_7) AppleWebKit/537.36 (KHTML, like Gecko) Chrome/136.0.0.0 Safari/537.36
- Referrer: http://localhost:3000/settings
- Host: localhost:3000
- IP: unknown
[2025-05-23T18:43:12.675Z] Request: HEAD /fonts/Share_Tech_Mono.woff
- User-Agent: Mozilla/5.0 (Macintosh; Intel Mac OS X 10_15_7) AppleWebKit/537.36 (KHTML, like Gecko) Chrome/136.0.0.0 Safari/537.36
- Referrer: http://localhost:3000/settings
- Host: localhost:3000
- IP: unknown
[2025-05-23T18:43:12.676Z] Request: GET /fonts/Px437_IBM_VGA_8x16.woff
- User-Agent: Mozilla/5.0 (Macintosh; Intel Mac OS X 10_15_7) AppleWebKit/537.36 (KHTML, like Gecko) Chrome/136.0.0.0 Safari/537.36
- Referrer: http://localhost:3000/settings
- Host: localhost:3000
- IP: unknown
[2025-05-23T18:43:12.676Z] Request: GET /fonts/IBMPlexMono-Regular.woff2
- User-Agent: Mozilla/5.0 (Macintosh; Intel Mac OS X 10_15_7) AppleWebKit/537.36 (KHTML, like Gecko) Chrome/136.0.0.0 Safari/537.36
- Referrer: http://localhost:3000/settings
- Host: localhost:3000
- IP: unknown
[2025-05-23T18:43:12.684Z] Request: GET /fonts/IBMPlexMono-Medium.woff2
- User-Agent: Mozilla/5.0 (Macintosh; Intel Mac OS X 10_15_7) AppleWebKit/537.36 (KHTML, like Gecko) Chrome/136.0.0.0 Safari/537.36
- Referrer: http://localhost:3000/settings
- Host: localhost:3000
- IP: unknown
[2025-05-23T18:43:12.686Z] Request: GET /fonts/Share_Tech_Mono.woff
- User-Agent: Mozilla/5.0 (Macintosh; Intel Mac OS X 10_15_7) AppleWebKit/537.36 (KHTML, like Gecko) Chrome/136.0.0.0 Safari/537.36
- Referrer: http://localhost:3000/settings
- Host: localhost:3000
- IP: unknown
[2025-05-23T18:43:12.686Z] Request: GET /fonts/IBMPlexMono-Bold.woff2
- User-Agent: Mozilla/5.0 (Macintosh; Intel Mac OS X 10_15_7) AppleWebKit/537.36 (KHTML, like Gecko) Chrome/136.0.0.0 Safari/537.36
- Referrer: http://localhost:3000/settings
- Host: localhost:3000
- IP: unknown
[2025-05-23T18:43:12.691Z] Request: GET /fonts/JetBrainsMono-Regular.woff2
- User-Agent: Mozilla/5.0 (Macintosh; Intel Mac OS X 10_15_7) AppleWebKit/537.36 (KHTML, like Gecko) Chrome/136.0.0.0 Safari/537.36
- Referrer: http://localhost:3000/settings
- Host: localhost:3000
- IP: unknown
[2025-05-23T18:43:12.691Z] Request: GET /fonts/IBMPlexMono-Medium.woff2
- User-Agent: Mozilla/5.0 (Macintosh; Intel Mac OS X 10_15_7) AppleWebKit/537.36 (KHTML, like Gecko) Chrome/136.0.0.0 Safari/537.36
- Referrer: http://localhost:3000/settings
- Host: localhost:3000
- IP: unknown
[2025-05-23T18:43:12.691Z] Request: GET /fonts/IBMPlexMono-Bold.woff2
- User-Agent: Mozilla/5.0 (Macintosh; Intel Mac OS X 10_15_7) AppleWebKit/537.36 (KHTML, like Gecko) Chrome/136.0.0.0 Safari/537.36
- Referrer: http://localhost:3000/settings
- Host: localhost:3000
- IP: unknown
[2025-05-23T18:43:12.696Z] Request: GET /fonts/JetBrainsMono-Regular.woff2
- User-Agent: Mozilla/5.0 (Macintosh; Intel Mac OS X 10_15_7) AppleWebKit/537.36 (KHTML, like Gecko) Chrome/136.0.0.0 Safari/537.36
- Referrer: http://localhost:3000/settings
- Host: localhost:3000
- IP: unknown
[2025-05-23T18:43:12.697Z] Request: GET /fonts/Share_Tech_Mono.woff
- User-Agent: Mozilla/5.0 (Macintosh; Intel Mac OS X 10_15_7) AppleWebKit/537.36 (KHTML, like Gecko) Chrome/136.0.0.0 Safari/537.36
- Referrer: http://localhost:3000/settings
- Host: localhost:3000
- IP: unknown
[2025-05-23T18:44:28.805Z] Request: GET /
- User-Agent: Mozilla/5.0 (Macintosh; Intel Mac OS X 10_15_7) AppleWebKit/537.36 (KHTML, like Gecko) HeadlessChrome/136.0.0.0 Safari/537.36
- Referrer: null
- Host: localhost:3000
- IP: unknown
Development mode: Skipping authentication check
 GET / 200 in 63ms
[2025-05-23T18:44:28.875Z] Request: GET /fonts/JetBrainsMono-Regular.woff2
- User-Agent: Mozilla/5.0 (Macintosh; Intel Mac OS X 10_15_7) AppleWebKit/537.36 (KHTML, like Gecko) HeadlessChrome/136.0.0.0 Safari/537.36
- Referrer: http://localhost:3000/
- Host: localhost:3000
- IP: unknown
[2025-05-23T18:44:28.876Z] Request: GET /fonts/Px437_IBM_VGA_8x16.woff
- User-Agent: Mozilla/5.0 (Macintosh; Intel Mac OS X 10_15_7) AppleWebKit/537.36 (KHTML, like Gecko) HeadlessChrome/136.0.0.0 Safari/537.36
- Referrer: http://localhost:3000/
- Host: localhost:3000
- IP: unknown
[2025-05-23T18:44:28.876Z] Request: GET /fonts/Share_Tech_Mono.woff
- User-Agent: Mozilla/5.0 (Macintosh; Intel Mac OS X 10_15_7) AppleWebKit/537.36 (KHTML, like Gecko) HeadlessChrome/136.0.0.0 Safari/537.36
- Referrer: http://localhost:3000/
- Host: localhost:3000
- IP: unknown
 GET /favicon.ico 200 in 12ms
 GET /favicon.ico 200 in 6ms
[2025-05-23T18:44:29.189Z] Request: HEAD /fonts/IBMPlexMono-Regular.woff2
- User-Agent: Mozilla/5.0 (Macintosh; Intel Mac OS X 10_15_7) AppleWebKit/537.36 (KHTML, like Gecko) HeadlessChrome/136.0.0.0 Safari/537.36
- Referrer: http://localhost:3000/
- Host: localhost:3000
- IP: unknown
[2025-05-23T18:44:29.190Z] Request: HEAD /fonts/IBMPlexMono-Medium.woff2
- User-Agent: Mozilla/5.0 (Macintosh; Intel Mac OS X 10_15_7) AppleWebKit/537.36 (KHTML, like Gecko) HeadlessChrome/136.0.0.0 Safari/537.36
- Referrer: http://localhost:3000/
- Host: localhost:3000
- IP: unknown
[2025-05-23T18:44:29.191Z] Request: HEAD /fonts/IBMPlexMono-Bold.woff2
- User-Agent: Mozilla/5.0 (Macintosh; Intel Mac OS X 10_15_7) AppleWebKit/537.36 (KHTML, like Gecko) HeadlessChrome/136.0.0.0 Safari/537.36
- Referrer: http://localhost:3000/
- Host: localhost:3000
- IP: unknown
[2025-05-23T18:44:29.191Z] Request: HEAD /fonts/Share_Tech_Mono.woff
- User-Agent: Mozilla/5.0 (Macintosh; Intel Mac OS X 10_15_7) AppleWebKit/537.36 (KHTML, like Gecko) HeadlessChrome/136.0.0.0 Safari/537.36
- Referrer: http://localhost:3000/
- Host: localhost:3000
- IP: unknown
[2025-05-23T18:44:29.191Z] Request: HEAD /fonts/JetBrainsMono-Regular.woff2
- User-Agent: Mozilla/5.0 (Macintosh; Intel Mac OS X 10_15_7) AppleWebKit/537.36 (KHTML, like Gecko) HeadlessChrome/136.0.0.0 Safari/537.36
- Referrer: http://localhost:3000/
- Host: localhost:3000
- IP: unknown
[2025-05-23T18:44:29.191Z] Request: HEAD /fonts/Px437_IBM_VGA_8x16.woff
- User-Agent: Mozilla/5.0 (Macintosh; Intel Mac OS X 10_15_7) AppleWebKit/537.36 (KHTML, like Gecko) HeadlessChrome/136.0.0.0 Safari/537.36
- Referrer: http://localhost:3000/
- Host: localhost:3000
- IP: unknown
[2025-05-23T18:44:29.199Z] Request: HEAD /fonts/IBMPlexMono-Regular.woff2
- User-Agent: Mozilla/5.0 (Macintosh; Intel Mac OS X 10_15_7) AppleWebKit/537.36 (KHTML, like Gecko) HeadlessChrome/136.0.0.0 Safari/537.36
- Referrer: http://localhost:3000/
- Host: localhost:3000
- IP: unknown
[2025-05-23T18:44:29.199Z] Request: HEAD /fonts/IBMPlexMono-Medium.woff2
- User-Agent: Mozilla/5.0 (Macintosh; Intel Mac OS X 10_15_7) AppleWebKit/537.36 (KHTML, like Gecko) HeadlessChrome/136.0.0.0 Safari/537.36
- Referrer: http://localhost:3000/
- Host: localhost:3000
- IP: unknown
[2025-05-23T18:44:29.199Z] Request: HEAD /fonts/JetBrainsMono-Regular.woff2
- User-Agent: Mozilla/5.0 (Macintosh; Intel Mac OS X 10_15_7) AppleWebKit/537.36 (KHTML, like Gecko) HeadlessChrome/136.0.0.0 Safari/537.36
- Referrer: http://localhost:3000/
- Host: localhost:3000
- IP: unknown
[2025-05-23T18:44:29.199Z] Request: HEAD /fonts/IBMPlexMono-Bold.woff2
- User-Agent: Mozilla/5.0 (Macintosh; Intel Mac OS X 10_15_7) AppleWebKit/537.36 (KHTML, like Gecko) HeadlessChrome/136.0.0.0 Safari/537.36
- Referrer: http://localhost:3000/
- Host: localhost:3000
- IP: unknown
[2025-05-23T18:44:29.199Z] Request: HEAD /fonts/Px437_IBM_VGA_8x16.woff
- User-Agent: Mozilla/5.0 (Macintosh; Intel Mac OS X 10_15_7) AppleWebKit/537.36 (KHTML, like Gecko) HeadlessChrome/136.0.0.0 Safari/537.36
- Referrer: http://localhost:3000/
- Host: localhost:3000
- IP: unknown
[2025-05-23T18:44:29.199Z] Request: HEAD /fonts/Share_Tech_Mono.woff
- User-Agent: Mozilla/5.0 (Macintosh; Intel Mac OS X 10_15_7) AppleWebKit/537.36 (KHTML, like Gecko) HeadlessChrome/136.0.0.0 Safari/537.36
- Referrer: http://localhost:3000/
- Host: localhost:3000
- IP: unknown
[2025-05-23T18:44:29.207Z] Request: GET /fonts/IBMPlexMono-Regular.woff2
- User-Agent: Mozilla/5.0 (Macintosh; Intel Mac OS X 10_15_7) AppleWebKit/537.36 (KHTML, like Gecko) HeadlessChrome/136.0.0.0 Safari/537.36
- Referrer: http://localhost:3000/
- Host: localhost:3000
- IP: unknown
[2025-05-23T18:44:29.207Z] Request: GET /fonts/IBMPlexMono-Medium.woff2
- User-Agent: Mozilla/5.0 (Macintosh; Intel Mac OS X 10_15_7) AppleWebKit/537.36 (KHTML, like Gecko) HeadlessChrome/136.0.0.0 Safari/537.36
- Referrer: http://localhost:3000/
- Host: localhost:3000
- IP: unknown
[2025-05-23T18:44:29.207Z] Request: GET /fonts/IBMPlexMono-Bold.woff2
- User-Agent: Mozilla/5.0 (Macintosh; Intel Mac OS X 10_15_7) AppleWebKit/537.36 (KHTML, like Gecko) HeadlessChrome/136.0.0.0 Safari/537.36
- Referrer: http://localhost:3000/
- Host: localhost:3000
- IP: unknown
[2025-05-23T18:44:29.207Z] Request: GET /fonts/Share_Tech_Mono.woff
- User-Agent: Mozilla/5.0 (Macintosh; Intel Mac OS X 10_15_7) AppleWebKit/537.36 (KHTML, like Gecko) HeadlessChrome/136.0.0.0 Safari/537.36
- Referrer: http://localhost:3000/
- Host: localhost:3000
- IP: unknown
[2025-05-23T18:44:29.208Z] Request: GET /fonts/JetBrainsMono-Regular.woff2
- User-Agent: Mozilla/5.0 (Macintosh; Intel Mac OS X 10_15_7) AppleWebKit/537.36 (KHTML, like Gecko) HeadlessChrome/136.0.0.0 Safari/537.36
- Referrer: http://localhost:3000/
- Host: localhost:3000
- IP: unknown
[2025-05-23T18:44:29.208Z] Request: GET /fonts/Px437_IBM_VGA_8x16.woff
- User-Agent: Mozilla/5.0 (Macintosh; Intel Mac OS X 10_15_7) AppleWebKit/537.36 (KHTML, like Gecko) HeadlessChrome/136.0.0.0 Safari/537.36
- Referrer: http://localhost:3000/
- Host: localhost:3000
- IP: unknown
[2025-05-23T18:44:29.220Z] Request: GET /fonts/IBMPlexMono-Regular.woff2
- User-Agent: Mozilla/5.0 (Macintosh; Intel Mac OS X 10_15_7) AppleWebKit/537.36 (KHTML, like Gecko) HeadlessChrome/136.0.0.0 Safari/537.36
- Referrer: http://localhost:3000/
- Host: localhost:3000
- IP: unknown
[2025-05-23T18:44:29.220Z] Request: GET /fonts/IBMPlexMono-Medium.woff2
- User-Agent: Mozilla/5.0 (Macintosh; Intel Mac OS X 10_15_7) AppleWebKit/537.36 (KHTML, like Gecko) HeadlessChrome/136.0.0.0 Safari/537.36
- Referrer: http://localhost:3000/
- Host: localhost:3000
- IP: unknown
[2025-05-23T18:44:29.220Z] Request: GET /fonts/JetBrainsMono-Regular.woff2
- User-Agent: Mozilla/5.0 (Macintosh; Intel Mac OS X 10_15_7) AppleWebKit/537.36 (KHTML, like Gecko) HeadlessChrome/136.0.0.0 Safari/537.36
- Referrer: http://localhost:3000/
- Host: localhost:3000
- IP: unknown
[2025-05-23T18:44:29.220Z] Request: GET /fonts/Share_Tech_Mono.woff
- User-Agent: Mozilla/5.0 (Macintosh; Intel Mac OS X 10_15_7) AppleWebKit/537.36 (KHTML, like Gecko) HeadlessChrome/136.0.0.0 Safari/537.36
- Referrer: http://localhost:3000/
- Host: localhost:3000
- IP: unknown
[2025-05-23T18:44:29.220Z] Request: GET /fonts/IBMPlexMono-Bold.woff2
- User-Agent: Mozilla/5.0 (Macintosh; Intel Mac OS X 10_15_7) AppleWebKit/537.36 (KHTML, like Gecko) HeadlessChrome/136.0.0.0 Safari/537.36
- Referrer: http://localhost:3000/
- Host: localhost:3000
- IP: unknown
[2025-05-23T18:44:29.220Z] Request: GET /fonts/Px437_IBM_VGA_8x16.woff
- User-Agent: Mozilla/5.0 (Macintosh; Intel Mac OS X 10_15_7) AppleWebKit/537.36 (KHTML, like Gecko) HeadlessChrome/136.0.0.0 Safari/537.36
- Referrer: http://localhost:3000/
- Host: localhost:3000
- IP: unknown
 ✓ Compiled in 382ms (532 modules)
[2025-05-23T18:49:24.339Z] Request: GET /settings
- User-Agent: Mozilla/5.0 (Macintosh; Intel Mac OS X 10_15_7) AppleWebKit/537.36 (KHTML, like Gecko) Chrome/136.0.0.0 Safari/537.36
- Referrer: http://localhost:3000/settings
- Host: localhost:3000
- IP: unknown
Development mode: Skipping authentication check
 GET /settings 200 in 43ms
[2025-05-23T18:49:40.967Z] Request: GET /
- User-Agent: Mozilla/5.0 (Macintosh; Intel Mac OS X 10_15_7) AppleWebKit/537.36 (KHTML, like Gecko) Chrome/136.0.0.0 Safari/537.36
- Referrer: null
- Host: localhost:3000
- IP: unknown
Development mode: Skipping authentication check
 GET / 200 in 45ms
[2025-05-23T18:49:41.078Z] Request: GET /.well-known/appspecific/com.chrome.devtools.json
- User-Agent: Mozilla/5.0 (Macintosh; Intel Mac OS X 10_15_7) AppleWebKit/537.36 (KHTML, like Gecko) Chrome/136.0.0.0 Safari/537.36
- Referrer: null
- Host: localhost:3000
- IP: unknown
Development mode: Skipping authentication check
 ✓ Compiled /_not-found in 239ms (1118 modules)
 GET /.well-known/appspecific/com.chrome.devtools.json 404 in 310ms
[2025-05-23T18:49:41.772Z] Request: HEAD /fonts/IBMPlexMono-Medium.woff2
- User-Agent: Mozilla/5.0 (Macintosh; Intel Mac OS X 10_15_7) AppleWebKit/537.36 (KHTML, like Gecko) Chrome/136.0.0.0 Safari/537.36
- Referrer: http://localhost:3000/
- Host: localhost:3000
- IP: unknown
[2025-05-23T18:49:41.773Z] Request: HEAD /fonts/JetBrainsMono-Regular.woff2
- User-Agent: Mozilla/5.0 (Macintosh; Intel Mac OS X 10_15_7) AppleWebKit/537.36 (KHTML, like Gecko) Chrome/136.0.0.0 Safari/537.36
- Referrer: http://localhost:3000/
- Host: localhost:3000
- IP: unknown
[2025-05-23T18:49:41.774Z] Request: HEAD /fonts/IBMPlexMono-Bold.woff2
- User-Agent: Mozilla/5.0 (Macintosh; Intel Mac OS X 10_15_7) AppleWebKit/537.36 (KHTML, like Gecko) Chrome/136.0.0.0 Safari/537.36
- Referrer: http://localhost:3000/
- Host: localhost:3000
- IP: unknown
[2025-05-23T18:49:41.774Z] Request: HEAD /fonts/Share_Tech_Mono.woff
- User-Agent: Mozilla/5.0 (Macintosh; Intel Mac OS X 10_15_7) AppleWebKit/537.36 (KHTML, like Gecko) Chrome/136.0.0.0 Safari/537.36
- Referrer: http://localhost:3000/
- Host: localhost:3000
- IP: unknown
[2025-05-23T18:49:41.785Z] Request: HEAD /fonts/IBMPlexMono-Medium.woff2
- User-Agent: Mozilla/5.0 (Macintosh; Intel Mac OS X 10_15_7) AppleWebKit/537.36 (KHTML, like Gecko) Chrome/136.0.0.0 Safari/537.36
- Referrer: http://localhost:3000/
- Host: localhost:3000
- IP: unknown
[2025-05-23T18:49:41.786Z] Request: HEAD /fonts/IBMPlexMono-Bold.woff2
- User-Agent: Mozilla/5.0 (Macintosh; Intel Mac OS X 10_15_7) AppleWebKit/537.36 (KHTML, like Gecko) Chrome/136.0.0.0 Safari/537.36
- Referrer: http://localhost:3000/
- Host: localhost:3000
- IP: unknown
[2025-05-23T18:49:41.793Z] Request: HEAD /fonts/JetBrainsMono-Regular.woff2
- User-Agent: Mozilla/5.0 (Macintosh; Intel Mac OS X 10_15_7) AppleWebKit/537.36 (KHTML, like Gecko) Chrome/136.0.0.0 Safari/537.36
- Referrer: http://localhost:3000/
- Host: localhost:3000
- IP: unknown
[2025-05-23T18:49:41.793Z] Request: HEAD /fonts/Share_Tech_Mono.woff
- User-Agent: Mozilla/5.0 (Macintosh; Intel Mac OS X 10_15_7) AppleWebKit/537.36 (KHTML, like Gecko) Chrome/136.0.0.0 Safari/537.36
- Referrer: http://localhost:3000/
- Host: localhost:3000
- IP: unknown
[2025-05-23T18:49:41.793Z] Request: GET /fonts/IBMPlexMono-Regular.woff2
- User-Agent: Mozilla/5.0 (Macintosh; Intel Mac OS X 10_15_7) AppleWebKit/537.36 (KHTML, like Gecko) Chrome/136.0.0.0 Safari/537.36
- Referrer: http://localhost:3000/
- Host: localhost:3000
- IP: unknown
[2025-05-23T18:49:41.793Z] Request: GET /fonts/Px437_IBM_VGA_8x16.woff
- User-Agent: Mozilla/5.0 (Macintosh; Intel Mac OS X 10_15_7) AppleWebKit/537.36 (KHTML, like Gecko) Chrome/136.0.0.0 Safari/537.36
- Referrer: http://localhost:3000/
- Host: localhost:3000
- IP: unknown
[2025-05-23T18:49:41.797Z] Request: GET /fonts/IBMPlexMono-Regular.woff2
- User-Agent: Mozilla/5.0 (Macintosh; Intel Mac OS X 10_15_7) AppleWebKit/537.36 (KHTML, like Gecko) Chrome/136.0.0.0 Safari/537.36
- Referrer: http://localhost:3000/
- Host: localhost:3000
- IP: unknown
[2025-05-23T18:49:41.798Z] Request: GET /fonts/IBMPlexMono-Medium.woff2
- User-Agent: Mozilla/5.0 (Macintosh; Intel Mac OS X 10_15_7) AppleWebKit/537.36 (KHTML, like Gecko) Chrome/136.0.0.0 Safari/537.36
- Referrer: http://localhost:3000/
- Host: localhost:3000
- IP: unknown
[2025-05-23T18:49:41.799Z] Request: GET /fonts/JetBrainsMono-Regular.woff2
- User-Agent: Mozilla/5.0 (Macintosh; Intel Mac OS X 10_15_7) AppleWebKit/537.36 (KHTML, like Gecko) Chrome/136.0.0.0 Safari/537.36
- Referrer: http://localhost:3000/
- Host: localhost:3000
- IP: unknown
[2025-05-23T18:49:41.799Z] Request: GET /fonts/IBMPlexMono-Bold.woff2
- User-Agent: Mozilla/5.0 (Macintosh; Intel Mac OS X 10_15_7) AppleWebKit/537.36 (KHTML, like Gecko) Chrome/136.0.0.0 Safari/537.36
- Referrer: http://localhost:3000/
- Host: localhost:3000
- IP: unknown
[2025-05-23T18:49:41.800Z] Request: GET /fonts/Share_Tech_Mono.woff
- User-Agent: Mozilla/5.0 (Macintosh; Intel Mac OS X 10_15_7) AppleWebKit/537.36 (KHTML, like Gecko) Chrome/136.0.0.0 Safari/537.36
- Referrer: http://localhost:3000/
- Host: localhost:3000
- IP: unknown
[2025-05-23T18:49:41.800Z] Request: GET /fonts/IBMPlexMono-Medium.woff2
- User-Agent: Mozilla/5.0 (Macintosh; Intel Mac OS X 10_15_7) AppleWebKit/537.36 (KHTML, like Gecko) Chrome/136.0.0.0 Safari/537.36
- Referrer: http://localhost:3000/
- Host: localhost:3000
- IP: unknown
[2025-05-23T18:49:41.805Z] Request: GET /fonts/IBMPlexMono-Bold.woff2
- User-Agent: Mozilla/5.0 (Macintosh; Intel Mac OS X 10_15_7) AppleWebKit/537.36 (KHTML, like Gecko) Chrome/136.0.0.0 Safari/537.36
- Referrer: http://localhost:3000/
- Host: localhost:3000
- IP: unknown
[2025-05-23T18:49:41.805Z] Request: GET /fonts/JetBrainsMono-Regular.woff2
- User-Agent: Mozilla/5.0 (Macintosh; Intel Mac OS X 10_15_7) AppleWebKit/537.36 (KHTML, like Gecko) Chrome/136.0.0.0 Safari/537.36
- Referrer: http://localhost:3000/
- Host: localhost:3000
- IP: unknown
[2025-05-23T18:49:41.805Z] Request: GET /fonts/Share_Tech_Mono.woff
- User-Agent: Mozilla/5.0 (Macintosh; Intel Mac OS X 10_15_7) AppleWebKit/537.36 (KHTML, like Gecko) Chrome/136.0.0.0 Safari/537.36
- Referrer: http://localhost:3000/
- Host: localhost:3000
- IP: unknown
 ✓ Compiled in 763ms (1143 modules)
[2025-05-23T18:49:48.038Z] Request: GET /
- User-Agent: Mozilla/5.0 (Macintosh; Intel Mac OS X 10_15_7) AppleWebKit/537.36 (KHTML, like Gecko) Chrome/136.0.0.0 Safari/537.36
- Referrer: http://localhost:3000/
- Host: localhost:3000
- IP: unknown
Development mode: Skipping authentication check
 GET / 200 in 38ms
[2025-05-23T18:50:15.958Z] Request: GET /
- User-Agent: Mozilla/5.0 (Macintosh; Intel Mac OS X 10_15_7) AppleWebKit/537.36 (KHTML, like Gecko) Chrome/136.0.0.0 Safari/537.36
- Referrer: null
- Host: localhost:3000
- IP: unknown
Development mode: Skipping authentication check
 GET / 200 in 90ms
[2025-05-23T18:50:16.091Z] Request: GET /.well-known/appspecific/com.chrome.devtools.json
- User-Agent: Mozilla/5.0 (Macintosh; Intel Mac OS X 10_15_7) AppleWebKit/537.36 (KHTML, like Gecko) Chrome/136.0.0.0 Safari/537.36
- Referrer: null
- Host: localhost:3000
- IP: unknown
Development mode: Skipping authentication check
 GET /.well-known/appspecific/com.chrome.devtools.json 404 in 28ms
[2025-05-23T18:50:16.461Z] Request: HEAD /fonts/IBMPlexMono-Medium.woff2
- User-Agent: Mozilla/5.0 (Macintosh; Intel Mac OS X 10_15_7) AppleWebKit/537.36 (KHTML, like Gecko) Chrome/136.0.0.0 Safari/537.36
- Referrer: http://localhost:3000/
- Host: localhost:3000
- IP: unknown
[2025-05-23T18:50:16.462Z] Request: HEAD /fonts/IBMPlexMono-Bold.woff2
- User-Agent: Mozilla/5.0 (Macintosh; Intel Mac OS X 10_15_7) AppleWebKit/537.36 (KHTML, like Gecko) Chrome/136.0.0.0 Safari/537.36
- Referrer: http://localhost:3000/
- Host: localhost:3000
- IP: unknown
[2025-05-23T18:50:16.462Z] Request: HEAD /fonts/Share_Tech_Mono.woff
- User-Agent: Mozilla/5.0 (Macintosh; Intel Mac OS X 10_15_7) AppleWebKit/537.36 (KHTML, like Gecko) Chrome/136.0.0.0 Safari/537.36
- Referrer: http://localhost:3000/
- Host: localhost:3000
- IP: unknown
[2025-05-23T18:50:16.462Z] Request: HEAD /fonts/JetBrainsMono-Regular.woff2
- User-Agent: Mozilla/5.0 (Macintosh; Intel Mac OS X 10_15_7) AppleWebKit/537.36 (KHTML, like Gecko) Chrome/136.0.0.0 Safari/537.36
- Referrer: http://localhost:3000/
- Host: localhost:3000
- IP: unknown
[2025-05-23T18:50:16.462Z] Request: HEAD /fonts/IBMPlexMono-Medium.woff2
- User-Agent: Mozilla/5.0 (Macintosh; Intel Mac OS X 10_15_7) AppleWebKit/537.36 (KHTML, like Gecko) Chrome/136.0.0.0 Safari/537.36
- Referrer: http://localhost:3000/
- Host: localhost:3000
- IP: unknown
[2025-05-23T18:50:16.469Z] Request: HEAD /fonts/IBMPlexMono-Bold.woff2
- User-Agent: Mozilla/5.0 (Macintosh; Intel Mac OS X 10_15_7) AppleWebKit/537.36 (KHTML, like Gecko) Chrome/136.0.0.0 Safari/537.36
- Referrer: http://localhost:3000/
- Host: localhost:3000
- IP: unknown
[2025-05-23T18:50:16.479Z] Request: HEAD /fonts/JetBrainsMono-Regular.woff2
- User-Agent: Mozilla/5.0 (Macintosh; Intel Mac OS X 10_15_7) AppleWebKit/537.36 (KHTML, like Gecko) Chrome/136.0.0.0 Safari/537.36
- Referrer: http://localhost:3000/
- Host: localhost:3000
- IP: unknown
[2025-05-23T18:50:16.479Z] Request: HEAD /fonts/Share_Tech_Mono.woff
- User-Agent: Mozilla/5.0 (Macintosh; Intel Mac OS X 10_15_7) AppleWebKit/537.36 (KHTML, like Gecko) Chrome/136.0.0.0 Safari/537.36
- Referrer: http://localhost:3000/
- Host: localhost:3000
- IP: unknown
[2025-05-23T18:50:16.479Z] Request: GET /fonts/IBMPlexMono-Regular.woff2
- User-Agent: Mozilla/5.0 (Macintosh; Intel Mac OS X 10_15_7) AppleWebKit/537.36 (KHTML, like Gecko) Chrome/136.0.0.0 Safari/537.36
- Referrer: http://localhost:3000/
- Host: localhost:3000
- IP: unknown
[2025-05-23T18:50:16.479Z] Request: GET /fonts/Px437_IBM_VGA_8x16.woff
- User-Agent: Mozilla/5.0 (Macintosh; Intel Mac OS X 10_15_7) AppleWebKit/537.36 (KHTML, like Gecko) Chrome/136.0.0.0 Safari/537.36
- Referrer: http://localhost:3000/
- Host: localhost:3000
- IP: unknown
[2025-05-23T18:50:16.479Z] Request: GET /fonts/IBMPlexMono-Regular.woff2
- User-Agent: Mozilla/5.0 (Macintosh; Intel Mac OS X 10_15_7) AppleWebKit/537.36 (KHTML, like Gecko) Chrome/136.0.0.0 Safari/537.36
- Referrer: http://localhost:3000/
- Host: localhost:3000
- IP: unknown
[2025-05-23T18:50:16.486Z] Request: GET /fonts/Px437_IBM_VGA_8x16.woff
- User-Agent: Mozilla/5.0 (Macintosh; Intel Mac OS X 10_15_7) AppleWebKit/537.36 (KHTML, like Gecko) Chrome/136.0.0.0 Safari/537.36
- Referrer: http://localhost:3000/
- Host: localhost:3000
- IP: unknown
[2025-05-23T18:50:16.490Z] Request: GET /fonts/IBMPlexMono-Medium.woff2
- User-Agent: Mozilla/5.0 (Macintosh; Intel Mac OS X 10_15_7) AppleWebKit/537.36 (KHTML, like Gecko) Chrome/136.0.0.0 Safari/537.36
- Referrer: http://localhost:3000/
- Host: localhost:3000
- IP: unknown
[2025-05-23T18:50:16.491Z] Request: GET /fonts/IBMPlexMono-Bold.woff2
- User-Agent: Mozilla/5.0 (Macintosh; Intel Mac OS X 10_15_7) AppleWebKit/537.36 (KHTML, like Gecko) Chrome/136.0.0.0 Safari/537.36
- Referrer: http://localhost:3000/
- Host: localhost:3000
- IP: unknown
[2025-05-23T18:50:16.493Z] Request: GET /fonts/Share_Tech_Mono.woff
- User-Agent: Mozilla/5.0 (Macintosh; Intel Mac OS X 10_15_7) AppleWebKit/537.36 (KHTML, like Gecko) Chrome/136.0.0.0 Safari/537.36
- Referrer: http://localhost:3000/
- Host: localhost:3000
- IP: unknown
[2025-05-23T18:50:16.493Z] Request: GET /fonts/JetBrainsMono-Regular.woff2
- User-Agent: Mozilla/5.0 (Macintosh; Intel Mac OS X 10_15_7) AppleWebKit/537.36 (KHTML, like Gecko) Chrome/136.0.0.0 Safari/537.36
- Referrer: http://localhost:3000/
- Host: localhost:3000
- IP: unknown
[2025-05-23T18:50:16.494Z] Request: GET /fonts/IBMPlexMono-Medium.woff2
- User-Agent: Mozilla/5.0 (Macintosh; Intel Mac OS X 10_15_7) AppleWebKit/537.36 (KHTML, like Gecko) Chrome/136.0.0.0 Safari/537.36
- Referrer: http://localhost:3000/
- Host: localhost:3000
- IP: unknown
[2025-05-23T18:50:16.517Z] Request: GET /fonts/IBMPlexMono-Bold.woff2
- User-Agent: Mozilla/5.0 (Macintosh; Intel Mac OS X 10_15_7) AppleWebKit/537.36 (KHTML, like Gecko) Chrome/136.0.0.0 Safari/537.36
- Referrer: http://localhost:3000/
- Host: localhost:3000
- IP: unknown
[2025-05-23T18:50:16.520Z] Request: GET /fonts/Share_Tech_Mono.woff
- User-Agent: Mozilla/5.0 (Macintosh; Intel Mac OS X 10_15_7) AppleWebKit/537.36 (KHTML, like Gecko) Chrome/136.0.0.0 Safari/537.36
- Referrer: http://localhost:3000/
- Host: localhost:3000
- IP: unknown
[2025-05-23T18:50:16.520Z] Request: GET /fonts/JetBrainsMono-Regular.woff2
- User-Agent: Mozilla/5.0 (Macintosh; Intel Mac OS X 10_15_7) AppleWebKit/537.36 (KHTML, like Gecko) Chrome/136.0.0.0 Safari/537.36
- Referrer: http://localhost:3000/
- Host: localhost:3000
- IP: unknown
[2025-05-23T18:50:17.459Z] Request: GET /
- User-Agent: Mozilla/5.0 (Macintosh; Intel Mac OS X 10_15_7) AppleWebKit/537.36 (KHTML, like Gecko) Chrome/136.0.0.0 Safari/537.36
- Referrer: null
- Host: localhost:3000
- IP: unknown
Development mode: Skipping authentication check
 GET / 200 in 36ms
[2025-05-23T18:50:17.527Z] Request: GET /.well-known/appspecific/com.chrome.devtools.json
- User-Agent: Mozilla/5.0 (Macintosh; Intel Mac OS X 10_15_7) AppleWebKit/537.36 (KHTML, like Gecko) Chrome/136.0.0.0 Safari/537.36
- Referrer: null
- Host: localhost:3000
- IP: unknown
Development mode: Skipping authentication check
 GET /.well-known/appspecific/com.chrome.devtools.json 404 in 23ms
[2025-05-23T18:50:17.891Z] Request: HEAD /fonts/IBMPlexMono-Medium.woff2
- User-Agent: Mozilla/5.0 (Macintosh; Intel Mac OS X 10_15_7) AppleWebKit/537.36 (KHTML, like Gecko) Chrome/136.0.0.0 Safari/537.36
- Referrer: http://localhost:3000/
- Host: localhost:3000
- IP: unknown
[2025-05-23T18:50:17.891Z] Request: HEAD /fonts/IBMPlexMono-Bold.woff2
- User-Agent: Mozilla/5.0 (Macintosh; Intel Mac OS X 10_15_7) AppleWebKit/537.36 (KHTML, like Gecko) Chrome/136.0.0.0 Safari/537.36
- Referrer: http://localhost:3000/
- Host: localhost:3000
- IP: unknown
[2025-05-23T18:50:17.892Z] Request: HEAD /fonts/JetBrainsMono-Regular.woff2
- User-Agent: Mozilla/5.0 (Macintosh; Intel Mac OS X 10_15_7) AppleWebKit/537.36 (KHTML, like Gecko) Chrome/136.0.0.0 Safari/537.36
- Referrer: http://localhost:3000/
- Host: localhost:3000
- IP: unknown
[2025-05-23T18:50:17.892Z] Request: HEAD /fonts/Share_Tech_Mono.woff
- User-Agent: Mozilla/5.0 (Macintosh; Intel Mac OS X 10_15_7) AppleWebKit/537.36 (KHTML, like Gecko) Chrome/136.0.0.0 Safari/537.36
- Referrer: http://localhost:3000/
- Host: localhost:3000
- IP: unknown
[2025-05-23T18:50:17.892Z] Request: HEAD /fonts/IBMPlexMono-Medium.woff2
- User-Agent: Mozilla/5.0 (Macintosh; Intel Mac OS X 10_15_7) AppleWebKit/537.36 (KHTML, like Gecko) Chrome/136.0.0.0 Safari/537.36
- Referrer: http://localhost:3000/
- Host: localhost:3000
- IP: unknown
[2025-05-23T18:50:17.899Z] Request: HEAD /fonts/IBMPlexMono-Bold.woff2
- User-Agent: Mozilla/5.0 (Macintosh; Intel Mac OS X 10_15_7) AppleWebKit/537.36 (KHTML, like Gecko) Chrome/136.0.0.0 Safari/537.36
- Referrer: http://localhost:3000/
- Host: localhost:3000
- IP: unknown
[2025-05-23T18:50:17.909Z] Request: HEAD /fonts/JetBrainsMono-Regular.woff2
- User-Agent: Mozilla/5.0 (Macintosh; Intel Mac OS X 10_15_7) AppleWebKit/537.36 (KHTML, like Gecko) Chrome/136.0.0.0 Safari/537.36
- Referrer: http://localhost:3000/
- Host: localhost:3000
- IP: unknown
[2025-05-23T18:50:17.909Z] Request: HEAD /fonts/Share_Tech_Mono.woff
- User-Agent: Mozilla/5.0 (Macintosh; Intel Mac OS X 10_15_7) AppleWebKit/537.36 (KHTML, like Gecko) Chrome/136.0.0.0 Safari/537.36
- Referrer: http://localhost:3000/
- Host: localhost:3000
- IP: unknown
[2025-05-23T18:50:17.909Z] Request: GET /fonts/IBMPlexMono-Regular.woff2
- User-Agent: Mozilla/5.0 (Macintosh; Intel Mac OS X 10_15_7) AppleWebKit/537.36 (KHTML, like Gecko) Chrome/136.0.0.0 Safari/537.36
- Referrer: http://localhost:3000/
- Host: localhost:3000
- IP: unknown
[2025-05-23T18:50:17.909Z] Request: GET /fonts/Px437_IBM_VGA_8x16.woff
- User-Agent: Mozilla/5.0 (Macintosh; Intel Mac OS X 10_15_7) AppleWebKit/537.36 (KHTML, like Gecko) Chrome/136.0.0.0 Safari/537.36
- Referrer: http://localhost:3000/
- Host: localhost:3000
- IP: unknown
[2025-05-23T18:50:17.909Z] Request: GET /fonts/IBMPlexMono-Regular.woff2
- User-Agent: Mozilla/5.0 (Macintosh; Intel Mac OS X 10_15_7) AppleWebKit/537.36 (KHTML, like Gecko) Chrome/136.0.0.0 Safari/537.36
- Referrer: http://localhost:3000/
- Host: localhost:3000
- IP: unknown
[2025-05-23T18:50:17.916Z] Request: GET /fonts/Px437_IBM_VGA_8x16.woff
- User-Agent: Mozilla/5.0 (Macintosh; Intel Mac OS X 10_15_7) AppleWebKit/537.36 (KHTML, like Gecko) Chrome/136.0.0.0 Safari/537.36
- Referrer: http://localhost:3000/
- Host: localhost:3000
- IP: unknown
[2025-05-23T18:50:17.918Z] Request: GET /fonts/IBMPlexMono-Medium.woff2
- User-Agent: Mozilla/5.0 (Macintosh; Intel Mac OS X 10_15_7) AppleWebKit/537.36 (KHTML, like Gecko) Chrome/136.0.0.0 Safari/537.36
- Referrer: http://localhost:3000/
- Host: localhost:3000
- IP: unknown
[2025-05-23T18:50:17.919Z] Request: GET /fonts/JetBrainsMono-Regular.woff2
- User-Agent: Mozilla/5.0 (Macintosh; Intel Mac OS X 10_15_7) AppleWebKit/537.36 (KHTML, like Gecko) Chrome/136.0.0.0 Safari/537.36
- Referrer: http://localhost:3000/
- Host: localhost:3000
- IP: unknown
[2025-05-23T18:50:17.919Z] Request: GET /fonts/IBMPlexMono-Bold.woff2
- User-Agent: Mozilla/5.0 (Macintosh; Intel Mac OS X 10_15_7) AppleWebKit/537.36 (KHTML, like Gecko) Chrome/136.0.0.0 Safari/537.36
- Referrer: http://localhost:3000/
- Host: localhost:3000
- IP: unknown
[2025-05-23T18:50:17.919Z] Request: GET /fonts/Share_Tech_Mono.woff
- User-Agent: Mozilla/5.0 (Macintosh; Intel Mac OS X 10_15_7) AppleWebKit/537.36 (KHTML, like Gecko) Chrome/136.0.0.0 Safari/537.36
- Referrer: http://localhost:3000/
- Host: localhost:3000
- IP: unknown
[2025-05-23T18:50:17.919Z] Request: GET /fonts/IBMPlexMono-Medium.woff2
- User-Agent: Mozilla/5.0 (Macintosh; Intel Mac OS X 10_15_7) AppleWebKit/537.36 (KHTML, like Gecko) Chrome/136.0.0.0 Safari/537.36
- Referrer: http://localhost:3000/
- Host: localhost:3000
- IP: unknown
[2025-05-23T18:50:17.925Z] Request: GET /fonts/IBMPlexMono-Bold.woff2
- User-Agent: Mozilla/5.0 (Macintosh; Intel Mac OS X 10_15_7) AppleWebKit/537.36 (KHTML, like Gecko) Chrome/136.0.0.0 Safari/537.36
- Referrer: http://localhost:3000/
- Host: localhost:3000
- IP: unknown
[2025-05-23T18:50:17.926Z] Request: GET /fonts/JetBrainsMono-Regular.woff2
- User-Agent: Mozilla/5.0 (Macintosh; Intel Mac OS X 10_15_7) AppleWebKit/537.36 (KHTML, like Gecko) Chrome/136.0.0.0 Safari/537.36
- Referrer: http://localhost:3000/
- Host: localhost:3000
- IP: unknown
[2025-05-23T18:50:17.926Z] Request: GET /fonts/Share_Tech_Mono.woff
- User-Agent: Mozilla/5.0 (Macintosh; Intel Mac OS X 10_15_7) AppleWebKit/537.36 (KHTML, like Gecko) Chrome/136.0.0.0 Safari/537.36
- Referrer: http://localhost:3000/
- Host: localhost:3000
- IP: unknown
 ✓ Compiled in 658ms (1141 modules)
[2025-05-23T18:52:11.242Z] Request: GET /
- User-Agent: Mozilla/5.0 (Macintosh; Intel Mac OS X 10_15_7) AppleWebKit/537.36 (KHTML, like Gecko) Chrome/136.0.0.0 Safari/537.36
- Referrer: http://localhost:3000/
- Host: localhost:3000
- IP: unknown
Development mode: Skipping authentication check
 GET / 200 in 56ms
[2025-05-23T18:52:40.463Z] Request: GET /
- User-Agent: Mozilla/5.0 (Macintosh; Intel Mac OS X 10_15_7) AppleWebKit/537.36 (KHTML, like Gecko) Chrome/136.0.0.0 Safari/537.36
- Referrer: null
- Host: localhost:3000
- IP: unknown
Development mode: Skipping authentication check
 GET / 200 in 89ms
[2025-05-23T18:52:40.585Z] Request: GET /.well-known/appspecific/com.chrome.devtools.json
- User-Agent: Mozilla/5.0 (Macintosh; Intel Mac OS X 10_15_7) AppleWebKit/537.36 (KHTML, like Gecko) Chrome/136.0.0.0 Safari/537.36
- Referrer: null
- Host: localhost:3000
- IP: unknown
Development mode: Skipping authentication check
 ✓ Compiled /_not-found in 178ms (1118 modules)
 GET /.well-known/appspecific/com.chrome.devtools.json 404 in 223ms
[2025-05-23T18:52:41.178Z] Request: HEAD /fonts/IBMPlexMono-Bold.woff2
- User-Agent: Mozilla/5.0 (Macintosh; Intel Mac OS X 10_15_7) AppleWebKit/537.36 (KHTML, like Gecko) Chrome/136.0.0.0 Safari/537.36
- Referrer: http://localhost:3000/
- Host: localhost:3000
- IP: unknown
[2025-05-23T18:52:41.178Z] Request: HEAD /fonts/JetBrainsMono-Regular.woff2
- User-Agent: Mozilla/5.0 (Macintosh; Intel Mac OS X 10_15_7) AppleWebKit/537.36 (KHTML, like Gecko) Chrome/136.0.0.0 Safari/537.36
- Referrer: http://localhost:3000/
- Host: localhost:3000
- IP: unknown
[2025-05-23T18:52:41.178Z] Request: HEAD /fonts/IBMPlexMono-Medium.woff2
- User-Agent: Mozilla/5.0 (Macintosh; Intel Mac OS X 10_15_7) AppleWebKit/537.36 (KHTML, like Gecko) Chrome/136.0.0.0 Safari/537.36
- Referrer: http://localhost:3000/
- Host: localhost:3000
- IP: unknown
[2025-05-23T18:52:41.178Z] Request: HEAD /fonts/Share_Tech_Mono.woff
- User-Agent: Mozilla/5.0 (Macintosh; Intel Mac OS X 10_15_7) AppleWebKit/537.36 (KHTML, like Gecko) Chrome/136.0.0.0 Safari/537.36
- Referrer: http://localhost:3000/
- Host: localhost:3000
- IP: unknown
[2025-05-23T18:52:41.178Z] Request: HEAD /fonts/IBMPlexMono-Medium.woff2
- User-Agent: Mozilla/5.0 (Macintosh; Intel Mac OS X 10_15_7) AppleWebKit/537.36 (KHTML, like Gecko) Chrome/136.0.0.0 Safari/537.36
- Referrer: http://localhost:3000/
- Host: localhost:3000
- IP: unknown
[2025-05-23T18:52:41.179Z] Request: HEAD /fonts/IBMPlexMono-Bold.woff2
- User-Agent: Mozilla/5.0 (Macintosh; Intel Mac OS X 10_15_7) AppleWebKit/537.36 (KHTML, like Gecko) Chrome/136.0.0.0 Safari/537.36
- Referrer: http://localhost:3000/
- Host: localhost:3000
- IP: unknown
[2025-05-23T18:52:41.190Z] Request: HEAD /fonts/JetBrainsMono-Regular.woff2
- User-Agent: Mozilla/5.0 (Macintosh; Intel Mac OS X 10_15_7) AppleWebKit/537.36 (KHTML, like Gecko) Chrome/136.0.0.0 Safari/537.36
- Referrer: http://localhost:3000/
- Host: localhost:3000
- IP: unknown
[2025-05-23T18:52:41.190Z] Request: HEAD /fonts/Share_Tech_Mono.woff
- User-Agent: Mozilla/5.0 (Macintosh; Intel Mac OS X 10_15_7) AppleWebKit/537.36 (KHTML, like Gecko) Chrome/136.0.0.0 Safari/537.36
- Referrer: http://localhost:3000/
- Host: localhost:3000
- IP: unknown
[2025-05-23T18:52:41.190Z] Request: GET /fonts/IBMPlexMono-Regular.woff2
- User-Agent: Mozilla/5.0 (Macintosh; Intel Mac OS X 10_15_7) AppleWebKit/537.36 (KHTML, like Gecko) Chrome/136.0.0.0 Safari/537.36
- Referrer: http://localhost:3000/
- Host: localhost:3000
- IP: unknown
[2025-05-23T18:52:41.190Z] Request: GET /fonts/Px437_IBM_VGA_8x16.woff
- User-Agent: Mozilla/5.0 (Macintosh; Intel Mac OS X 10_15_7) AppleWebKit/537.36 (KHTML, like Gecko) Chrome/136.0.0.0 Safari/537.36
- Referrer: http://localhost:3000/
- Host: localhost:3000
- IP: unknown
[2025-05-23T18:52:41.190Z] Request: GET /fonts/IBMPlexMono-Regular.woff2
- User-Agent: Mozilla/5.0 (Macintosh; Intel Mac OS X 10_15_7) AppleWebKit/537.36 (KHTML, like Gecko) Chrome/136.0.0.0 Safari/537.36
- Referrer: http://localhost:3000/
- Host: localhost:3000
- IP: unknown
[2025-05-23T18:52:41.199Z] Request: GET /fonts/IBMPlexMono-Bold.woff2
- User-Agent: Mozilla/5.0 (Macintosh; Intel Mac OS X 10_15_7) AppleWebKit/537.36 (KHTML, like Gecko) Chrome/136.0.0.0 Safari/537.36
- Referrer: http://localhost:3000/
- Host: localhost:3000
- IP: unknown
[2025-05-23T18:52:41.200Z] Request: GET /fonts/JetBrainsMono-Regular.woff2
- User-Agent: Mozilla/5.0 (Macintosh; Intel Mac OS X 10_15_7) AppleWebKit/537.36 (KHTML, like Gecko) Chrome/136.0.0.0 Safari/537.36
- Referrer: http://localhost:3000/
- Host: localhost:3000
- IP: unknown
[2025-05-23T18:52:41.216Z] Request: GET /fonts/IBMPlexMono-Medium.woff2
- User-Agent: Mozilla/5.0 (Macintosh; Intel Mac OS X 10_15_7) AppleWebKit/537.36 (KHTML, like Gecko) Chrome/136.0.0.0 Safari/537.36
- Referrer: http://localhost:3000/
- Host: localhost:3000
- IP: unknown
[2025-05-23T18:52:41.216Z] Request: GET /fonts/JetBrainsMono-Regular.woff2
- User-Agent: Mozilla/5.0 (Macintosh; Intel Mac OS X 10_15_7) AppleWebKit/537.36 (KHTML, like Gecko) Chrome/136.0.0.0 Safari/537.36
- Referrer: http://localhost:3000/
- Host: localhost:3000
- IP: unknown
[2025-05-23T18:52:41.216Z] Request: GET /fonts/IBMPlexMono-Bold.woff2
- User-Agent: Mozilla/5.0 (Macintosh; Intel Mac OS X 10_15_7) AppleWebKit/537.36 (KHTML, like Gecko) Chrome/136.0.0.0 Safari/537.36
- Referrer: http://localhost:3000/
- Host: localhost:3000
- IP: unknown
[2025-05-23T18:52:41.216Z] Request: GET /fonts/Share_Tech_Mono.woff
- User-Agent: Mozilla/5.0 (Macintosh; Intel Mac OS X 10_15_7) AppleWebKit/537.36 (KHTML, like Gecko) Chrome/136.0.0.0 Safari/537.36
- Referrer: http://localhost:3000/
- Host: localhost:3000
- IP: unknown
[2025-05-23T18:52:41.230Z] Request: GET /fonts/Share_Tech_Mono.woff
- User-Agent: Mozilla/5.0 (Macintosh; Intel Mac OS X 10_15_7) AppleWebKit/537.36 (KHTML, like Gecko) Chrome/136.0.0.0 Safari/537.36
- Referrer: http://localhost:3000/
- Host: localhost:3000
- IP: unknown
 ✓ Compiled in 1013ms (1143 modules)
[2025-05-23T18:55:28.654Z] Request: GET /
- User-Agent: Mozilla/5.0 (Macintosh; Intel Mac OS X 10_15_7) AppleWebKit/537.36 (KHTML, like Gecko) Chrome/136.0.0.0 Safari/537.36
- Referrer: http://localhost:3000/
- Host: localhost:3000
- IP: unknown
Development mode: Skipping authentication check
 GET / 200 in 54ms
[2025-05-23T19:00:53.205Z] Request: GET /terminal
- User-Agent: curl/8.7.1
- Referrer: null
- Host: localhost:3000
- IP: unknown
Development mode: Skipping authentication check
 ○ Compiling /terminal ...
 ✓ Compiled /terminal in 615ms (1126 modules)
 GET /terminal 200 in 682ms
[2025-05-23T19:01:22.235Z] Request: GET /terminal
- User-Agent: Mozilla/5.0 (Macintosh; Intel Mac OS X 10_15_7) AppleWebKit/537.36 (KHTML, like Gecko) HeadlessChrome/136.0.0.0 Safari/537.36
- Referrer: null
- Host: localhost:3000
- IP: unknown
Development mode: Skipping authentication check
 GET /terminal 200 in 15ms
[2025-05-23T19:01:22.268Z] Request: GET /fonts/Px437_IBM_VGA_8x16.woff
- User-Agent: Mozilla/5.0 (Macintosh; Intel Mac OS X 10_15_7) AppleWebKit/537.36 (KHTML, like Gecko) HeadlessChrome/136.0.0.0 Safari/537.36
- Referrer: http://localhost:3000/terminal
- Host: localhost:3000
- IP: unknown
[2025-05-23T19:01:22.268Z] Request: GET /fonts/JetBrainsMono-Regular.woff2
- User-Agent: Mozilla/5.0 (Macintosh; Intel Mac OS X 10_15_7) AppleWebKit/537.36 (KHTML, like Gecko) HeadlessChrome/136.0.0.0 Safari/537.36
- Referrer: http://localhost:3000/terminal
- Host: localhost:3000
- IP: unknown
[2025-05-23T19:01:22.268Z] Request: GET /fonts/Share_Tech_Mono.woff
- User-Agent: Mozilla/5.0 (Macintosh; Intel Mac OS X 10_15_7) AppleWebKit/537.36 (KHTML, like Gecko) HeadlessChrome/136.0.0.0 Safari/537.36
- Referrer: http://localhost:3000/terminal
- Host: localhost:3000
- IP: unknown
[2025-05-23T19:01:22.623Z] Request: HEAD /fonts/IBMPlexMono-Regular.woff2
- User-Agent: Mozilla/5.0 (Macintosh; Intel Mac OS X 10_15_7) AppleWebKit/537.36 (KHTML, like Gecko) HeadlessChrome/136.0.0.0 Safari/537.36
- Referrer: http://localhost:3000/terminal
- Host: localhost:3000
- IP: unknown
[2025-05-23T19:01:22.624Z] Request: HEAD /fonts/IBMPlexMono-Medium.woff2
- User-Agent: Mozilla/5.0 (Macintosh; Intel Mac OS X 10_15_7) AppleWebKit/537.36 (KHTML, like Gecko) HeadlessChrome/136.0.0.0 Safari/537.36
- Referrer: http://localhost:3000/terminal
- Host: localhost:3000
- IP: unknown
[2025-05-23T19:01:22.624Z] Request: HEAD /fonts/IBMPlexMono-Bold.woff2
- User-Agent: Mozilla/5.0 (Macintosh; Intel Mac OS X 10_15_7) AppleWebKit/537.36 (KHTML, like Gecko) HeadlessChrome/136.0.0.0 Safari/537.36
- Referrer: http://localhost:3000/terminal
- Host: localhost:3000
- IP: unknown
[2025-05-23T19:01:22.624Z] Request: HEAD /fonts/JetBrainsMono-Regular.woff2
- User-Agent: Mozilla/5.0 (Macintosh; Intel Mac OS X 10_15_7) AppleWebKit/537.36 (KHTML, like Gecko) HeadlessChrome/136.0.0.0 Safari/537.36
- Referrer: http://localhost:3000/terminal
- Host: localhost:3000
- IP: unknown
[2025-05-23T19:01:22.624Z] Request: HEAD /fonts/Px437_IBM_VGA_8x16.woff
- User-Agent: Mozilla/5.0 (Macintosh; Intel Mac OS X 10_15_7) AppleWebKit/537.36 (KHTML, like Gecko) HeadlessChrome/136.0.0.0 Safari/537.36
- Referrer: http://localhost:3000/terminal
- Host: localhost:3000
- IP: unknown
[2025-05-23T19:01:22.702Z] Request: HEAD /fonts/Share_Tech_Mono.woff
- User-Agent: Mozilla/5.0 (Macintosh; Intel Mac OS X 10_15_7) AppleWebKit/537.36 (KHTML, like Gecko) HeadlessChrome/136.0.0.0 Safari/537.36
- Referrer: http://localhost:3000/terminal
- Host: localhost:3000
- IP: unknown
[2025-05-23T19:01:22.702Z] Request: HEAD /fonts/IBMPlexMono-Regular.woff2
- User-Agent: Mozilla/5.0 (Macintosh; Intel Mac OS X 10_15_7) AppleWebKit/537.36 (KHTML, like Gecko) HeadlessChrome/136.0.0.0 Safari/537.36
- Referrer: http://localhost:3000/terminal
- Host: localhost:3000
- IP: unknown
[2025-05-23T19:01:22.702Z] Request: HEAD /fonts/IBMPlexMono-Bold.woff2
- User-Agent: Mozilla/5.0 (Macintosh; Intel Mac OS X 10_15_7) AppleWebKit/537.36 (KHTML, like Gecko) HeadlessChrome/136.0.0.0 Safari/537.36
- Referrer: http://localhost:3000/terminal
- Host: localhost:3000
- IP: unknown
[2025-05-23T19:01:22.702Z] Request: HEAD /fonts/IBMPlexMono-Medium.woff2
- User-Agent: Mozilla/5.0 (Macintosh; Intel Mac OS X 10_15_7) AppleWebKit/537.36 (KHTML, like Gecko) HeadlessChrome/136.0.0.0 Safari/537.36
- Referrer: http://localhost:3000/terminal
- Host: localhost:3000
- IP: unknown
[2025-05-23T19:01:22.702Z] Request: GET /fonts/IBMPlexMono-Regular.woff2
- User-Agent: Mozilla/5.0 (Macintosh; Intel Mac OS X 10_15_7) AppleWebKit/537.36 (KHTML, like Gecko) HeadlessChrome/136.0.0.0 Safari/537.36
- Referrer: http://localhost:3000/terminal
- Host: localhost:3000
- IP: unknown
[2025-05-23T19:01:22.715Z] Request: GET /fonts/IBMPlexMono-Medium.woff2
- User-Agent: Mozilla/5.0 (Macintosh; Intel Mac OS X 10_15_7) AppleWebKit/537.36 (KHTML, like Gecko) HeadlessChrome/136.0.0.0 Safari/537.36
- Referrer: http://localhost:3000/terminal
- Host: localhost:3000
- IP: unknown
[2025-05-23T19:01:22.715Z] Request: GET /fonts/IBMPlexMono-Bold.woff2
- User-Agent: Mozilla/5.0 (Macintosh; Intel Mac OS X 10_15_7) AppleWebKit/537.36 (KHTML, like Gecko) HeadlessChrome/136.0.0.0 Safari/537.36
- Referrer: http://localhost:3000/terminal
- Host: localhost:3000
- IP: unknown
[2025-05-23T19:01:22.715Z] Request: GET /fonts/Px437_IBM_VGA_8x16.woff
- User-Agent: Mozilla/5.0 (Macintosh; Intel Mac OS X 10_15_7) AppleWebKit/537.36 (KHTML, like Gecko) HeadlessChrome/136.0.0.0 Safari/537.36
- Referrer: http://localhost:3000/terminal
- Host: localhost:3000
- IP: unknown
[2025-05-23T19:01:22.715Z] Request: GET /fonts/JetBrainsMono-Regular.woff2
- User-Agent: Mozilla/5.0 (Macintosh; Intel Mac OS X 10_15_7) AppleWebKit/537.36 (KHTML, like Gecko) HeadlessChrome/136.0.0.0 Safari/537.36
- Referrer: http://localhost:3000/terminal
- Host: localhost:3000
- IP: unknown
[2025-05-23T19:01:22.715Z] Request: GET /fonts/Share_Tech_Mono.woff
- User-Agent: Mozilla/5.0 (Macintosh; Intel Mac OS X 10_15_7) AppleWebKit/537.36 (KHTML, like Gecko) HeadlessChrome/136.0.0.0 Safari/537.36
- Referrer: http://localhost:3000/terminal
- Host: localhost:3000
- IP: unknown
 ✓ Compiled /favicon.ico in 216ms (632 modules)
[2025-05-23T19:01:22.762Z] Request: GET /fonts/IBMPlexMono-Bold.woff2
- User-Agent: Mozilla/5.0 (Macintosh; Intel Mac OS X 10_15_7) AppleWebKit/537.36 (KHTML, like Gecko) HeadlessChrome/136.0.0.0 Safari/537.36
- Referrer: http://localhost:3000/terminal
- Host: localhost:3000
- IP: unknown
[2025-05-23T19:01:22.763Z] Request: GET /fonts/IBMPlexMono-Medium.woff2
- User-Agent: Mozilla/5.0 (Macintosh; Intel Mac OS X 10_15_7) AppleWebKit/537.36 (KHTML, like Gecko) HeadlessChrome/136.0.0.0 Safari/537.36
- Referrer: http://localhost:3000/terminal
- Host: localhost:3000
- IP: unknown
[2025-05-23T19:01:22.763Z] Request: HEAD /fonts/JetBrainsMono-Regular.woff2
- User-Agent: Mozilla/5.0 (Macintosh; Intel Mac OS X 10_15_7) AppleWebKit/537.36 (KHTML, like Gecko) HeadlessChrome/136.0.0.0 Safari/537.36
- Referrer: http://localhost:3000/terminal
- Host: localhost:3000
- IP: unknown
[2025-05-23T19:01:22.763Z] Request: GET /fonts/IBMPlexMono-Regular.woff2
- User-Agent: Mozilla/5.0 (Macintosh; Intel Mac OS X 10_15_7) AppleWebKit/537.36 (KHTML, like Gecko) HeadlessChrome/136.0.0.0 Safari/537.36
- Referrer: http://localhost:3000/terminal
- Host: localhost:3000
- IP: unknown
[2025-05-23T19:01:22.763Z] Request: HEAD /fonts/Px437_IBM_VGA_8x16.woff
- User-Agent: Mozilla/5.0 (Macintosh; Intel Mac OS X 10_15_7) AppleWebKit/537.36 (KHTML, like Gecko) HeadlessChrome/136.0.0.0 Safari/537.36
- Referrer: http://localhost:3000/terminal
- Host: localhost:3000
- IP: unknown
 GET /favicon.ico 200 in 269ms
[2025-05-23T19:01:22.812Z] Request: HEAD /fonts/Share_Tech_Mono.woff
- User-Agent: Mozilla/5.0 (Macintosh; Intel Mac OS X 10_15_7) AppleWebKit/537.36 (KHTML, like Gecko) HeadlessChrome/136.0.0.0 Safari/537.36
- Referrer: http://localhost:3000/terminal
- Host: localhost:3000
- IP: unknown
[2025-05-23T19:01:22.813Z] Request: GET /fonts/JetBrainsMono-Regular.woff2
- User-Agent: Mozilla/5.0 (Macintosh; Intel Mac OS X 10_15_7) AppleWebKit/537.36 (KHTML, like Gecko) HeadlessChrome/136.0.0.0 Safari/537.36
- Referrer: http://localhost:3000/terminal
- Host: localhost:3000
- IP: unknown
[2025-05-23T19:01:22.814Z] Request: GET /fonts/Px437_IBM_VGA_8x16.woff
- User-Agent: Mozilla/5.0 (Macintosh; Intel Mac OS X 10_15_7) AppleWebKit/537.36 (KHTML, like Gecko) HeadlessChrome/136.0.0.0 Safari/537.36
- Referrer: http://localhost:3000/terminal
- Host: localhost:3000
- IP: unknown
[2025-05-23T19:01:22.819Z] Request: GET /fonts/Share_Tech_Mono.woff
- User-Agent: Mozilla/5.0 (Macintosh; Intel Mac OS X 10_15_7) AppleWebKit/537.36 (KHTML, like Gecko) HeadlessChrome/136.0.0.0 Safari/537.36
- Referrer: http://localhost:3000/terminal
- Host: localhost:3000
- IP: unknown
[2025-05-23T21:42:53.678Z] Request: GET /
- User-Agent: curl/8.7.1
- Referrer: null
- Host: localhost:3000
- IP: unknown
Development mode: Skipping authentication check
 GET / 200 in 394ms
[2025-05-23T21:44:18.839Z] Request: GET /
- User-Agent: Mozilla/5.0 (Macintosh; Intel Mac OS X 10_15_7) AppleWebKit/537.36 (KHTML, like Gecko) HeadlessChrome/136.0.0.0 Safari/537.36
- Referrer: null
- Host: localhost:3000
- IP: unknown
Development mode: Skipping authentication check
 GET / 200 in 33ms
[2025-05-23T21:44:18.885Z] Request: GET /fonts/JetBrainsMono-Regular.woff2
- User-Agent: Mozilla/5.0 (Macintosh; Intel Mac OS X 10_15_7) AppleWebKit/537.36 (KHTML, like Gecko) HeadlessChrome/136.0.0.0 Safari/537.36
- Referrer: http://localhost:3000/
- Host: localhost:3000
- IP: unknown
[2025-05-23T21:44:18.885Z] Request: GET /fonts/Px437_IBM_VGA_8x16.woff
- User-Agent: Mozilla/5.0 (Macintosh; Intel Mac OS X 10_15_7) AppleWebKit/537.36 (KHTML, like Gecko) HeadlessChrome/136.0.0.0 Safari/537.36
- Referrer: http://localhost:3000/
- Host: localhost:3000
- IP: unknown
[2025-05-23T21:44:18.885Z] Request: GET /fonts/Share_Tech_Mono.woff
- User-Agent: Mozilla/5.0 (Macintosh; Intel Mac OS X 10_15_7) AppleWebKit/537.36 (KHTML, like Gecko) HeadlessChrome/136.0.0.0 Safari/537.36
- Referrer: http://localhost:3000/
- Host: localhost:3000
- IP: unknown
 GET /favicon.ico 200 in 9ms
 GET /favicon.ico 200 in 4ms
[2025-05-23T21:44:19.205Z] Request: HEAD /fonts/IBMPlexMono-Regular.woff2
- User-Agent: Mozilla/5.0 (Macintosh; Intel Mac OS X 10_15_7) AppleWebKit/537.36 (KHTML, like Gecko) HeadlessChrome/136.0.0.0 Safari/537.36
- Referrer: http://localhost:3000/
- Host: localhost:3000
- IP: unknown
[2025-05-23T21:44:19.205Z] Request: HEAD /fonts/IBMPlexMono-Medium.woff2
- User-Agent: Mozilla/5.0 (Macintosh; Intel Mac OS X 10_15_7) AppleWebKit/537.36 (KHTML, like Gecko) HeadlessChrome/136.0.0.0 Safari/537.36
- Referrer: http://localhost:3000/
- Host: localhost:3000
- IP: unknown
[2025-05-23T21:44:19.205Z] Request: HEAD /fonts/IBMPlexMono-Bold.woff2
- User-Agent: Mozilla/5.0 (Macintosh; Intel Mac OS X 10_15_7) AppleWebKit/537.36 (KHTML, like Gecko) HeadlessChrome/136.0.0.0 Safari/537.36
- Referrer: http://localhost:3000/
- Host: localhost:3000
- IP: unknown
[2025-05-23T21:44:19.205Z] Request: HEAD /fonts/Share_Tech_Mono.woff
- User-Agent: Mozilla/5.0 (Macintosh; Intel Mac OS X 10_15_7) AppleWebKit/537.36 (KHTML, like Gecko) HeadlessChrome/136.0.0.0 Safari/537.36
- Referrer: http://localhost:3000/
- Host: localhost:3000
- IP: unknown
[2025-05-23T21:44:19.205Z] Request: HEAD /fonts/JetBrainsMono-Regular.woff2
- User-Agent: Mozilla/5.0 (Macintosh; Intel Mac OS X 10_15_7) AppleWebKit/537.36 (KHTML, like Gecko) HeadlessChrome/136.0.0.0 Safari/537.36
- Referrer: http://localhost:3000/
- Host: localhost:3000
- IP: unknown
[2025-05-23T21:44:19.205Z] Request: HEAD /fonts/Px437_IBM_VGA_8x16.woff
- User-Agent: Mozilla/5.0 (Macintosh; Intel Mac OS X 10_15_7) AppleWebKit/537.36 (KHTML, like Gecko) HeadlessChrome/136.0.0.0 Safari/537.36
- Referrer: http://localhost:3000/
- Host: localhost:3000
- IP: unknown
[2025-05-23T21:44:19.218Z] Request: HEAD /fonts/JetBrainsMono-Regular.woff2
- User-Agent: Mozilla/5.0 (Macintosh; Intel Mac OS X 10_15_7) AppleWebKit/537.36 (KHTML, like Gecko) HeadlessChrome/136.0.0.0 Safari/537.36
- Referrer: http://localhost:3000/
- Host: localhost:3000
- IP: unknown
[2025-05-23T21:44:19.219Z] Request: HEAD /fonts/IBMPlexMono-Regular.woff2
- User-Agent: Mozilla/5.0 (Macintosh; Intel Mac OS X 10_15_7) AppleWebKit/537.36 (KHTML, like Gecko) HeadlessChrome/136.0.0.0 Safari/537.36
- Referrer: http://localhost:3000/
- Host: localhost:3000
- IP: unknown
[2025-05-23T21:44:19.219Z] Request: HEAD /fonts/IBMPlexMono-Bold.woff2
- User-Agent: Mozilla/5.0 (Macintosh; Intel Mac OS X 10_15_7) AppleWebKit/537.36 (KHTML, like Gecko) HeadlessChrome/136.0.0.0 Safari/537.36
- Referrer: http://localhost:3000/
- Host: localhost:3000
- IP: unknown
[2025-05-23T21:44:19.219Z] Request: HEAD /fonts/Px437_IBM_VGA_8x16.woff
- User-Agent: Mozilla/5.0 (Macintosh; Intel Mac OS X 10_15_7) AppleWebKit/537.36 (KHTML, like Gecko) HeadlessChrome/136.0.0.0 Safari/537.36
- Referrer: http://localhost:3000/
- Host: localhost:3000
- IP: unknown
[2025-05-23T21:44:19.219Z] Request: HEAD /fonts/IBMPlexMono-Medium.woff2
- User-Agent: Mozilla/5.0 (Macintosh; Intel Mac OS X 10_15_7) AppleWebKit/537.36 (KHTML, like Gecko) HeadlessChrome/136.0.0.0 Safari/537.36
- Referrer: http://localhost:3000/
- Host: localhost:3000
- IP: unknown
[2025-05-23T21:44:19.219Z] Request: HEAD /fonts/Share_Tech_Mono.woff
- User-Agent: Mozilla/5.0 (Macintosh; Intel Mac OS X 10_15_7) AppleWebKit/537.36 (KHTML, like Gecko) HeadlessChrome/136.0.0.0 Safari/537.36
- Referrer: http://localhost:3000/
- Host: localhost:3000
- IP: unknown
[2025-05-23T21:44:19.228Z] Request: GET /fonts/Share_Tech_Mono.woff
- User-Agent: Mozilla/5.0 (Macintosh; Intel Mac OS X 10_15_7) AppleWebKit/537.36 (KHTML, like Gecko) HeadlessChrome/136.0.0.0 Safari/537.36
- Referrer: http://localhost:3000/
- Host: localhost:3000
- IP: unknown
[2025-05-23T21:44:19.229Z] Request: GET /fonts/IBMPlexMono-Medium.woff2
- User-Agent: Mozilla/5.0 (Macintosh; Intel Mac OS X 10_15_7) AppleWebKit/537.36 (KHTML, like Gecko) HeadlessChrome/136.0.0.0 Safari/537.36
- Referrer: http://localhost:3000/
- Host: localhost:3000
- IP: unknown
[2025-05-23T21:44:19.229Z] Request: GET /fonts/JetBrainsMono-Regular.woff2
- User-Agent: Mozilla/5.0 (Macintosh; Intel Mac OS X 10_15_7) AppleWebKit/537.36 (KHTML, like Gecko) HeadlessChrome/136.0.0.0 Safari/537.36
- Referrer: http://localhost:3000/
- Host: localhost:3000
- IP: unknown
[2025-05-23T21:44:19.229Z] Request: GET /fonts/IBMPlexMono-Regular.woff2
- User-Agent: Mozilla/5.0 (Macintosh; Intel Mac OS X 10_15_7) AppleWebKit/537.36 (KHTML, like Gecko) HeadlessChrome/136.0.0.0 Safari/537.36
- Referrer: http://localhost:3000/
- Host: localhost:3000
- IP: unknown
[2025-05-23T21:44:19.229Z] Request: GET /fonts/Px437_IBM_VGA_8x16.woff
- User-Agent: Mozilla/5.0 (Macintosh; Intel Mac OS X 10_15_7) AppleWebKit/537.36 (KHTML, like Gecko) HeadlessChrome/136.0.0.0 Safari/537.36
- Referrer: http://localhost:3000/
- Host: localhost:3000
- IP: unknown
[2025-05-23T21:44:19.229Z] Request: GET /fonts/IBMPlexMono-Bold.woff2
- User-Agent: Mozilla/5.0 (Macintosh; Intel Mac OS X 10_15_7) AppleWebKit/537.36 (KHTML, like Gecko) HeadlessChrome/136.0.0.0 Safari/537.36
- Referrer: http://localhost:3000/
- Host: localhost:3000
- IP: unknown
[2025-05-23T21:44:19.246Z] Request: GET /fonts/JetBrainsMono-Regular.woff2
- User-Agent: Mozilla/5.0 (Macintosh; Intel Mac OS X 10_15_7) AppleWebKit/537.36 (KHTML, like Gecko) HeadlessChrome/136.0.0.0 Safari/537.36
- Referrer: http://localhost:3000/
- Host: localhost:3000
- IP: unknown
[2025-05-23T21:44:19.246Z] Request: GET /fonts/IBMPlexMono-Bold.woff2
- User-Agent: Mozilla/5.0 (Macintosh; Intel Mac OS X 10_15_7) AppleWebKit/537.36 (KHTML, like Gecko) HeadlessChrome/136.0.0.0 Safari/537.36
- Referrer: http://localhost:3000/
- Host: localhost:3000
- IP: unknown
[2025-05-23T21:44:19.246Z] Request: GET /fonts/IBMPlexMono-Regular.woff2
- User-Agent: Mozilla/5.0 (Macintosh; Intel Mac OS X 10_15_7) AppleWebKit/537.36 (KHTML, like Gecko) HeadlessChrome/136.0.0.0 Safari/537.36
- Referrer: http://localhost:3000/
- Host: localhost:3000
- IP: unknown
[2025-05-23T21:44:19.246Z] Request: GET /fonts/IBMPlexMono-Medium.woff2
- User-Agent: Mozilla/5.0 (Macintosh; Intel Mac OS X 10_15_7) AppleWebKit/537.36 (KHTML, like Gecko) HeadlessChrome/136.0.0.0 Safari/537.36
- Referrer: http://localhost:3000/
- Host: localhost:3000
- IP: unknown
[2025-05-23T21:44:19.246Z] Request: GET /fonts/Px437_IBM_VGA_8x16.woff
- User-Agent: Mozilla/5.0 (Macintosh; Intel Mac OS X 10_15_7) AppleWebKit/537.36 (KHTML, like Gecko) HeadlessChrome/136.0.0.0 Safari/537.36
- Referrer: http://localhost:3000/
- Host: localhost:3000
- IP: unknown
[2025-05-23T21:44:19.246Z] Request: GET /fonts/Share_Tech_Mono.woff
- User-Agent: Mozilla/5.0 (Macintosh; Intel Mac OS X 10_15_7) AppleWebKit/537.36 (KHTML, like Gecko) HeadlessChrome/136.0.0.0 Safari/537.36
- Referrer: http://localhost:3000/
- Host: localhost:3000
- IP: unknown
 ✓ Compiled in 892ms (1145 modules)
[2025-05-23T21:45:37.903Z] Request: GET /
- User-Agent: Mozilla/5.0 (Macintosh; Intel Mac OS X 10_15_7) AppleWebKit/537.36 (KHTML, like Gecko) HeadlessChrome/136.0.0.0 Safari/537.36
- Referrer: null
- Host: localhost:3000
- IP: unknown
Development mode: Skipping authentication check
 GET / 200 in 185ms
[2025-05-23T21:45:38.099Z] Request: GET /fonts/JetBrainsMono-Regular.woff2
- User-Agent: Mozilla/5.0 (Macintosh; Intel Mac OS X 10_15_7) AppleWebKit/537.36 (KHTML, like Gecko) HeadlessChrome/136.0.0.0 Safari/537.36
- Referrer: http://localhost:3000/
- Host: localhost:3000
- IP: unknown
[2025-05-23T21:45:38.100Z] Request: GET /fonts/Px437_IBM_VGA_8x16.woff
- User-Agent: Mozilla/5.0 (Macintosh; Intel Mac OS X 10_15_7) AppleWebKit/537.36 (KHTML, like Gecko) HeadlessChrome/136.0.0.0 Safari/537.36
- Referrer: http://localhost:3000/
- Host: localhost:3000
- IP: unknown
[2025-05-23T21:45:38.100Z] Request: GET /fonts/Share_Tech_Mono.woff
- User-Agent: Mozilla/5.0 (Macintosh; Intel Mac OS X 10_15_7) AppleWebKit/537.36 (KHTML, like Gecko) HeadlessChrome/136.0.0.0 Safari/537.36
- Referrer: http://localhost:3000/
- Host: localhost:3000
- IP: unknown
[2025-05-23T21:45:38.427Z] Request: HEAD /fonts/IBMPlexMono-Regular.woff2
- User-Agent: Mozilla/5.0 (Macintosh; Intel Mac OS X 10_15_7) AppleWebKit/537.36 (KHTML, like Gecko) HeadlessChrome/136.0.0.0 Safari/537.36
- Referrer: http://localhost:3000/
- Host: localhost:3000
- IP: unknown
[2025-05-23T21:45:38.427Z] Request: HEAD /fonts/IBMPlexMono-Bold.woff2
- User-Agent: Mozilla/5.0 (Macintosh; Intel Mac OS X 10_15_7) AppleWebKit/537.36 (KHTML, like Gecko) HeadlessChrome/136.0.0.0 Safari/537.36
- Referrer: http://localhost:3000/
- Host: localhost:3000
- IP: unknown
[2025-05-23T21:45:38.427Z] Request: HEAD /fonts/JetBrainsMono-Regular.woff2
- User-Agent: Mozilla/5.0 (Macintosh; Intel Mac OS X 10_15_7) AppleWebKit/537.36 (KHTML, like Gecko) HeadlessChrome/136.0.0.0 Safari/537.36
- Referrer: http://localhost:3000/
- Host: localhost:3000
- IP: unknown
[2025-05-23T21:45:38.427Z] Request: HEAD /fonts/Px437_IBM_VGA_8x16.woff
- User-Agent: Mozilla/5.0 (Macintosh; Intel Mac OS X 10_15_7) AppleWebKit/537.36 (KHTML, like Gecko) HeadlessChrome/136.0.0.0 Safari/537.36
- Referrer: http://localhost:3000/
- Host: localhost:3000
- IP: unknown
[2025-05-23T21:45:38.427Z] Request: HEAD /fonts/IBMPlexMono-Medium.woff2
- User-Agent: Mozilla/5.0 (Macintosh; Intel Mac OS X 10_15_7) AppleWebKit/537.36 (KHTML, like Gecko) HeadlessChrome/136.0.0.0 Safari/537.36
- Referrer: http://localhost:3000/
- Host: localhost:3000
- IP: unknown
 ✓ Compiled /favicon.ico in 157ms (624 modules)
[2025-05-23T21:45:38.496Z] Request: HEAD /fonts/IBMPlexMono-Regular.woff2
- User-Agent: Mozilla/5.0 (Macintosh; Intel Mac OS X 10_15_7) AppleWebKit/537.36 (KHTML, like Gecko) HeadlessChrome/136.0.0.0 Safari/537.36
- Referrer: http://localhost:3000/
- Host: localhost:3000
- IP: unknown
[2025-05-23T21:45:38.496Z] Request: HEAD /fonts/Share_Tech_Mono.woff
- User-Agent: Mozilla/5.0 (Macintosh; Intel Mac OS X 10_15_7) AppleWebKit/537.36 (KHTML, like Gecko) HeadlessChrome/136.0.0.0 Safari/537.36
- Referrer: http://localhost:3000/
- Host: localhost:3000
- IP: unknown
[2025-05-23T21:45:38.496Z] Request: HEAD /fonts/IBMPlexMono-Medium.woff2
- User-Agent: Mozilla/5.0 (Macintosh; Intel Mac OS X 10_15_7) AppleWebKit/537.36 (KHTML, like Gecko) HeadlessChrome/136.0.0.0 Safari/537.36
- Referrer: http://localhost:3000/
- Host: localhost:3000
- IP: unknown
[2025-05-23T21:45:38.496Z] Request: HEAD /fonts/IBMPlexMono-Bold.woff2
- User-Agent: Mozilla/5.0 (Macintosh; Intel Mac OS X 10_15_7) AppleWebKit/537.36 (KHTML, like Gecko) HeadlessChrome/136.0.0.0 Safari/537.36
- Referrer: http://localhost:3000/
- Host: localhost:3000
- IP: unknown
[2025-05-23T21:45:38.497Z] Request: HEAD /fonts/JetBrainsMono-Regular.woff2
- User-Agent: Mozilla/5.0 (Macintosh; Intel Mac OS X 10_15_7) AppleWebKit/537.36 (KHTML, like Gecko) HeadlessChrome/136.0.0.0 Safari/537.36
- Referrer: http://localhost:3000/
- Host: localhost:3000
- IP: unknown
 GET /favicon.ico 200 in 271ms
[2025-05-23T21:45:38.605Z] Request: GET /fonts/IBMPlexMono-Regular.woff2
- User-Agent: Mozilla/5.0 (Macintosh; Intel Mac OS X 10_15_7) AppleWebKit/537.36 (KHTML, like Gecko) HeadlessChrome/136.0.0.0 Safari/537.36
- Referrer: http://localhost:3000/
- Host: localhost:3000
- IP: unknown
[2025-05-23T21:45:38.605Z] Request: GET /fonts/IBMPlexMono-Bold.woff2
- User-Agent: Mozilla/5.0 (Macintosh; Intel Mac OS X 10_15_7) AppleWebKit/537.36 (KHTML, like Gecko) HeadlessChrome/136.0.0.0 Safari/537.36
- Referrer: http://localhost:3000/
- Host: localhost:3000
- IP: unknown
[2025-05-23T21:45:38.605Z] Request: GET /fonts/Px437_IBM_VGA_8x16.woff
- User-Agent: Mozilla/5.0 (Macintosh; Intel Mac OS X 10_15_7) AppleWebKit/537.36 (KHTML, like Gecko) HeadlessChrome/136.0.0.0 Safari/537.36
- Referrer: http://localhost:3000/
- Host: localhost:3000
- IP: unknown
[2025-05-23T21:45:38.605Z] Request: GET /fonts/JetBrainsMono-Regular.woff2
- User-Agent: Mozilla/5.0 (Macintosh; Intel Mac OS X 10_15_7) AppleWebKit/537.36 (KHTML, like Gecko) HeadlessChrome/136.0.0.0 Safari/537.36
- Referrer: http://localhost:3000/
- Host: localhost:3000
- IP: unknown
[2025-05-23T21:45:38.605Z] Request: GET /fonts/IBMPlexMono-Medium.woff2
- User-Agent: Mozilla/5.0 (Macintosh; Intel Mac OS X 10_15_7) AppleWebKit/537.36 (KHTML, like Gecko) HeadlessChrome/136.0.0.0 Safari/537.36
- Referrer: http://localhost:3000/
- Host: localhost:3000
- IP: unknown
[2025-05-23T21:45:38.609Z] Request: GET /fonts/IBMPlexMono-Regular.woff2
- User-Agent: Mozilla/5.0 (Macintosh; Intel Mac OS X 10_15_7) AppleWebKit/537.36 (KHTML, like Gecko) HeadlessChrome/136.0.0.0 Safari/537.36
- Referrer: http://localhost:3000/
- Host: localhost:3000
- IP: unknown
[2025-05-23T21:45:38.612Z] Request: GET /fonts/Share_Tech_Mono.woff
- User-Agent: Mozilla/5.0 (Macintosh; Intel Mac OS X 10_15_7) AppleWebKit/537.36 (KHTML, like Gecko) HeadlessChrome/136.0.0.0 Safari/537.36
- Referrer: http://localhost:3000/
- Host: localhost:3000
- IP: unknown
[2025-05-23T21:45:38.612Z] Request: GET /fonts/IBMPlexMono-Medium.woff2
- User-Agent: Mozilla/5.0 (Macintosh; Intel Mac OS X 10_15_7) AppleWebKit/537.36 (KHTML, like Gecko) HeadlessChrome/136.0.0.0 Safari/537.36
- Referrer: http://localhost:3000/
- Host: localhost:3000
- IP: unknown
[2025-05-23T21:45:38.612Z] Request: GET /fonts/JetBrainsMono-Regular.woff2
- User-Agent: Mozilla/5.0 (Macintosh; Intel Mac OS X 10_15_7) AppleWebKit/537.36 (KHTML, like Gecko) HeadlessChrome/136.0.0.0 Safari/537.36
- Referrer: http://localhost:3000/
- Host: localhost:3000
- IP: unknown
[2025-05-23T21:45:38.612Z] Request: GET /fonts/IBMPlexMono-Bold.woff2
- User-Agent: Mozilla/5.0 (Macintosh; Intel Mac OS X 10_15_7) AppleWebKit/537.36 (KHTML, like Gecko) HeadlessChrome/136.0.0.0 Safari/537.36
- Referrer: http://localhost:3000/
- Host: localhost:3000
- IP: unknown
[2025-05-23T21:45:38.612Z] Request: HEAD /fonts/Px437_IBM_VGA_8x16.woff
- User-Agent: Mozilla/5.0 (Macintosh; Intel Mac OS X 10_15_7) AppleWebKit/537.36 (KHTML, like Gecko) HeadlessChrome/136.0.0.0 Safari/537.36
- Referrer: http://localhost:3000/
- Host: localhost:3000
- IP: unknown
[2025-05-23T21:45:38.616Z] Request: HEAD /fonts/Share_Tech_Mono.woff
- User-Agent: Mozilla/5.0 (Macintosh; Intel Mac OS X 10_15_7) AppleWebKit/537.36 (KHTML, like Gecko) HeadlessChrome/136.0.0.0 Safari/537.36
- Referrer: http://localhost:3000/
- Host: localhost:3000
- IP: unknown
[2025-05-23T21:45:38.621Z] Request: GET /fonts/Px437_IBM_VGA_8x16.woff
- User-Agent: Mozilla/5.0 (Macintosh; Intel Mac OS X 10_15_7) AppleWebKit/537.36 (KHTML, like Gecko) HeadlessChrome/136.0.0.0 Safari/537.36
- Referrer: http://localhost:3000/
- Host: localhost:3000
- IP: unknown
 GET /favicon.ico 200 in 6ms
[2025-05-23T21:45:38.624Z] Request: GET /fonts/Share_Tech_Mono.woff
- User-Agent: Mozilla/5.0 (Macintosh; Intel Mac OS X 10_15_7) AppleWebKit/537.36 (KHTML, like Gecko) HeadlessChrome/136.0.0.0 Safari/537.36
- Referrer: http://localhost:3000/
- Host: localhost:3000
- IP: unknown
 ✓ Compiled in 822ms (1147 modules)
[2025-05-23T21:48:42.169Z] Request: GET /
- User-Agent: Mozilla/5.0 (Macintosh; Intel Mac OS X 10_15_7) AppleWebKit/537.36 (KHTML, like Gecko) HeadlessChrome/136.0.0.0 Safari/537.36
- Referrer: null
- Host: localhost:3000
- IP: unknown
Development mode: Skipping authentication check
 GET / 200 in 132ms
[2025-05-23T21:48:42.312Z] Request: GET /fonts/JetBrainsMono-Regular.woff2
- User-Agent: Mozilla/5.0 (Macintosh; Intel Mac OS X 10_15_7) AppleWebKit/537.36 (KHTML, like Gecko) HeadlessChrome/136.0.0.0 Safari/537.36
- Referrer: http://localhost:3000/
- Host: localhost:3000
- IP: unknown
[2025-05-23T21:48:42.313Z] Request: GET /fonts/Px437_IBM_VGA_8x16.woff
- User-Agent: Mozilla/5.0 (Macintosh; Intel Mac OS X 10_15_7) AppleWebKit/537.36 (KHTML, like Gecko) HeadlessChrome/136.0.0.0 Safari/537.36
- Referrer: http://localhost:3000/
- Host: localhost:3000
- IP: unknown
[2025-05-23T21:48:42.313Z] Request: GET /fonts/Share_Tech_Mono.woff
- User-Agent: Mozilla/5.0 (Macintosh; Intel Mac OS X 10_15_7) AppleWebKit/537.36 (KHTML, like Gecko) HeadlessChrome/136.0.0.0 Safari/537.36
- Referrer: http://localhost:3000/
- Host: localhost:3000
- IP: unknown
[2025-05-23T21:48:42.599Z] Request: HEAD /fonts/IBMPlexMono-Regular.woff2
- User-Agent: Mozilla/5.0 (Macintosh; Intel Mac OS X 10_15_7) AppleWebKit/537.36 (KHTML, like Gecko) HeadlessChrome/136.0.0.0 Safari/537.36
- Referrer: http://localhost:3000/
- Host: localhost:3000
- IP: unknown
[2025-05-23T21:48:42.599Z] Request: HEAD /fonts/IBMPlexMono-Medium.woff2
- User-Agent: Mozilla/5.0 (Macintosh; Intel Mac OS X 10_15_7) AppleWebKit/537.36 (KHTML, like Gecko) HeadlessChrome/136.0.0.0 Safari/537.36
- Referrer: http://localhost:3000/
- Host: localhost:3000
- IP: unknown
[2025-05-23T21:48:42.599Z] Request: HEAD /fonts/JetBrainsMono-Regular.woff2
- User-Agent: Mozilla/5.0 (Macintosh; Intel Mac OS X 10_15_7) AppleWebKit/537.36 (KHTML, like Gecko) HeadlessChrome/136.0.0.0 Safari/537.36
- Referrer: http://localhost:3000/
- Host: localhost:3000
- IP: unknown
[2025-05-23T21:48:42.599Z] Request: HEAD /fonts/IBMPlexMono-Bold.woff2
- User-Agent: Mozilla/5.0 (Macintosh; Intel Mac OS X 10_15_7) AppleWebKit/537.36 (KHTML, like Gecko) HeadlessChrome/136.0.0.0 Safari/537.36
- Referrer: http://localhost:3000/
- Host: localhost:3000
- IP: unknown
[2025-05-23T21:48:42.599Z] Request: HEAD /fonts/Px437_IBM_VGA_8x16.woff
- User-Agent: Mozilla/5.0 (Macintosh; Intel Mac OS X 10_15_7) AppleWebKit/537.36 (KHTML, like Gecko) HeadlessChrome/136.0.0.0 Safari/537.36
- Referrer: http://localhost:3000/
- Host: localhost:3000
- IP: unknown
 ✓ Compiled /favicon.ico in 93ms (624 modules)
[2025-05-23T21:48:42.636Z] Request: HEAD /fonts/Share_Tech_Mono.woff
- User-Agent: Mozilla/5.0 (Macintosh; Intel Mac OS X 10_15_7) AppleWebKit/537.36 (KHTML, like Gecko) HeadlessChrome/136.0.0.0 Safari/537.36
- Referrer: http://localhost:3000/
- Host: localhost:3000
- IP: unknown
[2025-05-23T21:48:42.636Z] Request: HEAD /fonts/IBMPlexMono-Medium.woff2
- User-Agent: Mozilla/5.0 (Macintosh; Intel Mac OS X 10_15_7) AppleWebKit/537.36 (KHTML, like Gecko) HeadlessChrome/136.0.0.0 Safari/537.36
- Referrer: http://localhost:3000/
- Host: localhost:3000
- IP: unknown
[2025-05-23T21:48:42.636Z] Request: HEAD /fonts/IBMPlexMono-Regular.woff2
- User-Agent: Mozilla/5.0 (Macintosh; Intel Mac OS X 10_15_7) AppleWebKit/537.36 (KHTML, like Gecko) HeadlessChrome/136.0.0.0 Safari/537.36
- Referrer: http://localhost:3000/
- Host: localhost:3000
- IP: unknown
[2025-05-23T21:48:42.636Z] Request: HEAD /fonts/IBMPlexMono-Bold.woff2
- User-Agent: Mozilla/5.0 (Macintosh; Intel Mac OS X 10_15_7) AppleWebKit/537.36 (KHTML, like Gecko) HeadlessChrome/136.0.0.0 Safari/537.36
- Referrer: http://localhost:3000/
- Host: localhost:3000
- IP: unknown
[2025-05-23T21:48:42.636Z] Request: HEAD /fonts/JetBrainsMono-Regular.woff2
- User-Agent: Mozilla/5.0 (Macintosh; Intel Mac OS X 10_15_7) AppleWebKit/537.36 (KHTML, like Gecko) HeadlessChrome/136.0.0.0 Safari/537.36
- Referrer: http://localhost:3000/
- Host: localhost:3000
- IP: unknown
 GET /favicon.ico 200 in 151ms
[2025-05-23T21:48:42.691Z] Request: GET /fonts/IBMPlexMono-Regular.woff2
- User-Agent: Mozilla/5.0 (Macintosh; Intel Mac OS X 10_15_7) AppleWebKit/537.36 (KHTML, like Gecko) HeadlessChrome/136.0.0.0 Safari/537.36
- Referrer: http://localhost:3000/
- Host: localhost:3000
- IP: unknown
[2025-05-23T21:48:42.691Z] Request: GET /fonts/IBMPlexMono-Medium.woff2
- User-Agent: Mozilla/5.0 (Macintosh; Intel Mac OS X 10_15_7) AppleWebKit/537.36 (KHTML, like Gecko) HeadlessChrome/136.0.0.0 Safari/537.36
- Referrer: http://localhost:3000/
- Host: localhost:3000
- IP: unknown
[2025-05-23T21:48:42.691Z] Request: GET /fonts/IBMPlexMono-Bold.woff2
- User-Agent: Mozilla/5.0 (Macintosh; Intel Mac OS X 10_15_7) AppleWebKit/537.36 (KHTML, like Gecko) HeadlessChrome/136.0.0.0 Safari/537.36
- Referrer: http://localhost:3000/
- Host: localhost:3000
- IP: unknown
[2025-05-23T21:48:42.691Z] Request: GET /fonts/JetBrainsMono-Regular.woff2
- User-Agent: Mozilla/5.0 (Macintosh; Intel Mac OS X 10_15_7) AppleWebKit/537.36 (KHTML, like Gecko) HeadlessChrome/136.0.0.0 Safari/537.36
- Referrer: http://localhost:3000/
- Host: localhost:3000
- IP: unknown
[2025-05-23T21:48:42.691Z] Request: GET /fonts/Px437_IBM_VGA_8x16.woff
- User-Agent: Mozilla/5.0 (Macintosh; Intel Mac OS X 10_15_7) AppleWebKit/537.36 (KHTML, like Gecko) HeadlessChrome/136.0.0.0 Safari/537.36
- Referrer: http://localhost:3000/
- Host: localhost:3000
- IP: unknown
[2025-05-23T21:48:42.691Z] Request: HEAD /fonts/Px437_IBM_VGA_8x16.woff
- User-Agent: Mozilla/5.0 (Macintosh; Intel Mac OS X 10_15_7) AppleWebKit/537.36 (KHTML, like Gecko) HeadlessChrome/136.0.0.0 Safari/537.36
- Referrer: http://localhost:3000/
- Host: localhost:3000
- IP: unknown
[2025-05-23T21:48:42.700Z] Request: GET /fonts/Share_Tech_Mono.woff
- User-Agent: Mozilla/5.0 (Macintosh; Intel Mac OS X 10_15_7) AppleWebKit/537.36 (KHTML, like Gecko) HeadlessChrome/136.0.0.0 Safari/537.36
- Referrer: http://localhost:3000/
- Host: localhost:3000
- IP: unknown
[2025-05-23T21:48:42.700Z] Request: GET /fonts/IBMPlexMono-Medium.woff2
- User-Agent: Mozilla/5.0 (Macintosh; Intel Mac OS X 10_15_7) AppleWebKit/537.36 (KHTML, like Gecko) HeadlessChrome/136.0.0.0 Safari/537.36
- Referrer: http://localhost:3000/
- Host: localhost:3000
- IP: unknown
[2025-05-23T21:48:42.700Z] Request: GET /fonts/IBMPlexMono-Bold.woff2
- User-Agent: Mozilla/5.0 (Macintosh; Intel Mac OS X 10_15_7) AppleWebKit/537.36 (KHTML, like Gecko) HeadlessChrome/136.0.0.0 Safari/537.36
- Referrer: http://localhost:3000/
- Host: localhost:3000
- IP: unknown
[2025-05-23T21:48:42.700Z] Request: GET /fonts/JetBrainsMono-Regular.woff2
- User-Agent: Mozilla/5.0 (Macintosh; Intel Mac OS X 10_15_7) AppleWebKit/537.36 (KHTML, like Gecko) HeadlessChrome/136.0.0.0 Safari/537.36
- Referrer: http://localhost:3000/
- Host: localhost:3000
- IP: unknown
[2025-05-23T21:48:42.700Z] Request: GET /fonts/Px437_IBM_VGA_8x16.woff
- User-Agent: Mozilla/5.0 (Macintosh; Intel Mac OS X 10_15_7) AppleWebKit/537.36 (KHTML, like Gecko) HeadlessChrome/136.0.0.0 Safari/537.36
- Referrer: http://localhost:3000/
- Host: localhost:3000
- IP: unknown
[2025-05-23T21:48:42.700Z] Request: GET /fonts/IBMPlexMono-Regular.woff2
- User-Agent: Mozilla/5.0 (Macintosh; Intel Mac OS X 10_15_7) AppleWebKit/537.36 (KHTML, like Gecko) HeadlessChrome/136.0.0.0 Safari/537.36
- Referrer: http://localhost:3000/
- Host: localhost:3000
- IP: unknown
 GET /favicon.ico 200 in 4ms
[2025-05-23T21:48:42.708Z] Request: HEAD /fonts/Share_Tech_Mono.woff
- User-Agent: Mozilla/5.0 (Macintosh; Intel Mac OS X 10_15_7) AppleWebKit/537.36 (KHTML, like Gecko) HeadlessChrome/136.0.0.0 Safari/537.36
- Referrer: http://localhost:3000/
- Host: localhost:3000
- IP: unknown
[2025-05-23T21:48:42.710Z] Request: GET /fonts/Share_Tech_Mono.woff
- User-Agent: Mozilla/5.0 (Macintosh; Intel Mac OS X 10_15_7) AppleWebKit/537.36 (KHTML, like Gecko) HeadlessChrome/136.0.0.0 Safari/537.36
- Referrer: http://localhost:3000/
- Host: localhost:3000
- IP: unknown
[2025-05-23T21:48:55.516Z] Request: GET /
- User-Agent: Mozilla/5.0 (Macintosh; Intel Mac OS X 10_15_7) AppleWebKit/537.36 (KHTML, like Gecko) Chrome/136.0.0.0 Safari/537.36
- Referrer: null
- Host: localhost:3000
- IP: unknown
Development mode: Skipping authentication check
 GET / 200 in 77ms
[2025-05-23T21:48:55.660Z] Request: GET /.well-known/appspecific/com.chrome.devtools.json
- User-Agent: Mozilla/5.0 (Macintosh; Intel Mac OS X 10_15_7) AppleWebKit/537.36 (KHTML, like Gecko) Chrome/136.0.0.0 Safari/537.36
- Referrer: null
- Host: localhost:3000
- IP: unknown
Development mode: Skipping authentication check
 ○ Compiling /_not-found ...
 ✓ Compiled /_not-found in 572ms (1138 modules)
 GET /.well-known/appspecific/com.chrome.devtools.json 404 in 641ms
[2025-05-23T21:48:56.450Z] Request: HEAD /fonts/IBMPlexMono-Medium.woff2
- User-Agent: Mozilla/5.0 (Macintosh; Intel Mac OS X 10_15_7) AppleWebKit/537.36 (KHTML, like Gecko) Chrome/136.0.0.0 Safari/537.36
- Referrer: http://localhost:3000/
- Host: localhost:3000
- IP: unknown
[2025-05-23T21:48:56.451Z] Request: HEAD /fonts/JetBrainsMono-Regular.woff2
- User-Agent: Mozilla/5.0 (Macintosh; Intel Mac OS X 10_15_7) AppleWebKit/537.36 (KHTML, like Gecko) Chrome/136.0.0.0 Safari/537.36
- Referrer: http://localhost:3000/
- Host: localhost:3000
- IP: unknown
[2025-05-23T21:48:56.451Z] Request: HEAD /fonts/IBMPlexMono-Bold.woff2
- User-Agent: Mozilla/5.0 (Macintosh; Intel Mac OS X 10_15_7) AppleWebKit/537.36 (KHTML, like Gecko) Chrome/136.0.0.0 Safari/537.36
- Referrer: http://localhost:3000/
- Host: localhost:3000
- IP: unknown
[2025-05-23T21:48:56.455Z] Request: HEAD /fonts/Share_Tech_Mono.woff
- User-Agent: Mozilla/5.0 (Macintosh; Intel Mac OS X 10_15_7) AppleWebKit/537.36 (KHTML, like Gecko) Chrome/136.0.0.0 Safari/537.36
- Referrer: http://localhost:3000/
- Host: localhost:3000
- IP: unknown
[2025-05-23T21:48:56.457Z] Request: HEAD /fonts/IBMPlexMono-Medium.woff2
- User-Agent: Mozilla/5.0 (Macintosh; Intel Mac OS X 10_15_7) AppleWebKit/537.36 (KHTML, like Gecko) Chrome/136.0.0.0 Safari/537.36
- Referrer: http://localhost:3000/
- Host: localhost:3000
- IP: unknown
[2025-05-23T21:48:56.457Z] Request: HEAD /fonts/IBMPlexMono-Bold.woff2
- User-Agent: Mozilla/5.0 (Macintosh; Intel Mac OS X 10_15_7) AppleWebKit/537.36 (KHTML, like Gecko) Chrome/136.0.0.0 Safari/537.36
- Referrer: http://localhost:3000/
- Host: localhost:3000
- IP: unknown
[2025-05-23T21:48:56.459Z] Request: HEAD /fonts/JetBrainsMono-Regular.woff2
- User-Agent: Mozilla/5.0 (Macintosh; Intel Mac OS X 10_15_7) AppleWebKit/537.36 (KHTML, like Gecko) Chrome/136.0.0.0 Safari/537.36
- Referrer: http://localhost:3000/
- Host: localhost:3000
- IP: unknown
[2025-05-23T21:48:56.459Z] Request: HEAD /fonts/Share_Tech_Mono.woff
- User-Agent: Mozilla/5.0 (Macintosh; Intel Mac OS X 10_15_7) AppleWebKit/537.36 (KHTML, like Gecko) Chrome/136.0.0.0 Safari/537.36
- Referrer: http://localhost:3000/
- Host: localhost:3000
- IP: unknown
[2025-05-23T21:48:56.459Z] Request: GET /fonts/IBMPlexMono-Regular.woff2
- User-Agent: Mozilla/5.0 (Macintosh; Intel Mac OS X 10_15_7) AppleWebKit/537.36 (KHTML, like Gecko) Chrome/136.0.0.0 Safari/537.36
- Referrer: http://localhost:3000/
- Host: localhost:3000
- IP: unknown
[2025-05-23T21:48:56.462Z] Request: GET /fonts/Px437_IBM_VGA_8x16.woff
- User-Agent: Mozilla/5.0 (Macintosh; Intel Mac OS X 10_15_7) AppleWebKit/537.36 (KHTML, like Gecko) Chrome/136.0.0.0 Safari/537.36
- Referrer: http://localhost:3000/
- Host: localhost:3000
- IP: unknown
[2025-05-23T21:48:56.467Z] Request: GET /fonts/IBMPlexMono-Regular.woff2
- User-Agent: Mozilla/5.0 (Macintosh; Intel Mac OS X 10_15_7) AppleWebKit/537.36 (KHTML, like Gecko) Chrome/136.0.0.0 Safari/537.36
- Referrer: http://localhost:3000/
- Host: localhost:3000
- IP: unknown
[2025-05-23T21:48:56.467Z] Request: GET /fonts/Px437_IBM_VGA_8x16.woff
- User-Agent: Mozilla/5.0 (Macintosh; Intel Mac OS X 10_15_7) AppleWebKit/537.36 (KHTML, like Gecko) Chrome/136.0.0.0 Safari/537.36
- Referrer: http://localhost:3000/
- Host: localhost:3000
- IP: unknown
[2025-05-23T21:48:56.467Z] Request: GET /fonts/IBMPlexMono-Medium.woff2
- User-Agent: Mozilla/5.0 (Macintosh; Intel Mac OS X 10_15_7) AppleWebKit/537.36 (KHTML, like Gecko) Chrome/136.0.0.0 Safari/537.36
- Referrer: http://localhost:3000/
- Host: localhost:3000
- IP: unknown
[2025-05-23T21:48:56.467Z] Request: GET /fonts/JetBrainsMono-Regular.woff2
- User-Agent: Mozilla/5.0 (Macintosh; Intel Mac OS X 10_15_7) AppleWebKit/537.36 (KHTML, like Gecko) Chrome/136.0.0.0 Safari/537.36
- Referrer: http://localhost:3000/
- Host: localhost:3000
- IP: unknown
[2025-05-23T21:48:56.473Z] Request: GET /fonts/IBMPlexMono-Bold.woff2
- User-Agent: Mozilla/5.0 (Macintosh; Intel Mac OS X 10_15_7) AppleWebKit/537.36 (KHTML, like Gecko) Chrome/136.0.0.0 Safari/537.36
- Referrer: http://localhost:3000/
- Host: localhost:3000
- IP: unknown
[2025-05-23T21:48:56.478Z] Request: GET /fonts/Share_Tech_Mono.woff
- User-Agent: Mozilla/5.0 (Macintosh; Intel Mac OS X 10_15_7) AppleWebKit/537.36 (KHTML, like Gecko) Chrome/136.0.0.0 Safari/537.36
- Referrer: http://localhost:3000/
- Host: localhost:3000
- IP: unknown
[2025-05-23T21:48:56.480Z] Request: GET /fonts/IBMPlexMono-Bold.woff2
- User-Agent: Mozilla/5.0 (Macintosh; Intel Mac OS X 10_15_7) AppleWebKit/537.36 (KHTML, like Gecko) Chrome/136.0.0.0 Safari/537.36
- Referrer: http://localhost:3000/
- Host: localhost:3000
- IP: unknown
[2025-05-23T21:48:56.482Z] Request: GET /fonts/IBMPlexMono-Medium.woff2
- User-Agent: Mozilla/5.0 (Macintosh; Intel Mac OS X 10_15_7) AppleWebKit/537.36 (KHTML, like Gecko) Chrome/136.0.0.0 Safari/537.36
- Referrer: http://localhost:3000/
- Host: localhost:3000
- IP: unknown
[2025-05-23T21:48:56.482Z] Request: GET /fonts/JetBrainsMono-Regular.woff2
- User-Agent: Mozilla/5.0 (Macintosh; Intel Mac OS X 10_15_7) AppleWebKit/537.36 (KHTML, like Gecko) Chrome/136.0.0.0 Safari/537.36
- Referrer: http://localhost:3000/
- Host: localhost:3000
- IP: unknown
[2025-05-23T21:48:56.494Z] Request: GET /fonts/Share_Tech_Mono.woff
- User-Agent: Mozilla/5.0 (Macintosh; Intel Mac OS X 10_15_7) AppleWebKit/537.36 (KHTML, like Gecko) Chrome/136.0.0.0 Safari/537.36
- Referrer: http://localhost:3000/
- Host: localhost:3000
- IP: unknown
[2025-05-23T21:50:27.866Z] Request: GET /
- User-Agent: Mozilla/5.0 (Macintosh; Intel Mac OS X 10_15_7) AppleWebKit/537.36 (KHTML, like Gecko) HeadlessChrome/136.0.0.0 Safari/537.36
- Referrer: null
- Host: localhost:3000
- IP: unknown
Development mode: Skipping authentication check
 GET / 200 in 83ms
[2025-05-23T21:50:27.960Z] Request: GET /fonts/JetBrainsMono-Regular.woff2
- User-Agent: Mozilla/5.0 (Macintosh; Intel Mac OS X 10_15_7) AppleWebKit/537.36 (KHTML, like Gecko) HeadlessChrome/136.0.0.0 Safari/537.36
- Referrer: http://localhost:3000/
- Host: localhost:3000
- IP: unknown
[2025-05-23T21:50:27.960Z] Request: GET /fonts/Px437_IBM_VGA_8x16.woff
- User-Agent: Mozilla/5.0 (Macintosh; Intel Mac OS X 10_15_7) AppleWebKit/537.36 (KHTML, like Gecko) HeadlessChrome/136.0.0.0 Safari/537.36
- Referrer: http://localhost:3000/
- Host: localhost:3000
- IP: unknown
[2025-05-23T21:50:27.961Z] Request: GET /fonts/Share_Tech_Mono.woff
- User-Agent: Mozilla/5.0 (Macintosh; Intel Mac OS X 10_15_7) AppleWebKit/537.36 (KHTML, like Gecko) HeadlessChrome/136.0.0.0 Safari/537.36
- Referrer: http://localhost:3000/
- Host: localhost:3000
- IP: unknown
 GET /favicon.ico 200 in 12ms
 GET /favicon.ico 200 in 4ms
[2025-05-23T21:50:28.269Z] Request: HEAD /fonts/IBMPlexMono-Regular.woff2
- User-Agent: Mozilla/5.0 (Macintosh; Intel Mac OS X 10_15_7) AppleWebKit/537.36 (KHTML, like Gecko) HeadlessChrome/136.0.0.0 Safari/537.36
- Referrer: http://localhost:3000/
- Host: localhost:3000
- IP: unknown
[2025-05-23T21:50:28.269Z] Request: HEAD /fonts/IBMPlexMono-Medium.woff2
- User-Agent: Mozilla/5.0 (Macintosh; Intel Mac OS X 10_15_7) AppleWebKit/537.36 (KHTML, like Gecko) HeadlessChrome/136.0.0.0 Safari/537.36
- Referrer: http://localhost:3000/
- Host: localhost:3000
- IP: unknown
[2025-05-23T21:50:28.269Z] Request: HEAD /fonts/IBMPlexMono-Bold.woff2
- User-Agent: Mozilla/5.0 (Macintosh; Intel Mac OS X 10_15_7) AppleWebKit/537.36 (KHTML, like Gecko) HeadlessChrome/136.0.0.0 Safari/537.36
- Referrer: http://localhost:3000/
- Host: localhost:3000
- IP: unknown
[2025-05-23T21:50:28.270Z] Request: HEAD /fonts/JetBrainsMono-Regular.woff2
- User-Agent: Mozilla/5.0 (Macintosh; Intel Mac OS X 10_15_7) AppleWebKit/537.36 (KHTML, like Gecko) HeadlessChrome/136.0.0.0 Safari/537.36
- Referrer: http://localhost:3000/
- Host: localhost:3000
- IP: unknown
[2025-05-23T21:50:28.270Z] Request: HEAD /fonts/Px437_IBM_VGA_8x16.woff
- User-Agent: Mozilla/5.0 (Macintosh; Intel Mac OS X 10_15_7) AppleWebKit/537.36 (KHTML, like Gecko) HeadlessChrome/136.0.0.0 Safari/537.36
- Referrer: http://localhost:3000/
- Host: localhost:3000
- IP: unknown
[2025-05-23T21:50:28.270Z] Request: HEAD /fonts/Share_Tech_Mono.woff
- User-Agent: Mozilla/5.0 (Macintosh; Intel Mac OS X 10_15_7) AppleWebKit/537.36 (KHTML, like Gecko) HeadlessChrome/136.0.0.0 Safari/537.36
- Referrer: http://localhost:3000/
- Host: localhost:3000
- IP: unknown
[2025-05-23T21:50:28.277Z] Request: HEAD /fonts/IBMPlexMono-Regular.woff2
- User-Agent: Mozilla/5.0 (Macintosh; Intel Mac OS X 10_15_7) AppleWebKit/537.36 (KHTML, like Gecko) HeadlessChrome/136.0.0.0 Safari/537.36
- Referrer: http://localhost:3000/
- Host: localhost:3000
- IP: unknown
[2025-05-23T21:50:28.278Z] Request: HEAD /fonts/IBMPlexMono-Medium.woff2
- User-Agent: Mozilla/5.0 (Macintosh; Intel Mac OS X 10_15_7) AppleWebKit/537.36 (KHTML, like Gecko) HeadlessChrome/136.0.0.0 Safari/537.36
- Referrer: http://localhost:3000/
- Host: localhost:3000
- IP: unknown
[2025-05-23T21:50:28.278Z] Request: HEAD /fonts/JetBrainsMono-Regular.woff2
- User-Agent: Mozilla/5.0 (Macintosh; Intel Mac OS X 10_15_7) AppleWebKit/537.36 (KHTML, like Gecko) HeadlessChrome/136.0.0.0 Safari/537.36
- Referrer: http://localhost:3000/
- Host: localhost:3000
- IP: unknown
[2025-05-23T21:50:28.278Z] Request: HEAD /fonts/Px437_IBM_VGA_8x16.woff
- User-Agent: Mozilla/5.0 (Macintosh; Intel Mac OS X 10_15_7) AppleWebKit/537.36 (KHTML, like Gecko) HeadlessChrome/136.0.0.0 Safari/537.36
- Referrer: http://localhost:3000/
- Host: localhost:3000
- IP: unknown
[2025-05-23T21:50:28.278Z] Request: HEAD /fonts/IBMPlexMono-Bold.woff2
- User-Agent: Mozilla/5.0 (Macintosh; Intel Mac OS X 10_15_7) AppleWebKit/537.36 (KHTML, like Gecko) HeadlessChrome/136.0.0.0 Safari/537.36
- Referrer: http://localhost:3000/
- Host: localhost:3000
- IP: unknown
[2025-05-23T21:50:28.278Z] Request: HEAD /fonts/Share_Tech_Mono.woff
- User-Agent: Mozilla/5.0 (Macintosh; Intel Mac OS X 10_15_7) AppleWebKit/537.36 (KHTML, like Gecko) HeadlessChrome/136.0.0.0 Safari/537.36
- Referrer: http://localhost:3000/
- Host: localhost:3000
- IP: unknown
[2025-05-23T21:50:28.284Z] Request: GET /fonts/IBMPlexMono-Regular.woff2
- User-Agent: Mozilla/5.0 (Macintosh; Intel Mac OS X 10_15_7) AppleWebKit/537.36 (KHTML, like Gecko) HeadlessChrome/136.0.0.0 Safari/537.36
- Referrer: http://localhost:3000/
- Host: localhost:3000
- IP: unknown
[2025-05-23T21:50:28.284Z] Request: GET /fonts/IBMPlexMono-Medium.woff2
- User-Agent: Mozilla/5.0 (Macintosh; Intel Mac OS X 10_15_7) AppleWebKit/537.36 (KHTML, like Gecko) HeadlessChrome/136.0.0.0 Safari/537.36
- Referrer: http://localhost:3000/
- Host: localhost:3000
- IP: unknown
[2025-05-23T21:50:28.284Z] Request: GET /fonts/IBMPlexMono-Bold.woff2
- User-Agent: Mozilla/5.0 (Macintosh; Intel Mac OS X 10_15_7) AppleWebKit/537.36 (KHTML, like Gecko) HeadlessChrome/136.0.0.0 Safari/537.36
- Referrer: http://localhost:3000/
- Host: localhost:3000
- IP: unknown
[2025-05-23T21:50:28.284Z] Request: GET /fonts/JetBrainsMono-Regular.woff2
- User-Agent: Mozilla/5.0 (Macintosh; Intel Mac OS X 10_15_7) AppleWebKit/537.36 (KHTML, like Gecko) HeadlessChrome/136.0.0.0 Safari/537.36
- Referrer: http://localhost:3000/
- Host: localhost:3000
- IP: unknown
[2025-05-23T21:50:28.284Z] Request: GET /fonts/Px437_IBM_VGA_8x16.woff
- User-Agent: Mozilla/5.0 (Macintosh; Intel Mac OS X 10_15_7) AppleWebKit/537.36 (KHTML, like Gecko) HeadlessChrome/136.0.0.0 Safari/537.36
- Referrer: http://localhost:3000/
- Host: localhost:3000
- IP: unknown
[2025-05-23T21:50:28.284Z] Request: GET /fonts/Share_Tech_Mono.woff
- User-Agent: Mozilla/5.0 (Macintosh; Intel Mac OS X 10_15_7) AppleWebKit/537.36 (KHTML, like Gecko) HeadlessChrome/136.0.0.0 Safari/537.36
- Referrer: http://localhost:3000/
- Host: localhost:3000
- IP: unknown
[2025-05-23T21:50:28.292Z] Request: GET /fonts/IBMPlexMono-Medium.woff2
- User-Agent: Mozilla/5.0 (Macintosh; Intel Mac OS X 10_15_7) AppleWebKit/537.36 (KHTML, like Gecko) HeadlessChrome/136.0.0.0 Safari/537.36
- Referrer: http://localhost:3000/
- Host: localhost:3000
- IP: unknown
[2025-05-23T21:50:28.292Z] Request: GET /fonts/IBMPlexMono-Regular.woff2
- User-Agent: Mozilla/5.0 (Macintosh; Intel Mac OS X 10_15_7) AppleWebKit/537.36 (KHTML, like Gecko) HeadlessChrome/136.0.0.0 Safari/537.36
- Referrer: http://localhost:3000/
- Host: localhost:3000
- IP: unknown
[2025-05-23T21:50:28.292Z] Request: GET /fonts/Px437_IBM_VGA_8x16.woff
- User-Agent: Mozilla/5.0 (Macintosh; Intel Mac OS X 10_15_7) AppleWebKit/537.36 (KHTML, like Gecko) HeadlessChrome/136.0.0.0 Safari/537.36
- Referrer: http://localhost:3000/
- Host: localhost:3000
- IP: unknown
[2025-05-23T21:50:28.292Z] Request: GET /fonts/JetBrainsMono-Regular.woff2
- User-Agent: Mozilla/5.0 (Macintosh; Intel Mac OS X 10_15_7) AppleWebKit/537.36 (KHTML, like Gecko) HeadlessChrome/136.0.0.0 Safari/537.36
- Referrer: http://localhost:3000/
- Host: localhost:3000
- IP: unknown
[2025-05-23T21:50:28.292Z] Request: GET /fonts/IBMPlexMono-Bold.woff2
- User-Agent: Mozilla/5.0 (Macintosh; Intel Mac OS X 10_15_7) AppleWebKit/537.36 (KHTML, like Gecko) HeadlessChrome/136.0.0.0 Safari/537.36
- Referrer: http://localhost:3000/
- Host: localhost:3000
- IP: unknown
[2025-05-23T21:50:28.292Z] Request: GET /fonts/Share_Tech_Mono.woff
- User-Agent: Mozilla/5.0 (Macintosh; Intel Mac OS X 10_15_7) AppleWebKit/537.36 (KHTML, like Gecko) HeadlessChrome/136.0.0.0 Safari/537.36
- Referrer: http://localhost:3000/
- Host: localhost:3000
- IP: unknown
[2025-05-23T21:50:51.360Z] Request: GET /
- User-Agent: Mozilla/5.0 (Macintosh; Intel Mac OS X 10_15_7) AppleWebKit/537.36 (KHTML, like Gecko) HeadlessChrome/136.0.0.0 Safari/537.36
- Referrer: null
- Host: localhost:3000
- IP: unknown
Development mode: Skipping authentication check
 GET / 200 in 33ms
[2025-05-23T21:50:51.398Z] Request: GET /fonts/JetBrainsMono-Regular.woff2
- User-Agent: Mozilla/5.0 (Macintosh; Intel Mac OS X 10_15_7) AppleWebKit/537.36 (KHTML, like Gecko) HeadlessChrome/136.0.0.0 Safari/537.36
- Referrer: http://localhost:3000/
- Host: localhost:3000
- IP: unknown
[2025-05-23T21:50:51.398Z] Request: GET /fonts/Px437_IBM_VGA_8x16.woff
- User-Agent: Mozilla/5.0 (Macintosh; Intel Mac OS X 10_15_7) AppleWebKit/537.36 (KHTML, like Gecko) HeadlessChrome/136.0.0.0 Safari/537.36
- Referrer: http://localhost:3000/
- Host: localhost:3000
- IP: unknown
[2025-05-23T21:50:51.398Z] Request: GET /fonts/Share_Tech_Mono.woff
- User-Agent: Mozilla/5.0 (Macintosh; Intel Mac OS X 10_15_7) AppleWebKit/537.36 (KHTML, like Gecko) HeadlessChrome/136.0.0.0 Safari/537.36
- Referrer: http://localhost:3000/
- Host: localhost:3000
- IP: unknown
 GET /favicon.ico 200 in 9ms
 GET /favicon.ico 200 in 6ms
[2025-05-23T21:50:51.668Z] Request: HEAD /fonts/IBMPlexMono-Regular.woff2
- User-Agent: Mozilla/5.0 (Macintosh; Intel Mac OS X 10_15_7) AppleWebKit/537.36 (KHTML, like Gecko) HeadlessChrome/136.0.0.0 Safari/537.36
- Referrer: http://localhost:3000/
- Host: localhost:3000
- IP: unknown
[2025-05-23T21:50:51.668Z] Request: HEAD /fonts/IBMPlexMono-Medium.woff2
- User-Agent: Mozilla/5.0 (Macintosh; Intel Mac OS X 10_15_7) AppleWebKit/537.36 (KHTML, like Gecko) HeadlessChrome/136.0.0.0 Safari/537.36
- Referrer: http://localhost:3000/
- Host: localhost:3000
- IP: unknown
[2025-05-23T21:50:51.668Z] Request: HEAD /fonts/JetBrainsMono-Regular.woff2
- User-Agent: Mozilla/5.0 (Macintosh; Intel Mac OS X 10_15_7) AppleWebKit/537.36 (KHTML, like Gecko) HeadlessChrome/136.0.0.0 Safari/537.36
- Referrer: http://localhost:3000/
- Host: localhost:3000
- IP: unknown
[2025-05-23T21:50:51.668Z] Request: HEAD /fonts/IBMPlexMono-Bold.woff2
- User-Agent: Mozilla/5.0 (Macintosh; Intel Mac OS X 10_15_7) AppleWebKit/537.36 (KHTML, like Gecko) HeadlessChrome/136.0.0.0 Safari/537.36
- Referrer: http://localhost:3000/
- Host: localhost:3000
- IP: unknown
[2025-05-23T21:50:51.668Z] Request: HEAD /fonts/Share_Tech_Mono.woff
- User-Agent: Mozilla/5.0 (Macintosh; Intel Mac OS X 10_15_7) AppleWebKit/537.36 (KHTML, like Gecko) HeadlessChrome/136.0.0.0 Safari/537.36
- Referrer: http://localhost:3000/
- Host: localhost:3000
- IP: unknown
[2025-05-23T21:50:51.669Z] Request: HEAD /fonts/Px437_IBM_VGA_8x16.woff
- User-Agent: Mozilla/5.0 (Macintosh; Intel Mac OS X 10_15_7) AppleWebKit/537.36 (KHTML, like Gecko) HeadlessChrome/136.0.0.0 Safari/537.36
- Referrer: http://localhost:3000/
- Host: localhost:3000
- IP: unknown
[2025-05-23T21:50:51.678Z] Request: HEAD /fonts/IBMPlexMono-Regular.woff2
- User-Agent: Mozilla/5.0 (Macintosh; Intel Mac OS X 10_15_7) AppleWebKit/537.36 (KHTML, like Gecko) HeadlessChrome/136.0.0.0 Safari/537.36
- Referrer: http://localhost:3000/
- Host: localhost:3000
- IP: unknown
[2025-05-23T21:50:51.678Z] Request: HEAD /fonts/IBMPlexMono-Medium.woff2
- User-Agent: Mozilla/5.0 (Macintosh; Intel Mac OS X 10_15_7) AppleWebKit/537.36 (KHTML, like Gecko) HeadlessChrome/136.0.0.0 Safari/537.36
- Referrer: http://localhost:3000/
- Host: localhost:3000
- IP: unknown
[2025-05-23T21:50:51.678Z] Request: HEAD /fonts/IBMPlexMono-Bold.woff2
- User-Agent: Mozilla/5.0 (Macintosh; Intel Mac OS X 10_15_7) AppleWebKit/537.36 (KHTML, like Gecko) HeadlessChrome/136.0.0.0 Safari/537.36
- Referrer: http://localhost:3000/
- Host: localhost:3000
- IP: unknown
[2025-05-23T21:50:51.678Z] Request: HEAD /fonts/JetBrainsMono-Regular.woff2
- User-Agent: Mozilla/5.0 (Macintosh; Intel Mac OS X 10_15_7) AppleWebKit/537.36 (KHTML, like Gecko) HeadlessChrome/136.0.0.0 Safari/537.36
- Referrer: http://localhost:3000/
- Host: localhost:3000
- IP: unknown
[2025-05-23T21:50:51.679Z] Request: HEAD /fonts/Px437_IBM_VGA_8x16.woff
- User-Agent: Mozilla/5.0 (Macintosh; Intel Mac OS X 10_15_7) AppleWebKit/537.36 (KHTML, like Gecko) HeadlessChrome/136.0.0.0 Safari/537.36
- Referrer: http://localhost:3000/
- Host: localhost:3000
- IP: unknown
[2025-05-23T21:50:51.679Z] Request: HEAD /fonts/Share_Tech_Mono.woff
- User-Agent: Mozilla/5.0 (Macintosh; Intel Mac OS X 10_15_7) AppleWebKit/537.36 (KHTML, like Gecko) HeadlessChrome/136.0.0.0 Safari/537.36
- Referrer: http://localhost:3000/
- Host: localhost:3000
- IP: unknown
[2025-05-23T21:50:51.690Z] Request: GET /fonts/IBMPlexMono-Regular.woff2
- User-Agent: Mozilla/5.0 (Macintosh; Intel Mac OS X 10_15_7) AppleWebKit/537.36 (KHTML, like Gecko) HeadlessChrome/136.0.0.0 Safari/537.36
- Referrer: http://localhost:3000/
- Host: localhost:3000
- IP: unknown
[2025-05-23T21:50:51.690Z] Request: GET /fonts/JetBrainsMono-Regular.woff2
- User-Agent: Mozilla/5.0 (Macintosh; Intel Mac OS X 10_15_7) AppleWebKit/537.36 (KHTML, like Gecko) HeadlessChrome/136.0.0.0 Safari/537.36
- Referrer: http://localhost:3000/
- Host: localhost:3000
- IP: unknown
[2025-05-23T21:50:51.690Z] Request: GET /fonts/IBMPlexMono-Bold.woff2
- User-Agent: Mozilla/5.0 (Macintosh; Intel Mac OS X 10_15_7) AppleWebKit/537.36 (KHTML, like Gecko) HeadlessChrome/136.0.0.0 Safari/537.36
- Referrer: http://localhost:3000/
- Host: localhost:3000
- IP: unknown
[2025-05-23T21:50:51.691Z] Request: GET /fonts/Share_Tech_Mono.woff
- User-Agent: Mozilla/5.0 (Macintosh; Intel Mac OS X 10_15_7) AppleWebKit/537.36 (KHTML, like Gecko) HeadlessChrome/136.0.0.0 Safari/537.36
- Referrer: http://localhost:3000/
- Host: localhost:3000
- IP: unknown
[2025-05-23T21:50:51.691Z] Request: GET /fonts/IBMPlexMono-Medium.woff2
- User-Agent: Mozilla/5.0 (Macintosh; Intel Mac OS X 10_15_7) AppleWebKit/537.36 (KHTML, like Gecko) HeadlessChrome/136.0.0.0 Safari/537.36
- Referrer: http://localhost:3000/
- Host: localhost:3000
- IP: unknown
[2025-05-23T21:50:51.691Z] Request: GET /fonts/Px437_IBM_VGA_8x16.woff
- User-Agent: Mozilla/5.0 (Macintosh; Intel Mac OS X 10_15_7) AppleWebKit/537.36 (KHTML, like Gecko) HeadlessChrome/136.0.0.0 Safari/537.36
- Referrer: http://localhost:3000/
- Host: localhost:3000
- IP: unknown
[2025-05-23T21:50:51.700Z] Request: GET /fonts/IBMPlexMono-Regular.woff2
- User-Agent: Mozilla/5.0 (Macintosh; Intel Mac OS X 10_15_7) AppleWebKit/537.36 (KHTML, like Gecko) HeadlessChrome/136.0.0.0 Safari/537.36
- Referrer: http://localhost:3000/
- Host: localhost:3000
- IP: unknown
[2025-05-23T21:50:51.700Z] Request: GET /fonts/IBMPlexMono-Medium.woff2
- User-Agent: Mozilla/5.0 (Macintosh; Intel Mac OS X 10_15_7) AppleWebKit/537.36 (KHTML, like Gecko) HeadlessChrome/136.0.0.0 Safari/537.36
- Referrer: http://localhost:3000/
- Host: localhost:3000
- IP: unknown
[2025-05-23T21:50:51.700Z] Request: GET /fonts/JetBrainsMono-Regular.woff2
- User-Agent: Mozilla/5.0 (Macintosh; Intel Mac OS X 10_15_7) AppleWebKit/537.36 (KHTML, like Gecko) HeadlessChrome/136.0.0.0 Safari/537.36
- Referrer: http://localhost:3000/
- Host: localhost:3000
- IP: unknown
[2025-05-23T21:50:51.700Z] Request: GET /fonts/Px437_IBM_VGA_8x16.woff
- User-Agent: Mozilla/5.0 (Macintosh; Intel Mac OS X 10_15_7) AppleWebKit/537.36 (KHTML, like Gecko) HeadlessChrome/136.0.0.0 Safari/537.36
- Referrer: http://localhost:3000/
- Host: localhost:3000
- IP: unknown
[2025-05-23T21:50:51.700Z] Request: GET /fonts/IBMPlexMono-Bold.woff2
- User-Agent: Mozilla/5.0 (Macintosh; Intel Mac OS X 10_15_7) AppleWebKit/537.36 (KHTML, like Gecko) HeadlessChrome/136.0.0.0 Safari/537.36
- Referrer: http://localhost:3000/
- Host: localhost:3000
- IP: unknown
[2025-05-23T21:50:51.700Z] Request: GET /fonts/Share_Tech_Mono.woff
- User-Agent: Mozilla/5.0 (Macintosh; Intel Mac OS X 10_15_7) AppleWebKit/537.36 (KHTML, like Gecko) HeadlessChrome/136.0.0.0 Safari/537.36
- Referrer: http://localhost:3000/
- Host: localhost:3000
- IP: unknown
[2025-05-23T21:51:27.978Z] Request: GET /
- User-Agent: Mozilla/5.0 (Macintosh; Intel Mac OS X 10_15_7) AppleWebKit/537.36 (KHTML, like Gecko) Chrome/136.0.0.0 Safari/537.36
- Referrer: null
- Host: localhost:3000
- IP: unknown
Development mode: Skipping authentication check
 GET / 200 in 35ms
[2025-05-23T21:51:28.053Z] Request: GET /.well-known/appspecific/com.chrome.devtools.json
- User-Agent: Mozilla/5.0 (Macintosh; Intel Mac OS X 10_15_7) AppleWebKit/537.36 (KHTML, like Gecko) Chrome/136.0.0.0 Safari/537.36
- Referrer: null
- Host: localhost:3000
- IP: unknown
Development mode: Skipping authentication check
 GET /.well-known/appspecific/com.chrome.devtools.json 404 in 25ms
[2025-05-23T21:51:28.440Z] Request: HEAD /fonts/IBMPlexMono-Medium.woff2
- User-Agent: Mozilla/5.0 (Macintosh; Intel Mac OS X 10_15_7) AppleWebKit/537.36 (KHTML, like Gecko) Chrome/136.0.0.0 Safari/537.36
- Referrer: http://localhost:3000/
- Host: localhost:3000
- IP: unknown
[2025-05-23T21:51:28.442Z] Request: HEAD /fonts/IBMPlexMono-Bold.woff2
- User-Agent: Mozilla/5.0 (Macintosh; Intel Mac OS X 10_15_7) AppleWebKit/537.36 (KHTML, like Gecko) Chrome/136.0.0.0 Safari/537.36
- Referrer: http://localhost:3000/
- Host: localhost:3000
- IP: unknown
[2025-05-23T21:51:28.442Z] Request: HEAD /fonts/JetBrainsMono-Regular.woff2
- User-Agent: Mozilla/5.0 (Macintosh; Intel Mac OS X 10_15_7) AppleWebKit/537.36 (KHTML, like Gecko) Chrome/136.0.0.0 Safari/537.36
- Referrer: http://localhost:3000/
- Host: localhost:3000
- IP: unknown
[2025-05-23T21:51:28.442Z] Request: HEAD /fonts/Share_Tech_Mono.woff
- User-Agent: Mozilla/5.0 (Macintosh; Intel Mac OS X 10_15_7) AppleWebKit/537.36 (KHTML, like Gecko) Chrome/136.0.0.0 Safari/537.36
- Referrer: http://localhost:3000/
- Host: localhost:3000
- IP: unknown
[2025-05-23T21:51:28.442Z] Request: HEAD /fonts/IBMPlexMono-Bold.woff2
- User-Agent: Mozilla/5.0 (Macintosh; Intel Mac OS X 10_15_7) AppleWebKit/537.36 (KHTML, like Gecko) Chrome/136.0.0.0 Safari/537.36
- Referrer: http://localhost:3000/
- Host: localhost:3000
- IP: unknown
[2025-05-23T21:51:28.443Z] Request: HEAD /fonts/IBMPlexMono-Medium.woff2
- User-Agent: Mozilla/5.0 (Macintosh; Intel Mac OS X 10_15_7) AppleWebKit/537.36 (KHTML, like Gecko) Chrome/136.0.0.0 Safari/537.36
- Referrer: http://localhost:3000/
- Host: localhost:3000
- IP: unknown
[2025-05-23T21:51:28.471Z] Request: HEAD /fonts/JetBrainsMono-Regular.woff2
- User-Agent: Mozilla/5.0 (Macintosh; Intel Mac OS X 10_15_7) AppleWebKit/537.36 (KHTML, like Gecko) Chrome/136.0.0.0 Safari/537.36
- Referrer: http://localhost:3000/
- Host: localhost:3000
- IP: unknown
[2025-05-23T21:51:28.472Z] Request: GET /fonts/IBMPlexMono-Medium.woff2
- User-Agent: Mozilla/5.0 (Macintosh; Intel Mac OS X 10_15_7) AppleWebKit/537.36 (KHTML, like Gecko) Chrome/136.0.0.0 Safari/537.36
- Referrer: http://localhost:3000/
- Host: localhost:3000
- IP: unknown
[2025-05-23T21:51:28.472Z] Request: HEAD /fonts/Share_Tech_Mono.woff
- User-Agent: Mozilla/5.0 (Macintosh; Intel Mac OS X 10_15_7) AppleWebKit/537.36 (KHTML, like Gecko) Chrome/136.0.0.0 Safari/537.36
- Referrer: http://localhost:3000/
- Host: localhost:3000
- IP: unknown
[2025-05-23T21:51:28.472Z] Request: GET /fonts/IBMPlexMono-Regular.woff2
- User-Agent: Mozilla/5.0 (Macintosh; Intel Mac OS X 10_15_7) AppleWebKit/537.36 (KHTML, like Gecko) Chrome/136.0.0.0 Safari/537.36
- Referrer: http://localhost:3000/
- Host: localhost:3000
- IP: unknown
[2025-05-23T21:51:28.472Z] Request: GET /fonts/Px437_IBM_VGA_8x16.woff
- User-Agent: Mozilla/5.0 (Macintosh; Intel Mac OS X 10_15_7) AppleWebKit/537.36 (KHTML, like Gecko) Chrome/136.0.0.0 Safari/537.36
- Referrer: http://localhost:3000/
- Host: localhost:3000
- IP: unknown
[2025-05-23T21:51:28.472Z] Request: GET /fonts/IBMPlexMono-Regular.woff2
- User-Agent: Mozilla/5.0 (Macintosh; Intel Mac OS X 10_15_7) AppleWebKit/537.36 (KHTML, like Gecko) Chrome/136.0.0.0 Safari/537.36
- Referrer: http://localhost:3000/
- Host: localhost:3000
- IP: unknown
[2025-05-23T21:51:28.485Z] Request: GET /fonts/IBMPlexMono-Bold.woff2
- User-Agent: Mozilla/5.0 (Macintosh; Intel Mac OS X 10_15_7) AppleWebKit/537.36 (KHTML, like Gecko) Chrome/136.0.0.0 Safari/537.36
- Referrer: http://localhost:3000/
- Host: localhost:3000
- IP: unknown
[2025-05-23T21:51:28.485Z] Request: GET /fonts/JetBrainsMono-Regular.woff2
- User-Agent: Mozilla/5.0 (Macintosh; Intel Mac OS X 10_15_7) AppleWebKit/537.36 (KHTML, like Gecko) Chrome/136.0.0.0 Safari/537.36
- Referrer: http://localhost:3000/
- Host: localhost:3000
- IP: unknown
[2025-05-23T21:51:28.485Z] Request: GET /fonts/IBMPlexMono-Bold.woff2
- User-Agent: Mozilla/5.0 (Macintosh; Intel Mac OS X 10_15_7) AppleWebKit/537.36 (KHTML, like Gecko) Chrome/136.0.0.0 Safari/537.36
- Referrer: http://localhost:3000/
- Host: localhost:3000
- IP: unknown
[2025-05-23T21:51:28.485Z] Request: GET /fonts/Share_Tech_Mono.woff
- User-Agent: Mozilla/5.0 (Macintosh; Intel Mac OS X 10_15_7) AppleWebKit/537.36 (KHTML, like Gecko) Chrome/136.0.0.0 Safari/537.36
- Referrer: http://localhost:3000/
- Host: localhost:3000
- IP: unknown
[2025-05-23T21:51:28.487Z] Request: GET /fonts/IBMPlexMono-Medium.woff2
- User-Agent: Mozilla/5.0 (Macintosh; Intel Mac OS X 10_15_7) AppleWebKit/537.36 (KHTML, like Gecko) Chrome/136.0.0.0 Safari/537.36
- Referrer: http://localhost:3000/
- Host: localhost:3000
- IP: unknown
[2025-05-23T21:51:28.487Z] Request: GET /fonts/JetBrainsMono-Regular.woff2
- User-Agent: Mozilla/5.0 (Macintosh; Intel Mac OS X 10_15_7) AppleWebKit/537.36 (KHTML, like Gecko) Chrome/136.0.0.0 Safari/537.36
- Referrer: http://localhost:3000/
- Host: localhost:3000
- IP: unknown
[2025-05-23T21:51:28.494Z] Request: GET /fonts/Share_Tech_Mono.woff
- User-Agent: Mozilla/5.0 (Macintosh; Intel Mac OS X 10_15_7) AppleWebKit/537.36 (KHTML, like Gecko) Chrome/136.0.0.0 Safari/537.36
- Referrer: http://localhost:3000/
- Host: localhost:3000
- IP: unknown
[2025-05-23T21:53:10.286Z] Request: GET /
- User-Agent: Mozilla/5.0 (Macintosh; Intel Mac OS X 10_15_7) AppleWebKit/537.36 (KHTML, like Gecko) Chrome/136.0.0.0 Safari/537.36
- Referrer: null
- Host: localhost:3000
- IP: unknown
Development mode: Skipping authentication check
 GET / 200 in 61ms
[2025-05-23T21:53:10.389Z] Request: GET /.well-known/appspecific/com.chrome.devtools.json
- User-Agent: Mozilla/5.0 (Macintosh; Intel Mac OS X 10_15_7) AppleWebKit/537.36 (KHTML, like Gecko) Chrome/136.0.0.0 Safari/537.36
- Referrer: null
- Host: localhost:3000
- IP: unknown
Development mode: Skipping authentication check
 GET /.well-known/appspecific/com.chrome.devtools.json 404 in 25ms
[2025-05-23T21:53:10.796Z] Request: HEAD /fonts/IBMPlexMono-Medium.woff2
- User-Agent: Mozilla/5.0 (Macintosh; Intel Mac OS X 10_15_7) AppleWebKit/537.36 (KHTML, like Gecko) Chrome/136.0.0.0 Safari/537.36
- Referrer: http://localhost:3000/
- Host: localhost:3000
- IP: unknown
[2025-05-23T21:53:10.796Z] Request: HEAD /fonts/IBMPlexMono-Bold.woff2
- User-Agent: Mozilla/5.0 (Macintosh; Intel Mac OS X 10_15_7) AppleWebKit/537.36 (KHTML, like Gecko) Chrome/136.0.0.0 Safari/537.36
- Referrer: http://localhost:3000/
- Host: localhost:3000
- IP: unknown
[2025-05-23T21:53:10.796Z] Request: HEAD /fonts/Share_Tech_Mono.woff
- User-Agent: Mozilla/5.0 (Macintosh; Intel Mac OS X 10_15_7) AppleWebKit/537.36 (KHTML, like Gecko) Chrome/136.0.0.0 Safari/537.36
- Referrer: http://localhost:3000/
- Host: localhost:3000
- IP: unknown
[2025-05-23T21:53:10.797Z] Request: HEAD /fonts/IBMPlexMono-Bold.woff2
- User-Agent: Mozilla/5.0 (Macintosh; Intel Mac OS X 10_15_7) AppleWebKit/537.36 (KHTML, like Gecko) Chrome/136.0.0.0 Safari/537.36
- Referrer: http://localhost:3000/
- Host: localhost:3000
- IP: unknown
[2025-05-23T21:53:10.797Z] Request: HEAD /fonts/JetBrainsMono-Regular.woff2
- User-Agent: Mozilla/5.0 (Macintosh; Intel Mac OS X 10_15_7) AppleWebKit/537.36 (KHTML, like Gecko) Chrome/136.0.0.0 Safari/537.36
- Referrer: http://localhost:3000/
- Host: localhost:3000
- IP: unknown
[2025-05-23T21:53:10.797Z] Request: HEAD /fonts/IBMPlexMono-Medium.woff2
- User-Agent: Mozilla/5.0 (Macintosh; Intel Mac OS X 10_15_7) AppleWebKit/537.36 (KHTML, like Gecko) Chrome/136.0.0.0 Safari/537.36
- Referrer: http://localhost:3000/
- Host: localhost:3000
- IP: unknown
[2025-05-23T21:53:10.812Z] Request: HEAD /fonts/JetBrainsMono-Regular.woff2
- User-Agent: Mozilla/5.0 (Macintosh; Intel Mac OS X 10_15_7) AppleWebKit/537.36 (KHTML, like Gecko) Chrome/136.0.0.0 Safari/537.36
- Referrer: http://localhost:3000/
- Host: localhost:3000
- IP: unknown
[2025-05-23T21:53:10.813Z] Request: HEAD /fonts/Share_Tech_Mono.woff
- User-Agent: Mozilla/5.0 (Macintosh; Intel Mac OS X 10_15_7) AppleWebKit/537.36 (KHTML, like Gecko) Chrome/136.0.0.0 Safari/537.36
- Referrer: http://localhost:3000/
- Host: localhost:3000
- IP: unknown
[2025-05-23T21:53:10.813Z] Request: GET /fonts/Px437_IBM_VGA_8x16.woff
- User-Agent: Mozilla/5.0 (Macintosh; Intel Mac OS X 10_15_7) AppleWebKit/537.36 (KHTML, like Gecko) Chrome/136.0.0.0 Safari/537.36
- Referrer: http://localhost:3000/
- Host: localhost:3000
- IP: unknown
[2025-05-23T21:53:10.813Z] Request: GET /fonts/IBMPlexMono-Regular.woff2
- User-Agent: Mozilla/5.0 (Macintosh; Intel Mac OS X 10_15_7) AppleWebKit/537.36 (KHTML, like Gecko) Chrome/136.0.0.0 Safari/537.36
- Referrer: http://localhost:3000/
- Host: localhost:3000
- IP: unknown
[2025-05-23T21:53:10.813Z] Request: GET /fonts/IBMPlexMono-Regular.woff2
- User-Agent: Mozilla/5.0 (Macintosh; Intel Mac OS X 10_15_7) AppleWebKit/537.36 (KHTML, like Gecko) Chrome/136.0.0.0 Safari/537.36
- Referrer: http://localhost:3000/
- Host: localhost:3000
- IP: unknown
[2025-05-23T21:53:10.813Z] Request: GET /fonts/Px437_IBM_VGA_8x16.woff
- User-Agent: Mozilla/5.0 (Macintosh; Intel Mac OS X 10_15_7) AppleWebKit/537.36 (KHTML, like Gecko) Chrome/136.0.0.0 Safari/537.36
- Referrer: http://localhost:3000/
- Host: localhost:3000
- IP: unknown
[2025-05-23T21:53:10.822Z] Request: GET /fonts/IBMPlexMono-Medium.woff2
- User-Agent: Mozilla/5.0 (Macintosh; Intel Mac OS X 10_15_7) AppleWebKit/537.36 (KHTML, like Gecko) Chrome/136.0.0.0 Safari/537.36
- Referrer: http://localhost:3000/
- Host: localhost:3000
- IP: unknown
[2025-05-23T21:53:10.822Z] Request: GET /fonts/IBMPlexMono-Bold.woff2
- User-Agent: Mozilla/5.0 (Macintosh; Intel Mac OS X 10_15_7) AppleWebKit/537.36 (KHTML, like Gecko) Chrome/136.0.0.0 Safari/537.36
- Referrer: http://localhost:3000/
- Host: localhost:3000
- IP: unknown
[2025-05-23T21:53:10.822Z] Request: GET /fonts/Share_Tech_Mono.woff
- User-Agent: Mozilla/5.0 (Macintosh; Intel Mac OS X 10_15_7) AppleWebKit/537.36 (KHTML, like Gecko) Chrome/136.0.0.0 Safari/537.36
- Referrer: http://localhost:3000/
- Host: localhost:3000
- IP: unknown
[2025-05-23T21:53:10.822Z] Request: GET /fonts/IBMPlexMono-Bold.woff2
- User-Agent: Mozilla/5.0 (Macintosh; Intel Mac OS X 10_15_7) AppleWebKit/537.36 (KHTML, like Gecko) Chrome/136.0.0.0 Safari/537.36
- Referrer: http://localhost:3000/
- Host: localhost:3000
- IP: unknown
[2025-05-23T21:53:10.822Z] Request: GET /fonts/JetBrainsMono-Regular.woff2
- User-Agent: Mozilla/5.0 (Macintosh; Intel Mac OS X 10_15_7) AppleWebKit/537.36 (KHTML, like Gecko) Chrome/136.0.0.0 Safari/537.36
- Referrer: http://localhost:3000/
- Host: localhost:3000
- IP: unknown
[2025-05-23T21:53:10.822Z] Request: GET /fonts/IBMPlexMono-Medium.woff2
- User-Agent: Mozilla/5.0 (Macintosh; Intel Mac OS X 10_15_7) AppleWebKit/537.36 (KHTML, like Gecko) Chrome/136.0.0.0 Safari/537.36
- Referrer: http://localhost:3000/
- Host: localhost:3000
- IP: unknown
[2025-05-23T21:53:10.829Z] Request: GET /fonts/JetBrainsMono-Regular.woff2
- User-Agent: Mozilla/5.0 (Macintosh; Intel Mac OS X 10_15_7) AppleWebKit/537.36 (KHTML, like Gecko) Chrome/136.0.0.0 Safari/537.36
- Referrer: http://localhost:3000/
- Host: localhost:3000
- IP: unknown
[2025-05-23T21:53:10.829Z] Request: GET /fonts/Share_Tech_Mono.woff
- User-Agent: Mozilla/5.0 (Macintosh; Intel Mac OS X 10_15_7) AppleWebKit/537.36 (KHTML, like Gecko) Chrome/136.0.0.0 Safari/537.36
- Referrer: http://localhost:3000/
- Host: localhost:3000
- IP: unknown
[2025-05-23T22:00:07.993Z] Request: GET /
- User-Agent: Mozilla/5.0 (Macintosh; Intel Mac OS X 10_15_7) AppleWebKit/537.36 (KHTML, like Gecko) HeadlessChrome/136.0.0.0 Safari/537.36
- Referrer: null
- Host: localhost:3000
- IP: unknown
Development mode: Skipping authentication check
 GET / 200 in 36ms
[2025-05-23T22:00:08.046Z] Request: GET /fonts/JetBrainsMono-Regular.woff2
- User-Agent: Mozilla/5.0 (Macintosh; Intel Mac OS X 10_15_7) AppleWebKit/537.36 (KHTML, like Gecko) HeadlessChrome/136.0.0.0 Safari/537.36
- Referrer: http://localhost:3000/
- Host: localhost:3000
- IP: unknown
[2025-05-23T22:00:08.046Z] Request: GET /fonts/Share_Tech_Mono.woff
- User-Agent: Mozilla/5.0 (Macintosh; Intel Mac OS X 10_15_7) AppleWebKit/537.36 (KHTML, like Gecko) HeadlessChrome/136.0.0.0 Safari/537.36
- Referrer: http://localhost:3000/
- Host: localhost:3000
- IP: unknown
[2025-05-23T22:00:08.046Z] Request: GET /fonts/Px437_IBM_VGA_8x16.woff
- User-Agent: Mozilla/5.0 (Macintosh; Intel Mac OS X 10_15_7) AppleWebKit/537.36 (KHTML, like Gecko) HeadlessChrome/136.0.0.0 Safari/537.36
- Referrer: http://localhost:3000/
- Host: localhost:3000
- IP: unknown
 GET /favicon.ico 200 in 5ms
 GET /favicon.ico 200 in 4ms
[2025-05-23T22:00:08.345Z] Request: HEAD /fonts/IBMPlexMono-Medium.woff2
- User-Agent: Mozilla/5.0 (Macintosh; Intel Mac OS X 10_15_7) AppleWebKit/537.36 (KHTML, like Gecko) HeadlessChrome/136.0.0.0 Safari/537.36
- Referrer: http://localhost:3000/
- Host: localhost:3000
- IP: unknown
[2025-05-23T22:00:08.346Z] Request: HEAD /fonts/IBMPlexMono-Regular.woff2
- User-Agent: Mozilla/5.0 (Macintosh; Intel Mac OS X 10_15_7) AppleWebKit/537.36 (KHTML, like Gecko) HeadlessChrome/136.0.0.0 Safari/537.36
- Referrer: http://localhost:3000/
- Host: localhost:3000
- IP: unknown
[2025-05-23T22:00:08.346Z] Request: HEAD /fonts/IBMPlexMono-Bold.woff2
- User-Agent: Mozilla/5.0 (Macintosh; Intel Mac OS X 10_15_7) AppleWebKit/537.36 (KHTML, like Gecko) HeadlessChrome/136.0.0.0 Safari/537.36
- Referrer: http://localhost:3000/
- Host: localhost:3000
- IP: unknown
[2025-05-23T22:00:08.346Z] Request: HEAD /fonts/JetBrainsMono-Regular.woff2
- User-Agent: Mozilla/5.0 (Macintosh; Intel Mac OS X 10_15_7) AppleWebKit/537.36 (KHTML, like Gecko) HeadlessChrome/136.0.0.0 Safari/537.36
- Referrer: http://localhost:3000/
- Host: localhost:3000
- IP: unknown
[2025-05-23T22:00:08.346Z] Request: HEAD /fonts/Px437_IBM_VGA_8x16.woff
- User-Agent: Mozilla/5.0 (Macintosh; Intel Mac OS X 10_15_7) AppleWebKit/537.36 (KHTML, like Gecko) HeadlessChrome/136.0.0.0 Safari/537.36
- Referrer: http://localhost:3000/
- Host: localhost:3000
- IP: unknown
[2025-05-23T22:00:08.346Z] Request: HEAD /fonts/Share_Tech_Mono.woff
- User-Agent: Mozilla/5.0 (Macintosh; Intel Mac OS X 10_15_7) AppleWebKit/537.36 (KHTML, like Gecko) HeadlessChrome/136.0.0.0 Safari/537.36
- Referrer: http://localhost:3000/
- Host: localhost:3000
- IP: unknown
[2025-05-23T22:00:08.354Z] Request: HEAD /fonts/IBMPlexMono-Regular.woff2
- User-Agent: Mozilla/5.0 (Macintosh; Intel Mac OS X 10_15_7) AppleWebKit/537.36 (KHTML, like Gecko) HeadlessChrome/136.0.0.0 Safari/537.36
- Referrer: http://localhost:3000/
- Host: localhost:3000
- IP: unknown
[2025-05-23T22:00:08.354Z] Request: HEAD /fonts/IBMPlexMono-Bold.woff2
- User-Agent: Mozilla/5.0 (Macintosh; Intel Mac OS X 10_15_7) AppleWebKit/537.36 (KHTML, like Gecko) HeadlessChrome/136.0.0.0 Safari/537.36
- Referrer: http://localhost:3000/
- Host: localhost:3000
- IP: unknown
[2025-05-23T22:00:08.354Z] Request: HEAD /fonts/IBMPlexMono-Medium.woff2
- User-Agent: Mozilla/5.0 (Macintosh; Intel Mac OS X 10_15_7) AppleWebKit/537.36 (KHTML, like Gecko) HeadlessChrome/136.0.0.0 Safari/537.36
- Referrer: http://localhost:3000/
- Host: localhost:3000
- IP: unknown
[2025-05-23T22:00:08.354Z] Request: HEAD /fonts/JetBrainsMono-Regular.woff2
- User-Agent: Mozilla/5.0 (Macintosh; Intel Mac OS X 10_15_7) AppleWebKit/537.36 (KHTML, like Gecko) HeadlessChrome/136.0.0.0 Safari/537.36
- Referrer: http://localhost:3000/
- Host: localhost:3000
- IP: unknown
[2025-05-23T22:00:08.354Z] Request: HEAD /fonts/Px437_IBM_VGA_8x16.woff
- User-Agent: Mozilla/5.0 (Macintosh; Intel Mac OS X 10_15_7) AppleWebKit/537.36 (KHTML, like Gecko) HeadlessChrome/136.0.0.0 Safari/537.36
- Referrer: http://localhost:3000/
- Host: localhost:3000
- IP: unknown
[2025-05-23T22:00:08.354Z] Request: HEAD /fonts/Share_Tech_Mono.woff
- User-Agent: Mozilla/5.0 (Macintosh; Intel Mac OS X 10_15_7) AppleWebKit/537.36 (KHTML, like Gecko) HeadlessChrome/136.0.0.0 Safari/537.36
- Referrer: http://localhost:3000/
- Host: localhost:3000
- IP: unknown
[2025-05-23T22:00:08.362Z] Request: GET /fonts/IBMPlexMono-Medium.woff2
- User-Agent: Mozilla/5.0 (Macintosh; Intel Mac OS X 10_15_7) AppleWebKit/537.36 (KHTML, like Gecko) HeadlessChrome/136.0.0.0 Safari/537.36
- Referrer: http://localhost:3000/
- Host: localhost:3000
- IP: unknown
[2025-05-23T22:00:08.362Z] Request: GET /fonts/IBMPlexMono-Regular.woff2
- User-Agent: Mozilla/5.0 (Macintosh; Intel Mac OS X 10_15_7) AppleWebKit/537.36 (KHTML, like Gecko) HeadlessChrome/136.0.0.0 Safari/537.36
- Referrer: http://localhost:3000/
- Host: localhost:3000
- IP: unknown
[2025-05-23T22:00:08.362Z] Request: GET /fonts/JetBrainsMono-Regular.woff2
- User-Agent: Mozilla/5.0 (Macintosh; Intel Mac OS X 10_15_7) AppleWebKit/537.36 (KHTML, like Gecko) HeadlessChrome/136.0.0.0 Safari/537.36
- Referrer: http://localhost:3000/
- Host: localhost:3000
- IP: unknown
[2025-05-23T22:00:08.362Z] Request: GET /fonts/IBMPlexMono-Bold.woff2
- User-Agent: Mozilla/5.0 (Macintosh; Intel Mac OS X 10_15_7) AppleWebKit/537.36 (KHTML, like Gecko) HeadlessChrome/136.0.0.0 Safari/537.36
- Referrer: http://localhost:3000/
- Host: localhost:3000
- IP: unknown
[2025-05-23T22:00:08.362Z] Request: GET /fonts/Px437_IBM_VGA_8x16.woff
- User-Agent: Mozilla/5.0 (Macintosh; Intel Mac OS X 10_15_7) AppleWebKit/537.36 (KHTML, like Gecko) HeadlessChrome/136.0.0.0 Safari/537.36
- Referrer: http://localhost:3000/
- Host: localhost:3000
- IP: unknown
[2025-05-23T22:00:08.362Z] Request: GET /fonts/Share_Tech_Mono.woff
- User-Agent: Mozilla/5.0 (Macintosh; Intel Mac OS X 10_15_7) AppleWebKit/537.36 (KHTML, like Gecko) HeadlessChrome/136.0.0.0 Safari/537.36
- Referrer: http://localhost:3000/
- Host: localhost:3000
- IP: unknown
[2025-05-23T22:00:08.371Z] Request: GET /fonts/IBMPlexMono-Regular.woff2
- User-Agent: Mozilla/5.0 (Macintosh; Intel Mac OS X 10_15_7) AppleWebKit/537.36 (KHTML, like Gecko) HeadlessChrome/136.0.0.0 Safari/537.36
- Referrer: http://localhost:3000/
- Host: localhost:3000
- IP: unknown
[2025-05-23T22:00:08.372Z] Request: GET /fonts/IBMPlexMono-Bold.woff2
- User-Agent: Mozilla/5.0 (Macintosh; Intel Mac OS X 10_15_7) AppleWebKit/537.36 (KHTML, like Gecko) HeadlessChrome/136.0.0.0 Safari/537.36
- Referrer: http://localhost:3000/
- Host: localhost:3000
- IP: unknown
[2025-05-23T22:00:08.372Z] Request: GET /fonts/JetBrainsMono-Regular.woff2
- User-Agent: Mozilla/5.0 (Macintosh; Intel Mac OS X 10_15_7) AppleWebKit/537.36 (KHTML, like Gecko) HeadlessChrome/136.0.0.0 Safari/537.36
- Referrer: http://localhost:3000/
- Host: localhost:3000
- IP: unknown
[2025-05-23T22:00:08.372Z] Request: GET /fonts/IBMPlexMono-Medium.woff2
- User-Agent: Mozilla/5.0 (Macintosh; Intel Mac OS X 10_15_7) AppleWebKit/537.36 (KHTML, like Gecko) HeadlessChrome/136.0.0.0 Safari/537.36
- Referrer: http://localhost:3000/
- Host: localhost:3000
- IP: unknown
[2025-05-23T22:00:08.372Z] Request: GET /fonts/Px437_IBM_VGA_8x16.woff
- User-Agent: Mozilla/5.0 (Macintosh; Intel Mac OS X 10_15_7) AppleWebKit/537.36 (KHTML, like Gecko) HeadlessChrome/136.0.0.0 Safari/537.36
- Referrer: http://localhost:3000/
- Host: localhost:3000
- IP: unknown
[2025-05-23T22:00:08.372Z] Request: GET /fonts/Share_Tech_Mono.woff
- User-Agent: Mozilla/5.0 (Macintosh; Intel Mac OS X 10_15_7) AppleWebKit/537.36 (KHTML, like Gecko) HeadlessChrome/136.0.0.0 Safari/537.36
- Referrer: http://localhost:3000/
- Host: localhost:3000
- IP: unknown
 ✓ Compiled in 708ms (1147 modules)
[2025-05-23T22:12:21.230Z] Request: GET /
- User-Agent: Mozilla/5.0 (Macintosh; Intel Mac OS X 10_15_7) AppleWebKit/537.36 (KHTML, like Gecko) Chrome/136.0.0.0 Safari/537.36
- Referrer: http://localhost:3000/
- Host: localhost:3000
- IP: unknown
Development mode: Skipping authentication check
 GET / 200 in 80ms
 ✓ Compiled in 333ms (1149 modules)
[2025-05-23T22:12:40.760Z] Request: GET /
- User-Agent: Mozilla/5.0 (Macintosh; Intel Mac OS X 10_15_7) AppleWebKit/537.36 (KHTML, like Gecko) Chrome/136.0.0.0 Safari/537.36
- Referrer: http://localhost:3000/
- Host: localhost:3000
- IP: unknown
Development mode: Skipping authentication check
 GET / 200 in 40ms
 ⚠ Fast Refresh had to perform a full reload. Read more: https://nextjs.org/docs/messages/fast-refresh-reload
[2025-05-23T22:12:40.836Z] Request: GET /
- User-Agent: Mozilla/5.0 (Macintosh; Intel Mac OS X 10_15_7) AppleWebKit/537.36 (KHTML, like Gecko) Chrome/136.0.0.0 Safari/537.36
- Referrer: http://localhost:3000/
- Host: localhost:3000
- IP: unknown
Development mode: Skipping authentication check
 GET / 200 in 52ms
[2025-05-23T22:12:40.915Z] Request: GET /.well-known/appspecific/com.chrome.devtools.json
- User-Agent: Mozilla/5.0 (Macintosh; Intel Mac OS X 10_15_7) AppleWebKit/537.36 (KHTML, like Gecko) Chrome/136.0.0.0 Safari/537.36
- Referrer: null
- Host: localhost:3000
- IP: unknown
Development mode: Skipping authentication check
 ✓ Compiled /_not-found in 173ms (1124 modules)
 GET /.well-known/appspecific/com.chrome.devtools.json 404 in 208ms
[2025-05-23T22:12:41.475Z] Request: HEAD /fonts/IBMPlexMono-Medium.woff2
- User-Agent: Mozilla/5.0 (Macintosh; Intel Mac OS X 10_15_7) AppleWebKit/537.36 (KHTML, like Gecko) Chrome/136.0.0.0 Safari/537.36
- Referrer: http://localhost:3000/
- Host: localhost:3000
- IP: unknown
[2025-05-23T22:12:41.475Z] Request: HEAD /fonts/IBMPlexMono-Bold.woff2
- User-Agent: Mozilla/5.0 (Macintosh; Intel Mac OS X 10_15_7) AppleWebKit/537.36 (KHTML, like Gecko) Chrome/136.0.0.0 Safari/537.36
- Referrer: http://localhost:3000/
- Host: localhost:3000
- IP: unknown
[2025-05-23T22:12:41.476Z] Request: HEAD /fonts/JetBrainsMono-Regular.woff2
- User-Agent: Mozilla/5.0 (Macintosh; Intel Mac OS X 10_15_7) AppleWebKit/537.36 (KHTML, like Gecko) Chrome/136.0.0.0 Safari/537.36
- Referrer: http://localhost:3000/
- Host: localhost:3000
- IP: unknown
[2025-05-23T22:12:41.476Z] Request: HEAD /fonts/Share_Tech_Mono.woff
- User-Agent: Mozilla/5.0 (Macintosh; Intel Mac OS X 10_15_7) AppleWebKit/537.36 (KHTML, like Gecko) Chrome/136.0.0.0 Safari/537.36
- Referrer: http://localhost:3000/
- Host: localhost:3000
- IP: unknown
[2025-05-23T22:12:41.484Z] Request: HEAD /fonts/IBMPlexMono-Medium.woff2
- User-Agent: Mozilla/5.0 (Macintosh; Intel Mac OS X 10_15_7) AppleWebKit/537.36 (KHTML, like Gecko) Chrome/136.0.0.0 Safari/537.36
- Referrer: http://localhost:3000/
- Host: localhost:3000
- IP: unknown
[2025-05-23T22:12:41.484Z] Request: HEAD /fonts/IBMPlexMono-Bold.woff2
- User-Agent: Mozilla/5.0 (Macintosh; Intel Mac OS X 10_15_7) AppleWebKit/537.36 (KHTML, like Gecko) Chrome/136.0.0.0 Safari/537.36
- Referrer: http://localhost:3000/
- Host: localhost:3000
- IP: unknown
[2025-05-23T22:12:41.492Z] Request: HEAD /fonts/JetBrainsMono-Regular.woff2
- User-Agent: Mozilla/5.0 (Macintosh; Intel Mac OS X 10_15_7) AppleWebKit/537.36 (KHTML, like Gecko) Chrome/136.0.0.0 Safari/537.36
- Referrer: http://localhost:3000/
- Host: localhost:3000
- IP: unknown
[2025-05-23T22:12:41.493Z] Request: GET /fonts/IBMPlexMono-Regular.woff2
- User-Agent: Mozilla/5.0 (Macintosh; Intel Mac OS X 10_15_7) AppleWebKit/537.36 (KHTML, like Gecko) Chrome/136.0.0.0 Safari/537.36
- Referrer: http://localhost:3000/
- Host: localhost:3000
- IP: unknown
[2025-05-23T22:12:41.493Z] Request: HEAD /fonts/Share_Tech_Mono.woff
- User-Agent: Mozilla/5.0 (Macintosh; Intel Mac OS X 10_15_7) AppleWebKit/537.36 (KHTML, like Gecko) Chrome/136.0.0.0 Safari/537.36
- Referrer: http://localhost:3000/
- Host: localhost:3000
- IP: unknown
[2025-05-23T22:12:41.493Z] Request: GET /fonts/Px437_IBM_VGA_8x16.woff
- User-Agent: Mozilla/5.0 (Macintosh; Intel Mac OS X 10_15_7) AppleWebKit/537.36 (KHTML, like Gecko) Chrome/136.0.0.0 Safari/537.36
- Referrer: http://localhost:3000/
- Host: localhost:3000
- IP: unknown
[2025-05-23T22:12:41.498Z] Request: GET /fonts/IBMPlexMono-Regular.woff2
- User-Agent: Mozilla/5.0 (Macintosh; Intel Mac OS X 10_15_7) AppleWebKit/537.36 (KHTML, like Gecko) Chrome/136.0.0.0 Safari/537.36
- Referrer: http://localhost:3000/
- Host: localhost:3000
- IP: unknown
[2025-05-23T22:12:41.498Z] Request: GET /fonts/IBMPlexMono-Medium.woff2
- User-Agent: Mozilla/5.0 (Macintosh; Intel Mac OS X 10_15_7) AppleWebKit/537.36 (KHTML, like Gecko) Chrome/136.0.0.0 Safari/537.36
- Referrer: http://localhost:3000/
- Host: localhost:3000
- IP: unknown
[2025-05-23T22:12:41.505Z] Request: GET /fonts/IBMPlexMono-Bold.woff2
- User-Agent: Mozilla/5.0 (Macintosh; Intel Mac OS X 10_15_7) AppleWebKit/537.36 (KHTML, like Gecko) Chrome/136.0.0.0 Safari/537.36
- Referrer: http://localhost:3000/
- Host: localhost:3000
- IP: unknown
[2025-05-23T22:12:41.505Z] Request: GET /fonts/JetBrainsMono-Regular.woff2
- User-Agent: Mozilla/5.0 (Macintosh; Intel Mac OS X 10_15_7) AppleWebKit/537.36 (KHTML, like Gecko) Chrome/136.0.0.0 Safari/537.36
- Referrer: http://localhost:3000/
- Host: localhost:3000
- IP: unknown
[2025-05-23T22:12:41.507Z] Request: GET /fonts/Share_Tech_Mono.woff
- User-Agent: Mozilla/5.0 (Macintosh; Intel Mac OS X 10_15_7) AppleWebKit/537.36 (KHTML, like Gecko) Chrome/136.0.0.0 Safari/537.36
- Referrer: http://localhost:3000/
- Host: localhost:3000
- IP: unknown
[2025-05-23T22:12:41.507Z] Request: GET /fonts/IBMPlexMono-Medium.woff2
- User-Agent: Mozilla/5.0 (Macintosh; Intel Mac OS X 10_15_7) AppleWebKit/537.36 (KHTML, like Gecko) Chrome/136.0.0.0 Safari/537.36
- Referrer: http://localhost:3000/
- Host: localhost:3000
- IP: unknown
[2025-05-23T22:12:41.510Z] Request: GET /fonts/IBMPlexMono-Bold.woff2
- User-Agent: Mozilla/5.0 (Macintosh; Intel Mac OS X 10_15_7) AppleWebKit/537.36 (KHTML, like Gecko) Chrome/136.0.0.0 Safari/537.36
- Referrer: http://localhost:3000/
- Host: localhost:3000
- IP: unknown
[2025-05-23T22:12:41.510Z] Request: GET /fonts/JetBrainsMono-Regular.woff2
- User-Agent: Mozilla/5.0 (Macintosh; Intel Mac OS X 10_15_7) AppleWebKit/537.36 (KHTML, like Gecko) Chrome/136.0.0.0 Safari/537.36
- Referrer: http://localhost:3000/
- Host: localhost:3000
- IP: unknown
[2025-05-23T22:12:41.513Z] Request: GET /fonts/Share_Tech_Mono.woff
- User-Agent: Mozilla/5.0 (Macintosh; Intel Mac OS X 10_15_7) AppleWebKit/537.36 (KHTML, like Gecko) Chrome/136.0.0.0 Safari/537.36
- Referrer: http://localhost:3000/
- Host: localhost:3000
- IP: unknown
 ✓ Compiled in 266ms (543 modules)
[2025-05-23T22:13:37.765Z] Request: GET /
- User-Agent: Mozilla/5.0 (Macintosh; Intel Mac OS X 10_15_7) AppleWebKit/537.36 (KHTML, like Gecko) Chrome/136.0.0.0 Safari/537.36
- Referrer: http://localhost:3000/
- Host: localhost:3000
- IP: unknown
Development mode: Skipping authentication check
 GET / 200 in 45ms
[2025-05-23T22:14:12.434Z] Request: GET /
- User-Agent: Mozilla/5.0 (Macintosh; Intel Mac OS X 10_15_7) AppleWebKit/537.36 (KHTML, like Gecko) HeadlessChrome/136.0.0.0 Safari/537.36
- Referrer: null
- Host: localhost:3000
- IP: unknown
Development mode: Skipping authentication check
 GET / 200 in 73ms
[2025-05-23T22:14:12.520Z] Request: GET /fonts/Px437_IBM_VGA_8x16.woff
- User-Agent: Mozilla/5.0 (Macintosh; Intel Mac OS X 10_15_7) AppleWebKit/537.36 (KHTML, like Gecko) HeadlessChrome/136.0.0.0 Safari/537.36
- Referrer: http://localhost:3000/
- Host: localhost:3000
- IP: unknown
[2025-05-23T22:14:12.521Z] Request: GET /fonts/JetBrainsMono-Regular.woff2
- User-Agent: Mozilla/5.0 (Macintosh; Intel Mac OS X 10_15_7) AppleWebKit/537.36 (KHTML, like Gecko) HeadlessChrome/136.0.0.0 Safari/537.36
- Referrer: http://localhost:3000/
- Host: localhost:3000
- IP: unknown
[2025-05-23T22:14:12.521Z] Request: GET /fonts/Share_Tech_Mono.woff
- User-Agent: Mozilla/5.0 (Macintosh; Intel Mac OS X 10_15_7) AppleWebKit/537.36 (KHTML, like Gecko) HeadlessChrome/136.0.0.0 Safari/537.36
- Referrer: http://localhost:3000/
- Host: localhost:3000
- IP: unknown
 ✓ Compiled /favicon.ico in 161ms (625 modules)
 GET /favicon.ico 200 in 240ms
[2025-05-23T22:14:13.019Z] Request: HEAD /fonts/IBMPlexMono-Regular.woff2
- User-Agent: Mozilla/5.0 (Macintosh; Intel Mac OS X 10_15_7) AppleWebKit/537.36 (KHTML, like Gecko) HeadlessChrome/136.0.0.0 Safari/537.36
- Referrer: http://localhost:3000/
- Host: localhost:3000
- IP: unknown
[2025-05-23T22:14:13.019Z] Request: HEAD /fonts/IBMPlexMono-Medium.woff2
- User-Agent: Mozilla/5.0 (Macintosh; Intel Mac OS X 10_15_7) AppleWebKit/537.36 (KHTML, like Gecko) HeadlessChrome/136.0.0.0 Safari/537.36
- Referrer: http://localhost:3000/
- Host: localhost:3000
- IP: unknown
[2025-05-23T22:14:13.019Z] Request: HEAD /fonts/IBMPlexMono-Bold.woff2
- User-Agent: Mozilla/5.0 (Macintosh; Intel Mac OS X 10_15_7) AppleWebKit/537.36 (KHTML, like Gecko) HeadlessChrome/136.0.0.0 Safari/537.36
- Referrer: http://localhost:3000/
- Host: localhost:3000
- IP: unknown
[2025-05-23T22:14:13.019Z] Request: HEAD /fonts/Px437_IBM_VGA_8x16.woff
- User-Agent: Mozilla/5.0 (Macintosh; Intel Mac OS X 10_15_7) AppleWebKit/537.36 (KHTML, like Gecko) HeadlessChrome/136.0.0.0 Safari/537.36
- Referrer: http://localhost:3000/
- Host: localhost:3000
- IP: unknown
[2025-05-23T22:14:13.019Z] Request: HEAD /fonts/JetBrainsMono-Regular.woff2
- User-Agent: Mozilla/5.0 (Macintosh; Intel Mac OS X 10_15_7) AppleWebKit/537.36 (KHTML, like Gecko) HeadlessChrome/136.0.0.0 Safari/537.36
- Referrer: http://localhost:3000/
- Host: localhost:3000
- IP: unknown
[2025-05-23T22:14:13.027Z] Request: HEAD /fonts/IBMPlexMono-Bold.woff2
- User-Agent: Mozilla/5.0 (Macintosh; Intel Mac OS X 10_15_7) AppleWebKit/537.36 (KHTML, like Gecko) HeadlessChrome/136.0.0.0 Safari/537.36
- Referrer: http://localhost:3000/
- Host: localhost:3000
- IP: unknown
[2025-05-23T22:14:13.027Z] Request: HEAD /fonts/IBMPlexMono-Medium.woff2
- User-Agent: Mozilla/5.0 (Macintosh; Intel Mac OS X 10_15_7) AppleWebKit/537.36 (KHTML, like Gecko) HeadlessChrome/136.0.0.0 Safari/537.36
- Referrer: http://localhost:3000/
- Host: localhost:3000
- IP: unknown
[2025-05-23T22:14:13.027Z] Request: HEAD /fonts/JetBrainsMono-Regular.woff2
- User-Agent: Mozilla/5.0 (Macintosh; Intel Mac OS X 10_15_7) AppleWebKit/537.36 (KHTML, like Gecko) HeadlessChrome/136.0.0.0 Safari/537.36
- Referrer: http://localhost:3000/
- Host: localhost:3000
- IP: unknown
[2025-05-23T22:14:13.027Z] Request: HEAD /fonts/IBMPlexMono-Regular.woff2
- User-Agent: Mozilla/5.0 (Macintosh; Intel Mac OS X 10_15_7) AppleWebKit/537.36 (KHTML, like Gecko) HeadlessChrome/136.0.0.0 Safari/537.36
- Referrer: http://localhost:3000/
- Host: localhost:3000
- IP: unknown
[2025-05-23T22:14:13.027Z] Request: HEAD /fonts/Share_Tech_Mono.woff
- User-Agent: Mozilla/5.0 (Macintosh; Intel Mac OS X 10_15_7) AppleWebKit/537.36 (KHTML, like Gecko) HeadlessChrome/136.0.0.0 Safari/537.36
- Referrer: http://localhost:3000/
- Host: localhost:3000
- IP: unknown
[2025-05-23T22:14:13.027Z] Request: HEAD /fonts/Px437_IBM_VGA_8x16.woff
- User-Agent: Mozilla/5.0 (Macintosh; Intel Mac OS X 10_15_7) AppleWebKit/537.36 (KHTML, like Gecko) HeadlessChrome/136.0.0.0 Safari/537.36
- Referrer: http://localhost:3000/
- Host: localhost:3000
- IP: unknown
[2025-05-23T22:14:13.033Z] Request: GET /fonts/IBMPlexMono-Medium.woff2
- User-Agent: Mozilla/5.0 (Macintosh; Intel Mac OS X 10_15_7) AppleWebKit/537.36 (KHTML, like Gecko) HeadlessChrome/136.0.0.0 Safari/537.36
- Referrer: http://localhost:3000/
- Host: localhost:3000
- IP: unknown
[2025-05-23T22:14:13.033Z] Request: GET /fonts/IBMPlexMono-Regular.woff2
- User-Agent: Mozilla/5.0 (Macintosh; Intel Mac OS X 10_15_7) AppleWebKit/537.36 (KHTML, like Gecko) HeadlessChrome/136.0.0.0 Safari/537.36
- Referrer: http://localhost:3000/
- Host: localhost:3000
- IP: unknown
[2025-05-23T22:14:13.033Z] Request: GET /fonts/IBMPlexMono-Bold.woff2
- User-Agent: Mozilla/5.0 (Macintosh; Intel Mac OS X 10_15_7) AppleWebKit/537.36 (KHTML, like Gecko) HeadlessChrome/136.0.0.0 Safari/537.36
- Referrer: http://localhost:3000/
- Host: localhost:3000
- IP: unknown
[2025-05-23T22:14:13.033Z] Request: GET /fonts/Px437_IBM_VGA_8x16.woff
- User-Agent: Mozilla/5.0 (Macintosh; Intel Mac OS X 10_15_7) AppleWebKit/537.36 (KHTML, like Gecko) HeadlessChrome/136.0.0.0 Safari/537.36
- Referrer: http://localhost:3000/
- Host: localhost:3000
- IP: unknown
[2025-05-23T22:14:13.033Z] Request: GET /fonts/JetBrainsMono-Regular.woff2
- User-Agent: Mozilla/5.0 (Macintosh; Intel Mac OS X 10_15_7) AppleWebKit/537.36 (KHTML, like Gecko) HeadlessChrome/136.0.0.0 Safari/537.36
- Referrer: http://localhost:3000/
- Host: localhost:3000
- IP: unknown
[2025-05-23T22:14:13.033Z] Request: HEAD /fonts/Share_Tech_Mono.woff
- User-Agent: Mozilla/5.0 (Macintosh; Intel Mac OS X 10_15_7) AppleWebKit/537.36 (KHTML, like Gecko) HeadlessChrome/136.0.0.0 Safari/537.36
- Referrer: http://localhost:3000/
- Host: localhost:3000
- IP: unknown
[2025-05-23T22:14:13.041Z] Request: GET /fonts/IBMPlexMono-Bold.woff2
- User-Agent: Mozilla/5.0 (Macintosh; Intel Mac OS X 10_15_7) AppleWebKit/537.36 (KHTML, like Gecko) HeadlessChrome/136.0.0.0 Safari/537.36
- Referrer: http://localhost:3000/
- Host: localhost:3000
- IP: unknown
[2025-05-23T22:14:13.041Z] Request: GET /fonts/IBMPlexMono-Medium.woff2
- User-Agent: Mozilla/5.0 (Macintosh; Intel Mac OS X 10_15_7) AppleWebKit/537.36 (KHTML, like Gecko) HeadlessChrome/136.0.0.0 Safari/537.36
- Referrer: http://localhost:3000/
- Host: localhost:3000
- IP: unknown
[2025-05-23T22:14:13.041Z] Request: GET /fonts/JetBrainsMono-Regular.woff2
- User-Agent: Mozilla/5.0 (Macintosh; Intel Mac OS X 10_15_7) AppleWebKit/537.36 (KHTML, like Gecko) HeadlessChrome/136.0.0.0 Safari/537.36
- Referrer: http://localhost:3000/
- Host: localhost:3000
- IP: unknown
[2025-05-23T22:14:13.041Z] Request: GET /fonts/Share_Tech_Mono.woff
- User-Agent: Mozilla/5.0 (Macintosh; Intel Mac OS X 10_15_7) AppleWebKit/537.36 (KHTML, like Gecko) HeadlessChrome/136.0.0.0 Safari/537.36
- Referrer: http://localhost:3000/
- Host: localhost:3000
- IP: unknown
[2025-05-23T22:14:13.041Z] Request: GET /fonts/IBMPlexMono-Regular.woff2
- User-Agent: Mozilla/5.0 (Macintosh; Intel Mac OS X 10_15_7) AppleWebKit/537.36 (KHTML, like Gecko) HeadlessChrome/136.0.0.0 Safari/537.36
- Referrer: http://localhost:3000/
- Host: localhost:3000
- IP: unknown
[2025-05-23T22:14:13.041Z] Request: GET /fonts/Px437_IBM_VGA_8x16.woff
- User-Agent: Mozilla/5.0 (Macintosh; Intel Mac OS X 10_15_7) AppleWebKit/537.36 (KHTML, like Gecko) HeadlessChrome/136.0.0.0 Safari/537.36
- Referrer: http://localhost:3000/
- Host: localhost:3000
- IP: unknown
 GET /favicon.ico 200 in 4ms
[2025-05-23T22:14:13.050Z] Request: GET /fonts/Share_Tech_Mono.woff
- User-Agent: Mozilla/5.0 (Macintosh; Intel Mac OS X 10_15_7) AppleWebKit/537.36 (KHTML, like Gecko) HeadlessChrome/136.0.0.0 Safari/537.36
- Referrer: http://localhost:3000/
- Host: localhost:3000
- IP: unknown
[?25h
