
> modern-diy-recipes@0.1.0 dev
> next dev

   ▲ Next.js 15.3.0
   - Local:        http://localhost:3000
   - Network:      http://192.168.1.148:3000
   - Environments: .env.local, .env

 ✓ Starting...
 ✓ Ready in 1021ms
 ✓ Compiled /middleware in 459ms (248 modules)
[2025-05-22T22:23:25.127Z] Request: GET /
- User-Agent: Mozilla/5.0 (Macintosh; Intel Mac OS X 10_15_7) AppleWebKit/537.36 (KHTML, like Gecko) Chrome/135.0.0.0 Safari/537.36
- Referrer: http://localhost:3000/
- Host: localhost:3000
- IP: unknown
Development mode: Skipping authentication check
 ○ Compiling / ...
 ✓ Compiled / in 2.2s (1187 modules)
Module "DIY Formulations" (formulations) registered successfully
Module "Settings" (settings) registered successfully
 GET / 200 in 2358ms
[2025-05-22T22:23:27.664Z] Request: GET /fonts/JetBrainsMono-Regular.woff2
- User-Agent: Mozilla/5.0 (Macintosh; Intel Mac OS X 10_15_7) AppleWebKit/537.36 (KHTML, like Gecko) Chrome/135.0.0.0 Safari/537.36
- Referrer: http://localhost:3000/
- Host: localhost:3000
- IP: unknown
[2025-05-22T22:23:27.664Z] Request: GET /fix-only-colors.js
- User-Agent: Mozilla/5.0 (Macintosh; Intel Mac OS X 10_15_7) AppleWebKit/537.36 (KHTML, like Gecko) Chrome/135.0.0.0 Safari/537.36
- Referrer: http://localhost:3000/
- Host: localhost:3000
- IP: unknown
Development mode: Skipping authentication check
[2025-05-22T22:23:27.949Z] Request: HEAD /fonts/IBMPlexMono-Regular.woff2
- User-Agent: Mozilla/5.0 (Macintosh; Intel Mac OS X 10_15_7) AppleWebKit/537.36 (KHTML, like Gecko) Chrome/135.0.0.0 Safari/537.36
- Referrer: http://localhost:3000/
- Host: localhost:3000
- IP: unknown
[2025-05-22T22:23:27.949Z] Request: HEAD /fonts/IBMPlexMono-Medium.woff2
- User-Agent: Mozilla/5.0 (Macintosh; Intel Mac OS X 10_15_7) AppleWebKit/537.36 (KHTML, like Gecko) Chrome/135.0.0.0 Safari/537.36
- Referrer: http://localhost:3000/
- Host: localhost:3000
- IP: unknown
[2025-05-22T22:23:27.949Z] Request: HEAD /fonts/IBMPlexMono-Bold.woff2
- User-Agent: Mozilla/5.0 (Macintosh; Intel Mac OS X 10_15_7) AppleWebKit/537.36 (KHTML, like Gecko) Chrome/135.0.0.0 Safari/537.36
- Referrer: http://localhost:3000/
- Host: localhost:3000
- IP: unknown
[2025-05-22T22:23:27.949Z] Request: HEAD /fonts/JetBrainsMono-Regular.woff2
- User-Agent: Mozilla/5.0 (Macintosh; Intel Mac OS X 10_15_7) AppleWebKit/537.36 (KHTML, like Gecko) Chrome/135.0.0.0 Safari/537.36
- Referrer: http://localhost:3000/
- Host: localhost:3000
- IP: unknown
[2025-05-22T22:23:27.949Z] Request: HEAD /fonts/Share_Tech_Mono.woff
- User-Agent: Mozilla/5.0 (Macintosh; Intel Mac OS X 10_15_7) AppleWebKit/537.36 (KHTML, like Gecko) Chrome/135.0.0.0 Safari/537.36
- Referrer: http://localhost:3000/
- Host: localhost:3000
- IP: unknown
[2025-05-22T22:23:27.950Z] Request: HEAD /fonts/IBMPlexMono-Regular.woff2
- User-Agent: Mozilla/5.0 (Macintosh; Intel Mac OS X 10_15_7) AppleWebKit/537.36 (KHTML, like Gecko) Chrome/135.0.0.0 Safari/537.36
- Referrer: http://localhost:3000/
- Host: localhost:3000
- IP: unknown
[2025-05-22T22:23:27.957Z] Request: HEAD /fonts/IBMPlexMono-Medium.woff2
- User-Agent: Mozilla/5.0 (Macintosh; Intel Mac OS X 10_15_7) AppleWebKit/537.36 (KHTML, like Gecko) Chrome/135.0.0.0 Safari/537.36
- Referrer: http://localhost:3000/
- Host: localhost:3000
- IP: unknown
[2025-05-22T22:23:27.958Z] Request: HEAD /fonts/IBMPlexMono-Bold.woff2
- User-Agent: Mozilla/5.0 (Macintosh; Intel Mac OS X 10_15_7) AppleWebKit/537.36 (KHTML, like Gecko) Chrome/135.0.0.0 Safari/537.36
- Referrer: http://localhost:3000/
- Host: localhost:3000
- IP: unknown
[2025-05-22T22:23:27.958Z] Request: HEAD /fonts/Share_Tech_Mono.woff
- User-Agent: Mozilla/5.0 (Macintosh; Intel Mac OS X 10_15_7) AppleWebKit/537.36 (KHTML, like Gecko) Chrome/135.0.0.0 Safari/537.36
- Referrer: http://localhost:3000/
- Host: localhost:3000
- IP: unknown
[2025-05-22T22:23:27.958Z] Request: HEAD /fonts/JetBrainsMono-Regular.woff2
- User-Agent: Mozilla/5.0 (Macintosh; Intel Mac OS X 10_15_7) AppleWebKit/537.36 (KHTML, like Gecko) Chrome/135.0.0.0 Safari/537.36
- Referrer: http://localhost:3000/
- Host: localhost:3000
- IP: unknown
[2025-05-22T22:23:27.958Z] Request: GET /fonts/Px437_IBM_VGA_8x16.woff
- User-Agent: Mozilla/5.0 (Macintosh; Intel Mac OS X 10_15_7) AppleWebKit/537.36 (KHTML, like Gecko) Chrome/135.0.0.0 Safari/537.36
- Referrer: http://localhost:3000/
- Host: localhost:3000
- IP: unknown
[2025-05-22T22:23:27.958Z] Request: GET /fonts/Px437_IBM_VGA_8x16.woff
- User-Agent: Mozilla/5.0 (Macintosh; Intel Mac OS X 10_15_7) AppleWebKit/537.36 (KHTML, like Gecko) Chrome/135.0.0.0 Safari/537.36
- Referrer: http://localhost:3000/
- Host: localhost:3000
- IP: unknown
[2025-05-22T22:23:27.965Z] Request: GET /fonts/IBMPlexMono-Regular.woff2
- User-Agent: Mozilla/5.0 (Macintosh; Intel Mac OS X 10_15_7) AppleWebKit/537.36 (KHTML, like Gecko) Chrome/135.0.0.0 Safari/537.36
- Referrer: http://localhost:3000/
- Host: localhost:3000
- IP: unknown
[2025-05-22T22:23:27.965Z] Request: GET /fonts/JetBrainsMono-Regular.woff2
- User-Agent: Mozilla/5.0 (Macintosh; Intel Mac OS X 10_15_7) AppleWebKit/537.36 (KHTML, like Gecko) Chrome/135.0.0.0 Safari/537.36
- Referrer: http://localhost:3000/
- Host: localhost:3000
- IP: unknown
[2025-05-22T22:23:27.965Z] Request: GET /fonts/IBMPlexMono-Medium.woff2
- User-Agent: Mozilla/5.0 (Macintosh; Intel Mac OS X 10_15_7) AppleWebKit/537.36 (KHTML, like Gecko) Chrome/135.0.0.0 Safari/537.36
- Referrer: http://localhost:3000/
- Host: localhost:3000
- IP: unknown
[2025-05-22T22:23:27.965Z] Request: GET /fonts/IBMPlexMono-Bold.woff2
- User-Agent: Mozilla/5.0 (Macintosh; Intel Mac OS X 10_15_7) AppleWebKit/537.36 (KHTML, like Gecko) Chrome/135.0.0.0 Safari/537.36
- Referrer: http://localhost:3000/
- Host: localhost:3000
- IP: unknown
[2025-05-22T22:23:27.965Z] Request: GET /fonts/Share_Tech_Mono.woff
- User-Agent: Mozilla/5.0 (Macintosh; Intel Mac OS X 10_15_7) AppleWebKit/537.36 (KHTML, like Gecko) Chrome/135.0.0.0 Safari/537.36
- Referrer: http://localhost:3000/
- Host: localhost:3000
- IP: unknown
[2025-05-22T22:23:27.969Z] Request: GET /fonts/IBMPlexMono-Regular.woff2
- User-Agent: Mozilla/5.0 (Macintosh; Intel Mac OS X 10_15_7) AppleWebKit/537.36 (KHTML, like Gecko) Chrome/135.0.0.0 Safari/537.36
- Referrer: http://localhost:3000/
- Host: localhost:3000
- IP: unknown
[2025-05-22T22:23:27.976Z] Request: GET /fonts/Share_Tech_Mono.woff
- User-Agent: Mozilla/5.0 (Macintosh; Intel Mac OS X 10_15_7) AppleWebKit/537.36 (KHTML, like Gecko) Chrome/135.0.0.0 Safari/537.36
- Referrer: http://localhost:3000/
- Host: localhost:3000
- IP: unknown
[2025-05-22T22:23:27.976Z] Request: GET /fonts/IBMPlexMono-Medium.woff2
- User-Agent: Mozilla/5.0 (Macintosh; Intel Mac OS X 10_15_7) AppleWebKit/537.36 (KHTML, like Gecko) Chrome/135.0.0.0 Safari/537.36
- Referrer: http://localhost:3000/
- Host: localhost:3000
- IP: unknown
[2025-05-22T22:23:27.976Z] Request: GET /fonts/IBMPlexMono-Bold.woff2
- User-Agent: Mozilla/5.0 (Macintosh; Intel Mac OS X 10_15_7) AppleWebKit/537.36 (KHTML, like Gecko) Chrome/135.0.0.0 Safari/537.36
- Referrer: http://localhost:3000/
- Host: localhost:3000
- IP: unknown
[2025-05-22T22:23:27.976Z] Request: GET /fonts/JetBrainsMono-Regular.woff2
- User-Agent: Mozilla/5.0 (Macintosh; Intel Mac OS X 10_15_7) AppleWebKit/537.36 (KHTML, like Gecko) Chrome/135.0.0.0 Safari/537.36
- Referrer: http://localhost:3000/
- Host: localhost:3000
- IP: unknown
[2025-05-22T22:23:37.760Z] Request: GET /
- User-Agent: Mozilla/5.0 (Macintosh; Intel Mac OS X 10_15_7) AppleWebKit/537.36 (KHTML, like Gecko) Chrome/135.0.0.0 Safari/537.36
- Referrer: http://localhost:3000/
- Host: localhost:3000
- IP: unknown
Development mode: Skipping authentication check
 GET / 200 in 46ms
[2025-05-22T22:23:37.818Z] Request: GET /fix-only-colors.js
- User-Agent: Mozilla/5.0 (Macintosh; Intel Mac OS X 10_15_7) AppleWebKit/537.36 (KHTML, like Gecko) Chrome/135.0.0.0 Safari/537.36
- Referrer: http://localhost:3000/
- Host: localhost:3000
- IP: unknown
Development mode: Skipping authentication check
[2025-05-22T22:23:38.049Z] Request: HEAD /fonts/IBMPlexMono-Regular.woff2
- User-Agent: Mozilla/5.0 (Macintosh; Intel Mac OS X 10_15_7) AppleWebKit/537.36 (KHTML, like Gecko) Chrome/135.0.0.0 Safari/537.36
- Referrer: http://localhost:3000/
- Host: localhost:3000
- IP: unknown
[2025-05-22T22:23:38.049Z] Request: HEAD /fonts/JetBrainsMono-Regular.woff2
- User-Agent: Mozilla/5.0 (Macintosh; Intel Mac OS X 10_15_7) AppleWebKit/537.36 (KHTML, like Gecko) Chrome/135.0.0.0 Safari/537.36
- Referrer: http://localhost:3000/
- Host: localhost:3000
- IP: unknown
[2025-05-22T22:23:38.049Z] Request: HEAD /fonts/IBMPlexMono-Bold.woff2
- User-Agent: Mozilla/5.0 (Macintosh; Intel Mac OS X 10_15_7) AppleWebKit/537.36 (KHTML, like Gecko) Chrome/135.0.0.0 Safari/537.36
- Referrer: http://localhost:3000/
- Host: localhost:3000
- IP: unknown
[2025-05-22T22:23:38.049Z] Request: HEAD /fonts/IBMPlexMono-Medium.woff2
- User-Agent: Mozilla/5.0 (Macintosh; Intel Mac OS X 10_15_7) AppleWebKit/537.36 (KHTML, like Gecko) Chrome/135.0.0.0 Safari/537.36
- Referrer: http://localhost:3000/
- Host: localhost:3000
- IP: unknown
[2025-05-22T22:23:38.050Z] Request: HEAD /fonts/IBMPlexMono-Regular.woff2
- User-Agent: Mozilla/5.0 (Macintosh; Intel Mac OS X 10_15_7) AppleWebKit/537.36 (KHTML, like Gecko) Chrome/135.0.0.0 Safari/537.36
- Referrer: http://localhost:3000/
- Host: localhost:3000
- IP: unknown
[2025-05-22T22:23:38.050Z] Request: HEAD /fonts/Share_Tech_Mono.woff
- User-Agent: Mozilla/5.0 (Macintosh; Intel Mac OS X 10_15_7) AppleWebKit/537.36 (KHTML, like Gecko) Chrome/135.0.0.0 Safari/537.36
- Referrer: http://localhost:3000/
- Host: localhost:3000
- IP: unknown
[2025-05-22T22:23:38.058Z] Request: HEAD /fonts/IBMPlexMono-Medium.woff2
- User-Agent: Mozilla/5.0 (Macintosh; Intel Mac OS X 10_15_7) AppleWebKit/537.36 (KHTML, like Gecko) Chrome/135.0.0.0 Safari/537.36
- Referrer: http://localhost:3000/
- Host: localhost:3000
- IP: unknown
[2025-05-22T22:23:38.058Z] Request: HEAD /fonts/IBMPlexMono-Bold.woff2
- User-Agent: Mozilla/5.0 (Macintosh; Intel Mac OS X 10_15_7) AppleWebKit/537.36 (KHTML, like Gecko) Chrome/135.0.0.0 Safari/537.36
- Referrer: http://localhost:3000/
- Host: localhost:3000
- IP: unknown
[2025-05-22T22:23:38.058Z] Request: HEAD /fonts/Share_Tech_Mono.woff
- User-Agent: Mozilla/5.0 (Macintosh; Intel Mac OS X 10_15_7) AppleWebKit/537.36 (KHTML, like Gecko) Chrome/135.0.0.0 Safari/537.36
- Referrer: http://localhost:3000/
- Host: localhost:3000
- IP: unknown
[2025-05-22T22:23:38.058Z] Request: HEAD /fonts/JetBrainsMono-Regular.woff2
- User-Agent: Mozilla/5.0 (Macintosh; Intel Mac OS X 10_15_7) AppleWebKit/537.36 (KHTML, like Gecko) Chrome/135.0.0.0 Safari/537.36
- Referrer: http://localhost:3000/
- Host: localhost:3000
- IP: unknown
[2025-05-22T22:23:38.058Z] Request: GET /fonts/Px437_IBM_VGA_8x16.woff
- User-Agent: Mozilla/5.0 (Macintosh; Intel Mac OS X 10_15_7) AppleWebKit/537.36 (KHTML, like Gecko) Chrome/135.0.0.0 Safari/537.36
- Referrer: http://localhost:3000/
- Host: localhost:3000
- IP: unknown
[2025-05-22T22:23:38.058Z] Request: GET /fonts/IBMPlexMono-Regular.woff2
- User-Agent: Mozilla/5.0 (Macintosh; Intel Mac OS X 10_15_7) AppleWebKit/537.36 (KHTML, like Gecko) Chrome/135.0.0.0 Safari/537.36
- Referrer: http://localhost:3000/
- Host: localhost:3000
- IP: unknown
[2025-05-22T22:23:38.066Z] Request: GET /fonts/JetBrainsMono-Regular.woff2
- User-Agent: Mozilla/5.0 (Macintosh; Intel Mac OS X 10_15_7) AppleWebKit/537.36 (KHTML, like Gecko) Chrome/135.0.0.0 Safari/537.36
- Referrer: http://localhost:3000/
- Host: localhost:3000
- IP: unknown
[2025-05-22T22:23:38.066Z] Request: GET /fonts/IBMPlexMono-Medium.woff2
- User-Agent: Mozilla/5.0 (Macintosh; Intel Mac OS X 10_15_7) AppleWebKit/537.36 (KHTML, like Gecko) Chrome/135.0.0.0 Safari/537.36
- Referrer: http://localhost:3000/
- Host: localhost:3000
- IP: unknown
[2025-05-22T22:23:38.066Z] Request: GET /fonts/IBMPlexMono-Regular.woff2
- User-Agent: Mozilla/5.0 (Macintosh; Intel Mac OS X 10_15_7) AppleWebKit/537.36 (KHTML, like Gecko) Chrome/135.0.0.0 Safari/537.36
- Referrer: http://localhost:3000/
- Host: localhost:3000
- IP: unknown
[2025-05-22T22:23:38.067Z] Request: GET /fonts/IBMPlexMono-Bold.woff2
- User-Agent: Mozilla/5.0 (Macintosh; Intel Mac OS X 10_15_7) AppleWebKit/537.36 (KHTML, like Gecko) Chrome/135.0.0.0 Safari/537.36
- Referrer: http://localhost:3000/
- Host: localhost:3000
- IP: unknown
[2025-05-22T22:23:38.067Z] Request: GET /fonts/Share_Tech_Mono.woff
- User-Agent: Mozilla/5.0 (Macintosh; Intel Mac OS X 10_15_7) AppleWebKit/537.36 (KHTML, like Gecko) Chrome/135.0.0.0 Safari/537.36
- Referrer: http://localhost:3000/
- Host: localhost:3000
- IP: unknown
[2025-05-22T22:23:38.073Z] Request: GET /fonts/IBMPlexMono-Medium.woff2
- User-Agent: Mozilla/5.0 (Macintosh; Intel Mac OS X 10_15_7) AppleWebKit/537.36 (KHTML, like Gecko) Chrome/135.0.0.0 Safari/537.36
- Referrer: http://localhost:3000/
- Host: localhost:3000
- IP: unknown
[2025-05-22T22:23:38.078Z] Request: GET /fonts/Share_Tech_Mono.woff
- User-Agent: Mozilla/5.0 (Macintosh; Intel Mac OS X 10_15_7) AppleWebKit/537.36 (KHTML, like Gecko) Chrome/135.0.0.0 Safari/537.36
- Referrer: http://localhost:3000/
- Host: localhost:3000
- IP: unknown
[2025-05-22T22:23:38.078Z] Request: GET /fonts/IBMPlexMono-Bold.woff2
- User-Agent: Mozilla/5.0 (Macintosh; Intel Mac OS X 10_15_7) AppleWebKit/537.36 (KHTML, like Gecko) Chrome/135.0.0.0 Safari/537.36
- Referrer: http://localhost:3000/
- Host: localhost:3000
- IP: unknown
[2025-05-22T22:23:38.078Z] Request: GET /fonts/JetBrainsMono-Regular.woff2
- User-Agent: Mozilla/5.0 (Macintosh; Intel Mac OS X 10_15_7) AppleWebKit/537.36 (KHTML, like Gecko) Chrome/135.0.0.0 Safari/537.36
- Referrer: http://localhost:3000/
- Host: localhost:3000
- IP: unknown
[2025-05-22T22:23:38.963Z] Request: GET /
- User-Agent: Mozilla/5.0 (Macintosh; Intel Mac OS X 10_15_7) AppleWebKit/537.36 (KHTML, like Gecko) Chrome/135.0.0.0 Safari/537.36
- Referrer: http://localhost:3000/
- Host: localhost:3000
- IP: unknown
Development mode: Skipping authentication check
 GET / 200 in 35ms
[2025-05-22T22:23:39.015Z] Request: GET /fix-only-colors.js
- User-Agent: Mozilla/5.0 (Macintosh; Intel Mac OS X 10_15_7) AppleWebKit/537.36 (KHTML, like Gecko) Chrome/135.0.0.0 Safari/537.36
- Referrer: http://localhost:3000/
- Host: localhost:3000
- IP: unknown
Development mode: Skipping authentication check
[2025-05-22T22:23:39.260Z] Request: HEAD /fonts/IBMPlexMono-Regular.woff2
- User-Agent: Mozilla/5.0 (Macintosh; Intel Mac OS X 10_15_7) AppleWebKit/537.36 (KHTML, like Gecko) Chrome/135.0.0.0 Safari/537.36
- Referrer: http://localhost:3000/
- Host: localhost:3000
- IP: unknown
[2025-05-22T22:23:39.260Z] Request: HEAD /fonts/IBMPlexMono-Bold.woff2
- User-Agent: Mozilla/5.0 (Macintosh; Intel Mac OS X 10_15_7) AppleWebKit/537.36 (KHTML, like Gecko) Chrome/135.0.0.0 Safari/537.36
- Referrer: http://localhost:3000/
- Host: localhost:3000
- IP: unknown
[2025-05-22T22:23:39.260Z] Request: HEAD /fonts/IBMPlexMono-Medium.woff2
- User-Agent: Mozilla/5.0 (Macintosh; Intel Mac OS X 10_15_7) AppleWebKit/537.36 (KHTML, like Gecko) Chrome/135.0.0.0 Safari/537.36
- Referrer: http://localhost:3000/
- Host: localhost:3000
- IP: unknown
[2025-05-22T22:23:39.260Z] Request: HEAD /fonts/JetBrainsMono-Regular.woff2
- User-Agent: Mozilla/5.0 (Macintosh; Intel Mac OS X 10_15_7) AppleWebKit/537.36 (KHTML, like Gecko) Chrome/135.0.0.0 Safari/537.36
- Referrer: http://localhost:3000/
- Host: localhost:3000
- IP: unknown
[2025-05-22T22:23:39.260Z] Request: HEAD /fonts/IBMPlexMono-Regular.woff2
- User-Agent: Mozilla/5.0 (Macintosh; Intel Mac OS X 10_15_7) AppleWebKit/537.36 (KHTML, like Gecko) Chrome/135.0.0.0 Safari/537.36
- Referrer: http://localhost:3000/
- Host: localhost:3000
- IP: unknown
[2025-05-22T22:23:39.260Z] Request: HEAD /fonts/Share_Tech_Mono.woff
- User-Agent: Mozilla/5.0 (Macintosh; Intel Mac OS X 10_15_7) AppleWebKit/537.36 (KHTML, like Gecko) Chrome/135.0.0.0 Safari/537.36
- Referrer: http://localhost:3000/
- Host: localhost:3000
- IP: unknown
[2025-05-22T22:23:39.270Z] Request: HEAD /fonts/IBMPlexMono-Medium.woff2
- User-Agent: Mozilla/5.0 (Macintosh; Intel Mac OS X 10_15_7) AppleWebKit/537.36 (KHTML, like Gecko) Chrome/135.0.0.0 Safari/537.36
- Referrer: http://localhost:3000/
- Host: localhost:3000
- IP: unknown
[2025-05-22T22:23:39.270Z] Request: HEAD /fonts/IBMPlexMono-Bold.woff2
- User-Agent: Mozilla/5.0 (Macintosh; Intel Mac OS X 10_15_7) AppleWebKit/537.36 (KHTML, like Gecko) Chrome/135.0.0.0 Safari/537.36
- Referrer: http://localhost:3000/
- Host: localhost:3000
- IP: unknown
[2025-05-22T22:23:39.270Z] Request: HEAD /fonts/JetBrainsMono-Regular.woff2
- User-Agent: Mozilla/5.0 (Macintosh; Intel Mac OS X 10_15_7) AppleWebKit/537.36 (KHTML, like Gecko) Chrome/135.0.0.0 Safari/537.36
- Referrer: http://localhost:3000/
- Host: localhost:3000
- IP: unknown
[2025-05-22T22:23:39.270Z] Request: GET /fonts/IBMPlexMono-Bold.woff2
- User-Agent: Mozilla/5.0 (Macintosh; Intel Mac OS X 10_15_7) AppleWebKit/537.36 (KHTML, like Gecko) Chrome/135.0.0.0 Safari/537.36
- Referrer: http://localhost:3000/
- Host: localhost:3000
- IP: unknown
[2025-05-22T22:23:39.270Z] Request: HEAD /fonts/Share_Tech_Mono.woff
- User-Agent: Mozilla/5.0 (Macintosh; Intel Mac OS X 10_15_7) AppleWebKit/537.36 (KHTML, like Gecko) Chrome/135.0.0.0 Safari/537.36
- Referrer: http://localhost:3000/
- Host: localhost:3000
- IP: unknown
[2025-05-22T22:23:39.271Z] Request: GET /fonts/Px437_IBM_VGA_8x16.woff
- User-Agent: Mozilla/5.0 (Macintosh; Intel Mac OS X 10_15_7) AppleWebKit/537.36 (KHTML, like Gecko) Chrome/135.0.0.0 Safari/537.36
- Referrer: http://localhost:3000/
- Host: localhost:3000
- IP: unknown
[2025-05-22T22:23:39.280Z] Request: GET /fonts/IBMPlexMono-Regular.woff2
- User-Agent: Mozilla/5.0 (Macintosh; Intel Mac OS X 10_15_7) AppleWebKit/537.36 (KHTML, like Gecko) Chrome/135.0.0.0 Safari/537.36
- Referrer: http://localhost:3000/
- Host: localhost:3000
- IP: unknown
[2025-05-22T22:23:39.280Z] Request: GET /fonts/IBMPlexMono-Medium.woff2
- User-Agent: Mozilla/5.0 (Macintosh; Intel Mac OS X 10_15_7) AppleWebKit/537.36 (KHTML, like Gecko) Chrome/135.0.0.0 Safari/537.36
- Referrer: http://localhost:3000/
- Host: localhost:3000
- IP: unknown
[2025-05-22T22:23:39.280Z] Request: GET /fonts/JetBrainsMono-Regular.woff2
- User-Agent: Mozilla/5.0 (Macintosh; Intel Mac OS X 10_15_7) AppleWebKit/537.36 (KHTML, like Gecko) Chrome/135.0.0.0 Safari/537.36
- Referrer: http://localhost:3000/
- Host: localhost:3000
- IP: unknown
[2025-05-22T22:23:39.280Z] Request: GET /fonts/Share_Tech_Mono.woff
- User-Agent: Mozilla/5.0 (Macintosh; Intel Mac OS X 10_15_7) AppleWebKit/537.36 (KHTML, like Gecko) Chrome/135.0.0.0 Safari/537.36
- Referrer: http://localhost:3000/
- Host: localhost:3000
- IP: unknown
[2025-05-22T22:23:39.280Z] Request: GET /fonts/JetBrainsMono-Regular.woff2
- User-Agent: Mozilla/5.0 (Macintosh; Intel Mac OS X 10_15_7) AppleWebKit/537.36 (KHTML, like Gecko) Chrome/135.0.0.0 Safari/537.36
- Referrer: http://localhost:3000/
- Host: localhost:3000
- IP: unknown
[2025-05-22T22:23:39.284Z] Request: GET /fonts/IBMPlexMono-Bold.woff2
- User-Agent: Mozilla/5.0 (Macintosh; Intel Mac OS X 10_15_7) AppleWebKit/537.36 (KHTML, like Gecko) Chrome/135.0.0.0 Safari/537.36
- Referrer: http://localhost:3000/
- Host: localhost:3000
- IP: unknown
[2025-05-22T22:23:39.289Z] Request: GET /fonts/IBMPlexMono-Medium.woff2
- User-Agent: Mozilla/5.0 (Macintosh; Intel Mac OS X 10_15_7) AppleWebKit/537.36 (KHTML, like Gecko) Chrome/135.0.0.0 Safari/537.36
- Referrer: http://localhost:3000/
- Host: localhost:3000
- IP: unknown
[2025-05-22T22:23:39.289Z] Request: GET /fonts/Share_Tech_Mono.woff
- User-Agent: Mozilla/5.0 (Macintosh; Intel Mac OS X 10_15_7) AppleWebKit/537.36 (KHTML, like Gecko) Chrome/135.0.0.0 Safari/537.36
- Referrer: http://localhost:3000/
- Host: localhost:3000
- IP: unknown
[2025-05-22T22:24:20.951Z] Request: GET /
- User-Agent: curl/8.7.1
- Referrer: null
- Host: localhost:3000
- IP: unknown
Development mode: Skipping authentication check
 GET / 200 in 26ms
[2025-05-22T22:24:26.372Z] Request: GET /
- User-Agent: curl/8.7.1
- Referrer: null
- Host: localhost:3000
- IP: unknown
Development mode: Skipping authentication check
 GET / 200 in 17ms
[2025-05-22T22:24:48.101Z] Request: GET /
- User-Agent: Mozilla/5.0 (Macintosh; Intel Mac OS X 10_15_7) AppleWebKit/537.36 (KHTML, like Gecko) HeadlessChrome/136.0.0.0 Safari/537.36
- Referrer: null
- Host: localhost:3000
- IP: unknown
Development mode: Skipping authentication check
 GET / 200 in 18ms
[2025-05-22T22:24:48.133Z] Request: GET /fonts/JetBrainsMono-Regular.woff2
- User-Agent: Mozilla/5.0 (Macintosh; Intel Mac OS X 10_15_7) AppleWebKit/537.36 (KHTML, like Gecko) HeadlessChrome/136.0.0.0 Safari/537.36
- Referrer: http://localhost:3000/
- Host: localhost:3000
- IP: unknown
[2025-05-22T22:24:48.133Z] Request: GET /fonts/Px437_IBM_VGA_8x16.woff
- User-Agent: Mozilla/5.0 (Macintosh; Intel Mac OS X 10_15_7) AppleWebKit/537.36 (KHTML, like Gecko) HeadlessChrome/136.0.0.0 Safari/537.36
- Referrer: http://localhost:3000/
- Host: localhost:3000
- IP: unknown
[2025-05-22T22:24:48.133Z] Request: GET /fonts/Share_Tech_Mono.woff
- User-Agent: Mozilla/5.0 (Macintosh; Intel Mac OS X 10_15_7) AppleWebKit/537.36 (KHTML, like Gecko) HeadlessChrome/136.0.0.0 Safari/537.36
- Referrer: http://localhost:3000/
- Host: localhost:3000
- IP: unknown
[2025-05-22T22:24:48.133Z] Request: GET /fix-only-colors.js
- User-Agent: Mozilla/5.0 (Macintosh; Intel Mac OS X 10_15_7) AppleWebKit/537.36 (KHTML, like Gecko) HeadlessChrome/136.0.0.0 Safari/537.36
- Referrer: http://localhost:3000/
- Host: localhost:3000
- IP: unknown
Development mode: Skipping authentication check
[2025-05-22T22:24:48.463Z] Request: HEAD /fonts/IBMPlexMono-Regular.woff2
- User-Agent: Mozilla/5.0 (Macintosh; Intel Mac OS X 10_15_7) AppleWebKit/537.36 (KHTML, like Gecko) HeadlessChrome/136.0.0.0 Safari/537.36
- Referrer: http://localhost:3000/
- Host: localhost:3000
- IP: unknown
[2025-05-22T22:24:48.463Z] Request: HEAD /fonts/IBMPlexMono-Medium.woff2
- User-Agent: Mozilla/5.0 (Macintosh; Intel Mac OS X 10_15_7) AppleWebKit/537.36 (KHTML, like Gecko) HeadlessChrome/136.0.0.0 Safari/537.36
- Referrer: http://localhost:3000/
- Host: localhost:3000
- IP: unknown
[2025-05-22T22:24:48.463Z] Request: HEAD /fonts/IBMPlexMono-Bold.woff2
- User-Agent: Mozilla/5.0 (Macintosh; Intel Mac OS X 10_15_7) AppleWebKit/537.36 (KHTML, like Gecko) HeadlessChrome/136.0.0.0 Safari/537.36
- Referrer: http://localhost:3000/
- Host: localhost:3000
- IP: unknown
[2025-05-22T22:24:48.463Z] Request: HEAD /fonts/JetBrainsMono-Regular.woff2
- User-Agent: Mozilla/5.0 (Macintosh; Intel Mac OS X 10_15_7) AppleWebKit/537.36 (KHTML, like Gecko) HeadlessChrome/136.0.0.0 Safari/537.36
- Referrer: http://localhost:3000/
- Host: localhost:3000
- IP: unknown
[2025-05-22T22:24:48.463Z] Request: HEAD /fonts/Px437_IBM_VGA_8x16.woff
- User-Agent: Mozilla/5.0 (Macintosh; Intel Mac OS X 10_15_7) AppleWebKit/537.36 (KHTML, like Gecko) HeadlessChrome/136.0.0.0 Safari/537.36
- Referrer: http://localhost:3000/
- Host: localhost:3000
- IP: unknown
[2025-05-22T22:24:48.506Z] Request: GET /fonts/IBMPlexMono-Bold.woff2
- User-Agent: Mozilla/5.0 (Macintosh; Intel Mac OS X 10_15_7) AppleWebKit/537.36 (KHTML, like Gecko) HeadlessChrome/136.0.0.0 Safari/537.36
- Referrer: http://localhost:3000/
- Host: localhost:3000
- IP: unknown
[2025-05-22T22:24:48.506Z] Request: HEAD /fonts/Share_Tech_Mono.woff
- User-Agent: Mozilla/5.0 (Macintosh; Intel Mac OS X 10_15_7) AppleWebKit/537.36 (KHTML, like Gecko) HeadlessChrome/136.0.0.0 Safari/537.36
- Referrer: http://localhost:3000/
- Host: localhost:3000
- IP: unknown
[2025-05-22T22:24:48.506Z] Request: HEAD /fonts/IBMPlexMono-Medium.woff2
- User-Agent: Mozilla/5.0 (Macintosh; Intel Mac OS X 10_15_7) AppleWebKit/537.36 (KHTML, like Gecko) HeadlessChrome/136.0.0.0 Safari/537.36
- Referrer: http://localhost:3000/
- Host: localhost:3000
- IP: unknown
[2025-05-22T22:24:48.506Z] Request: HEAD /fonts/IBMPlexMono-Regular.woff2
- User-Agent: Mozilla/5.0 (Macintosh; Intel Mac OS X 10_15_7) AppleWebKit/537.36 (KHTML, like Gecko) HeadlessChrome/136.0.0.0 Safari/537.36
- Referrer: http://localhost:3000/
- Host: localhost:3000
- IP: unknown
[2025-05-22T22:24:48.506Z] Request: HEAD /fonts/IBMPlexMono-Bold.woff2
- User-Agent: Mozilla/5.0 (Macintosh; Intel Mac OS X 10_15_7) AppleWebKit/537.36 (KHTML, like Gecko) HeadlessChrome/136.0.0.0 Safari/537.36
- Referrer: http://localhost:3000/
- Host: localhost:3000
- IP: unknown
[2025-05-22T22:24:48.521Z] Request: GET /fonts/IBMPlexMono-Bold.woff2
- User-Agent: Mozilla/5.0 (Macintosh; Intel Mac OS X 10_15_7) AppleWebKit/537.36 (KHTML, like Gecko) HeadlessChrome/136.0.0.0 Safari/537.36
- Referrer: http://localhost:3000/
- Host: localhost:3000
- IP: unknown
[2025-05-22T22:24:48.521Z] Request: GET /fonts/IBMPlexMono-Regular.woff2
- User-Agent: Mozilla/5.0 (Macintosh; Intel Mac OS X 10_15_7) AppleWebKit/537.36 (KHTML, like Gecko) HeadlessChrome/136.0.0.0 Safari/537.36
- Referrer: http://localhost:3000/
- Host: localhost:3000
- IP: unknown
[2025-05-22T22:24:48.521Z] Request: GET /fonts/IBMPlexMono-Medium.woff2
- User-Agent: Mozilla/5.0 (Macintosh; Intel Mac OS X 10_15_7) AppleWebKit/537.36 (KHTML, like Gecko) HeadlessChrome/136.0.0.0 Safari/537.36
- Referrer: http://localhost:3000/
- Host: localhost:3000
- IP: unknown
[2025-05-22T22:24:48.521Z] Request: GET /fonts/JetBrainsMono-Regular.woff2
- User-Agent: Mozilla/5.0 (Macintosh; Intel Mac OS X 10_15_7) AppleWebKit/537.36 (KHTML, like Gecko) HeadlessChrome/136.0.0.0 Safari/537.36
- Referrer: http://localhost:3000/
- Host: localhost:3000
- IP: unknown
[2025-05-22T22:24:48.532Z] Request: GET /fonts/Px437_IBM_VGA_8x16.woff
- User-Agent: Mozilla/5.0 (Macintosh; Intel Mac OS X 10_15_7) AppleWebKit/537.36 (KHTML, like Gecko) HeadlessChrome/136.0.0.0 Safari/537.36
- Referrer: http://localhost:3000/
- Host: localhost:3000
- IP: unknown
[2025-05-22T22:24:48.537Z] Request: GET /fonts/Share_Tech_Mono.woff
- User-Agent: Mozilla/5.0 (Macintosh; Intel Mac OS X 10_15_7) AppleWebKit/537.36 (KHTML, like Gecko) HeadlessChrome/136.0.0.0 Safari/537.36
- Referrer: http://localhost:3000/
- Host: localhost:3000
- IP: unknown
[2025-05-22T22:24:48.537Z] Request: GET /fonts/IBMPlexMono-Medium.woff2
- User-Agent: Mozilla/5.0 (Macintosh; Intel Mac OS X 10_15_7) AppleWebKit/537.36 (KHTML, like Gecko) HeadlessChrome/136.0.0.0 Safari/537.36
- Referrer: http://localhost:3000/
- Host: localhost:3000
- IP: unknown
[2025-05-22T22:24:48.537Z] Request: GET /fonts/IBMPlexMono-Bold.woff2
- User-Agent: Mozilla/5.0 (Macintosh; Intel Mac OS X 10_15_7) AppleWebKit/537.36 (KHTML, like Gecko) HeadlessChrome/136.0.0.0 Safari/537.36
- Referrer: http://localhost:3000/
- Host: localhost:3000
- IP: unknown
[2025-05-22T22:24:48.537Z] Request: GET /fonts/IBMPlexMono-Regular.woff2
- User-Agent: Mozilla/5.0 (Macintosh; Intel Mac OS X 10_15_7) AppleWebKit/537.36 (KHTML, like Gecko) HeadlessChrome/136.0.0.0 Safari/537.36
- Referrer: http://localhost:3000/
- Host: localhost:3000
- IP: unknown
[2025-05-22T22:24:48.547Z] Request: HEAD /fonts/JetBrainsMono-Regular.woff2
- User-Agent: Mozilla/5.0 (Macintosh; Intel Mac OS X 10_15_7) AppleWebKit/537.36 (KHTML, like Gecko) HeadlessChrome/136.0.0.0 Safari/537.36
- Referrer: http://localhost:3000/
- Host: localhost:3000
- IP: unknown
[2025-05-22T22:24:48.553Z] Request: HEAD /fonts/Px437_IBM_VGA_8x16.woff
- User-Agent: Mozilla/5.0 (Macintosh; Intel Mac OS X 10_15_7) AppleWebKit/537.36 (KHTML, like Gecko) HeadlessChrome/136.0.0.0 Safari/537.36
- Referrer: http://localhost:3000/
- Host: localhost:3000
- IP: unknown
[2025-05-22T22:24:48.560Z] Request: HEAD /fonts/Share_Tech_Mono.woff
- User-Agent: Mozilla/5.0 (Macintosh; Intel Mac OS X 10_15_7) AppleWebKit/537.36 (KHTML, like Gecko) HeadlessChrome/136.0.0.0 Safari/537.36
- Referrer: http://localhost:3000/
- Host: localhost:3000
- IP: unknown
[2025-05-22T22:24:48.573Z] Request: GET /fonts/JetBrainsMono-Regular.woff2
- User-Agent: Mozilla/5.0 (Macintosh; Intel Mac OS X 10_15_7) AppleWebKit/537.36 (KHTML, like Gecko) HeadlessChrome/136.0.0.0 Safari/537.36
- Referrer: http://localhost:3000/
- Host: localhost:3000
- IP: unknown
[2025-05-22T22:24:48.576Z] Request: GET /fonts/Px437_IBM_VGA_8x16.woff
- User-Agent: Mozilla/5.0 (Macintosh; Intel Mac OS X 10_15_7) AppleWebKit/537.36 (KHTML, like Gecko) HeadlessChrome/136.0.0.0 Safari/537.36
- Referrer: http://localhost:3000/
- Host: localhost:3000
- IP: unknown
[2025-05-22T22:24:48.579Z] Request: GET /fonts/Share_Tech_Mono.woff
- User-Agent: Mozilla/5.0 (Macintosh; Intel Mac OS X 10_15_7) AppleWebKit/537.36 (KHTML, like Gecko) HeadlessChrome/136.0.0.0 Safari/537.36
- Referrer: http://localhost:3000/
- Host: localhost:3000
- IP: unknown
 ✓ Compiled /favicon.ico in 311ms (625 modules)
 GET /favicon.ico 200 in 365ms
 GET /favicon.ico 200 in 3ms
[2025-05-22T22:24:57.006Z] Request: GET /
- User-Agent: Mozilla/5.0 (Macintosh; Intel Mac OS X 10_15_7) AppleWebKit/537.36 (KHTML, like Gecko) HeadlessChrome/136.0.0.0 Safari/537.36
- Referrer: null
- Host: localhost:3000
- IP: unknown
Development mode: Skipping authentication check
Module "DIY Formulations" (formulations) registered successfully
Module "Settings" (settings) registered successfully
 GET / 200 in 100ms
[2025-05-22T22:24:57.115Z] Request: GET /fonts/JetBrainsMono-Regular.woff2
- User-Agent: Mozilla/5.0 (Macintosh; Intel Mac OS X 10_15_7) AppleWebKit/537.36 (KHTML, like Gecko) HeadlessChrome/136.0.0.0 Safari/537.36
- Referrer: http://localhost:3000/
- Host: localhost:3000
- IP: unknown
[2025-05-22T22:24:57.115Z] Request: GET /fonts/Px437_IBM_VGA_8x16.woff
- User-Agent: Mozilla/5.0 (Macintosh; Intel Mac OS X 10_15_7) AppleWebKit/537.36 (KHTML, like Gecko) HeadlessChrome/136.0.0.0 Safari/537.36
- Referrer: http://localhost:3000/
- Host: localhost:3000
- IP: unknown
[2025-05-22T22:24:57.115Z] Request: GET /fix-only-colors.js
- User-Agent: Mozilla/5.0 (Macintosh; Intel Mac OS X 10_15_7) AppleWebKit/537.36 (KHTML, like Gecko) HeadlessChrome/136.0.0.0 Safari/537.36
- Referrer: http://localhost:3000/
- Host: localhost:3000
- IP: unknown
Development mode: Skipping authentication check
[2025-05-22T22:24:57.115Z] Request: GET /fonts/Share_Tech_Mono.woff
- User-Agent: Mozilla/5.0 (Macintosh; Intel Mac OS X 10_15_7) AppleWebKit/537.36 (KHTML, like Gecko) HeadlessChrome/136.0.0.0 Safari/537.36
- Referrer: http://localhost:3000/
- Host: localhost:3000
- IP: unknown
 GET /favicon.ico 200 in 8ms
 GET /favicon.ico 200 in 4ms
[2025-05-22T22:24:57.398Z] Request: HEAD /fonts/IBMPlexMono-Regular.woff2
- User-Agent: Mozilla/5.0 (Macintosh; Intel Mac OS X 10_15_7) AppleWebKit/537.36 (KHTML, like Gecko) HeadlessChrome/136.0.0.0 Safari/537.36
- Referrer: http://localhost:3000/
- Host: localhost:3000
- IP: unknown
[2025-05-22T22:24:57.399Z] Request: HEAD /fonts/JetBrainsMono-Regular.woff2
- User-Agent: Mozilla/5.0 (Macintosh; Intel Mac OS X 10_15_7) AppleWebKit/537.36 (KHTML, like Gecko) HeadlessChrome/136.0.0.0 Safari/537.36
- Referrer: http://localhost:3000/
- Host: localhost:3000
- IP: unknown
[2025-05-22T22:24:57.399Z] Request: HEAD /fonts/IBMPlexMono-Medium.woff2
- User-Agent: Mozilla/5.0 (Macintosh; Intel Mac OS X 10_15_7) AppleWebKit/537.36 (KHTML, like Gecko) HeadlessChrome/136.0.0.0 Safari/537.36
- Referrer: http://localhost:3000/
- Host: localhost:3000
- IP: unknown
[2025-05-22T22:24:57.399Z] Request: HEAD /fonts/IBMPlexMono-Bold.woff2
- User-Agent: Mozilla/5.0 (Macintosh; Intel Mac OS X 10_15_7) AppleWebKit/537.36 (KHTML, like Gecko) HeadlessChrome/136.0.0.0 Safari/537.36
- Referrer: http://localhost:3000/
- Host: localhost:3000
- IP: unknown
[2025-05-22T22:24:57.399Z] Request: HEAD /fonts/Px437_IBM_VGA_8x16.woff
- User-Agent: Mozilla/5.0 (Macintosh; Intel Mac OS X 10_15_7) AppleWebKit/537.36 (KHTML, like Gecko) HeadlessChrome/136.0.0.0 Safari/537.36
- Referrer: http://localhost:3000/
- Host: localhost:3000
- IP: unknown
[2025-05-22T22:24:57.399Z] Request: HEAD /fonts/Share_Tech_Mono.woff
- User-Agent: Mozilla/5.0 (Macintosh; Intel Mac OS X 10_15_7) AppleWebKit/537.36 (KHTML, like Gecko) HeadlessChrome/136.0.0.0 Safari/537.36
- Referrer: http://localhost:3000/
- Host: localhost:3000
- IP: unknown
[2025-05-22T22:24:57.416Z] Request: HEAD /fonts/IBMPlexMono-Medium.woff2
- User-Agent: Mozilla/5.0 (Macintosh; Intel Mac OS X 10_15_7) AppleWebKit/537.36 (KHTML, like Gecko) HeadlessChrome/136.0.0.0 Safari/537.36
- Referrer: http://localhost:3000/
- Host: localhost:3000
- IP: unknown
[2025-05-22T22:24:57.417Z] Request: HEAD /fonts/IBMPlexMono-Bold.woff2
- User-Agent: Mozilla/5.0 (Macintosh; Intel Mac OS X 10_15_7) AppleWebKit/537.36 (KHTML, like Gecko) HeadlessChrome/136.0.0.0 Safari/537.36
- Referrer: http://localhost:3000/
- Host: localhost:3000
- IP: unknown
[2025-05-22T22:24:57.417Z] Request: HEAD /fonts/JetBrainsMono-Regular.woff2
- User-Agent: Mozilla/5.0 (Macintosh; Intel Mac OS X 10_15_7) AppleWebKit/537.36 (KHTML, like Gecko) HeadlessChrome/136.0.0.0 Safari/537.36
- Referrer: http://localhost:3000/
- Host: localhost:3000
- IP: unknown
[2025-05-22T22:24:57.417Z] Request: HEAD /fonts/IBMPlexMono-Regular.woff2
- User-Agent: Mozilla/5.0 (Macintosh; Intel Mac OS X 10_15_7) AppleWebKit/537.36 (KHTML, like Gecko) HeadlessChrome/136.0.0.0 Safari/537.36
- Referrer: http://localhost:3000/
- Host: localhost:3000
- IP: unknown
[2025-05-22T22:24:57.417Z] Request: HEAD /fonts/Px437_IBM_VGA_8x16.woff
- User-Agent: Mozilla/5.0 (Macintosh; Intel Mac OS X 10_15_7) AppleWebKit/537.36 (KHTML, like Gecko) HeadlessChrome/136.0.0.0 Safari/537.36
- Referrer: http://localhost:3000/
- Host: localhost:3000
- IP: unknown
[2025-05-22T22:24:57.417Z] Request: HEAD /fonts/Share_Tech_Mono.woff
- User-Agent: Mozilla/5.0 (Macintosh; Intel Mac OS X 10_15_7) AppleWebKit/537.36 (KHTML, like Gecko) HeadlessChrome/136.0.0.0 Safari/537.36
- Referrer: http://localhost:3000/
- Host: localhost:3000
- IP: unknown
[2025-05-22T22:24:57.427Z] Request: GET /fonts/IBMPlexMono-Bold.woff2
- User-Agent: Mozilla/5.0 (Macintosh; Intel Mac OS X 10_15_7) AppleWebKit/537.36 (KHTML, like Gecko) HeadlessChrome/136.0.0.0 Safari/537.36
- Referrer: http://localhost:3000/
- Host: localhost:3000
- IP: unknown
[2025-05-22T22:24:57.427Z] Request: GET /fonts/IBMPlexMono-Regular.woff2
- User-Agent: Mozilla/5.0 (Macintosh; Intel Mac OS X 10_15_7) AppleWebKit/537.36 (KHTML, like Gecko) HeadlessChrome/136.0.0.0 Safari/537.36
- Referrer: http://localhost:3000/
- Host: localhost:3000
- IP: unknown
[2025-05-22T22:24:57.428Z] Request: GET /fonts/JetBrainsMono-Regular.woff2
- User-Agent: Mozilla/5.0 (Macintosh; Intel Mac OS X 10_15_7) AppleWebKit/537.36 (KHTML, like Gecko) HeadlessChrome/136.0.0.0 Safari/537.36
- Referrer: http://localhost:3000/
- Host: localhost:3000
- IP: unknown
[2025-05-22T22:24:57.428Z] Request: GET /fonts/IBMPlexMono-Medium.woff2
- User-Agent: Mozilla/5.0 (Macintosh; Intel Mac OS X 10_15_7) AppleWebKit/537.36 (KHTML, like Gecko) HeadlessChrome/136.0.0.0 Safari/537.36
- Referrer: http://localhost:3000/
- Host: localhost:3000
- IP: unknown
[2025-05-22T22:24:57.428Z] Request: GET /fonts/IBMPlexMono-Bold.woff2
- User-Agent: Mozilla/5.0 (Macintosh; Intel Mac OS X 10_15_7) AppleWebKit/537.36 (KHTML, like Gecko) HeadlessChrome/136.0.0.0 Safari/537.36
- Referrer: http://localhost:3000/
- Host: localhost:3000
- IP: unknown
[2025-05-22T22:24:57.428Z] Request: GET /fonts/Px437_IBM_VGA_8x16.woff
- User-Agent: Mozilla/5.0 (Macintosh; Intel Mac OS X 10_15_7) AppleWebKit/537.36 (KHTML, like Gecko) HeadlessChrome/136.0.0.0 Safari/537.36
- Referrer: http://localhost:3000/
- Host: localhost:3000
- IP: unknown
[2025-05-22T22:24:57.440Z] Request: GET /fonts/Share_Tech_Mono.woff
- User-Agent: Mozilla/5.0 (Macintosh; Intel Mac OS X 10_15_7) AppleWebKit/537.36 (KHTML, like Gecko) HeadlessChrome/136.0.0.0 Safari/537.36
- Referrer: http://localhost:3000/
- Host: localhost:3000
- IP: unknown
[2025-05-22T22:24:57.440Z] Request: GET /fonts/IBMPlexMono-Bold.woff2
- User-Agent: Mozilla/5.0 (Macintosh; Intel Mac OS X 10_15_7) AppleWebKit/537.36 (KHTML, like Gecko) HeadlessChrome/136.0.0.0 Safari/537.36
- Referrer: http://localhost:3000/
- Host: localhost:3000
- IP: unknown
[2025-05-22T22:24:57.440Z] Request: GET /fonts/IBMPlexMono-Medium.woff2
- User-Agent: Mozilla/5.0 (Macintosh; Intel Mac OS X 10_15_7) AppleWebKit/537.36 (KHTML, like Gecko) HeadlessChrome/136.0.0.0 Safari/537.36
- Referrer: http://localhost:3000/
- Host: localhost:3000
- IP: unknown
[2025-05-22T22:24:57.440Z] Request: GET /fonts/JetBrainsMono-Regular.woff2
- User-Agent: Mozilla/5.0 (Macintosh; Intel Mac OS X 10_15_7) AppleWebKit/537.36 (KHTML, like Gecko) HeadlessChrome/136.0.0.0 Safari/537.36
- Referrer: http://localhost:3000/
- Host: localhost:3000
- IP: unknown
[2025-05-22T22:24:57.441Z] Request: GET /fonts/Share_Tech_Mono.woff
- User-Agent: Mozilla/5.0 (Macintosh; Intel Mac OS X 10_15_7) AppleWebKit/537.36 (KHTML, like Gecko) HeadlessChrome/136.0.0.0 Safari/537.36
- Referrer: http://localhost:3000/
- Host: localhost:3000
- IP: unknown
[2025-05-22T22:24:57.441Z] Request: GET /fonts/IBMPlexMono-Regular.woff2
- User-Agent: Mozilla/5.0 (Macintosh; Intel Mac OS X 10_15_7) AppleWebKit/537.36 (KHTML, like Gecko) HeadlessChrome/136.0.0.0 Safari/537.36
- Referrer: http://localhost:3000/
- Host: localhost:3000
- IP: unknown
[2025-05-22T22:24:57.456Z] Request: GET /fonts/Px437_IBM_VGA_8x16.woff
- User-Agent: Mozilla/5.0 (Macintosh; Intel Mac OS X 10_15_7) AppleWebKit/537.36 (KHTML, like Gecko) HeadlessChrome/136.0.0.0 Safari/537.36
- Referrer: http://localhost:3000/
- Host: localhost:3000
- IP: unknown
[2025-05-22T22:26:25.247Z] Request: GET /
- User-Agent: Mozilla/5.0 (Macintosh; Intel Mac OS X 10_15_7) AppleWebKit/537.36 (KHTML, like Gecko) HeadlessChrome/136.0.0.0 Safari/537.36
- Referrer: null
- Host: localhost:3000
- IP: unknown
Development mode: Skipping authentication check
 GET / 200 in 23ms
[2025-05-22T22:26:25.284Z] Request: GET /fonts/JetBrainsMono-Regular.woff2
- User-Agent: Mozilla/5.0 (Macintosh; Intel Mac OS X 10_15_7) AppleWebKit/537.36 (KHTML, like Gecko) HeadlessChrome/136.0.0.0 Safari/537.36
- Referrer: http://localhost:3000/
- Host: localhost:3000
- IP: unknown
[2025-05-22T22:26:25.284Z] Request: GET /fonts/Share_Tech_Mono.woff
- User-Agent: Mozilla/5.0 (Macintosh; Intel Mac OS X 10_15_7) AppleWebKit/537.36 (KHTML, like Gecko) HeadlessChrome/136.0.0.0 Safari/537.36
- Referrer: http://localhost:3000/
- Host: localhost:3000
- IP: unknown
[2025-05-22T22:26:25.285Z] Request: GET /fonts/Px437_IBM_VGA_8x16.woff
- User-Agent: Mozilla/5.0 (Macintosh; Intel Mac OS X 10_15_7) AppleWebKit/537.36 (KHTML, like Gecko) HeadlessChrome/136.0.0.0 Safari/537.36
- Referrer: http://localhost:3000/
- Host: localhost:3000
- IP: unknown
[2025-05-22T22:26:25.285Z] Request: GET /fix-only-colors.js
- User-Agent: Mozilla/5.0 (Macintosh; Intel Mac OS X 10_15_7) AppleWebKit/537.36 (KHTML, like Gecko) HeadlessChrome/136.0.0.0 Safari/537.36
- Referrer: http://localhost:3000/
- Host: localhost:3000
- IP: unknown
Development mode: Skipping authentication check
 GET /favicon.ico 200 in 6ms
 GET /favicon.ico 200 in 5ms
[2025-05-22T22:26:25.609Z] Request: HEAD /fonts/IBMPlexMono-Regular.woff2
- User-Agent: Mozilla/5.0 (Macintosh; Intel Mac OS X 10_15_7) AppleWebKit/537.36 (KHTML, like Gecko) HeadlessChrome/136.0.0.0 Safari/537.36
- Referrer: http://localhost:3000/
- Host: localhost:3000
- IP: unknown
[2025-05-22T22:26:25.610Z] Request: HEAD /fonts/IBMPlexMono-Medium.woff2
- User-Agent: Mozilla/5.0 (Macintosh; Intel Mac OS X 10_15_7) AppleWebKit/537.36 (KHTML, like Gecko) HeadlessChrome/136.0.0.0 Safari/537.36
- Referrer: http://localhost:3000/
- Host: localhost:3000
- IP: unknown
[2025-05-22T22:26:25.610Z] Request: HEAD /fonts/IBMPlexMono-Bold.woff2
- User-Agent: Mozilla/5.0 (Macintosh; Intel Mac OS X 10_15_7) AppleWebKit/537.36 (KHTML, like Gecko) HeadlessChrome/136.0.0.0 Safari/537.36
- Referrer: http://localhost:3000/
- Host: localhost:3000
- IP: unknown
[2025-05-22T22:26:25.610Z] Request: HEAD /fonts/JetBrainsMono-Regular.woff2
- User-Agent: Mozilla/5.0 (Macintosh; Intel Mac OS X 10_15_7) AppleWebKit/537.36 (KHTML, like Gecko) HeadlessChrome/136.0.0.0 Safari/537.36
- Referrer: http://localhost:3000/
- Host: localhost:3000
- IP: unknown
[2025-05-22T22:26:25.610Z] Request: HEAD /fonts/Px437_IBM_VGA_8x16.woff
- User-Agent: Mozilla/5.0 (Macintosh; Intel Mac OS X 10_15_7) AppleWebKit/537.36 (KHTML, like Gecko) HeadlessChrome/136.0.0.0 Safari/537.36
- Referrer: http://localhost:3000/
- Host: localhost:3000
- IP: unknown
[2025-05-22T22:26:25.611Z] Request: HEAD /fonts/Share_Tech_Mono.woff
- User-Agent: Mozilla/5.0 (Macintosh; Intel Mac OS X 10_15_7) AppleWebKit/537.36 (KHTML, like Gecko) HeadlessChrome/136.0.0.0 Safari/537.36
- Referrer: http://localhost:3000/
- Host: localhost:3000
- IP: unknown
[2025-05-22T22:26:25.621Z] Request: HEAD /fonts/IBMPlexMono-Regular.woff2
- User-Agent: Mozilla/5.0 (Macintosh; Intel Mac OS X 10_15_7) AppleWebKit/537.36 (KHTML, like Gecko) HeadlessChrome/136.0.0.0 Safari/537.36
- Referrer: http://localhost:3000/
- Host: localhost:3000
- IP: unknown
[2025-05-22T22:26:25.621Z] Request: HEAD /fonts/IBMPlexMono-Medium.woff2
- User-Agent: Mozilla/5.0 (Macintosh; Intel Mac OS X 10_15_7) AppleWebKit/537.36 (KHTML, like Gecko) HeadlessChrome/136.0.0.0 Safari/537.36
- Referrer: http://localhost:3000/
- Host: localhost:3000
- IP: unknown
[2025-05-22T22:26:25.621Z] Request: GET /fonts/IBMPlexMono-Bold.woff2
- User-Agent: Mozilla/5.0 (Macintosh; Intel Mac OS X 10_15_7) AppleWebKit/537.36 (KHTML, like Gecko) HeadlessChrome/136.0.0.0 Safari/537.36
- Referrer: http://localhost:3000/
- Host: localhost:3000
- IP: unknown
[2025-05-22T22:26:25.621Z] Request: HEAD /fonts/IBMPlexMono-Bold.woff2
- User-Agent: Mozilla/5.0 (Macintosh; Intel Mac OS X 10_15_7) AppleWebKit/537.36 (KHTML, like Gecko) HeadlessChrome/136.0.0.0 Safari/537.36
- Referrer: http://localhost:3000/
- Host: localhost:3000
- IP: unknown
[2025-05-22T22:26:25.621Z] Request: HEAD /fonts/JetBrainsMono-Regular.woff2
- User-Agent: Mozilla/5.0 (Macintosh; Intel Mac OS X 10_15_7) AppleWebKit/537.36 (KHTML, like Gecko) HeadlessChrome/136.0.0.0 Safari/537.36
- Referrer: http://localhost:3000/
- Host: localhost:3000
- IP: unknown
[2025-05-22T22:26:25.621Z] Request: HEAD /fonts/Px437_IBM_VGA_8x16.woff
- User-Agent: Mozilla/5.0 (Macintosh; Intel Mac OS X 10_15_7) AppleWebKit/537.36 (KHTML, like Gecko) HeadlessChrome/136.0.0.0 Safari/537.36
- Referrer: http://localhost:3000/
- Host: localhost:3000
- IP: unknown
[2025-05-22T22:26:25.630Z] Request: GET /fonts/IBMPlexMono-Regular.woff2
- User-Agent: Mozilla/5.0 (Macintosh; Intel Mac OS X 10_15_7) AppleWebKit/537.36 (KHTML, like Gecko) HeadlessChrome/136.0.0.0 Safari/537.36
- Referrer: http://localhost:3000/
- Host: localhost:3000
- IP: unknown
[2025-05-22T22:26:25.630Z] Request: GET /fonts/IBMPlexMono-Medium.woff2
- User-Agent: Mozilla/5.0 (Macintosh; Intel Mac OS X 10_15_7) AppleWebKit/537.36 (KHTML, like Gecko) HeadlessChrome/136.0.0.0 Safari/537.36
- Referrer: http://localhost:3000/
- Host: localhost:3000
- IP: unknown
[2025-05-22T22:26:25.630Z] Request: GET /fonts/IBMPlexMono-Bold.woff2
- User-Agent: Mozilla/5.0 (Macintosh; Intel Mac OS X 10_15_7) AppleWebKit/537.36 (KHTML, like Gecko) HeadlessChrome/136.0.0.0 Safari/537.36
- Referrer: http://localhost:3000/
- Host: localhost:3000
- IP: unknown
[2025-05-22T22:26:25.630Z] Request: GET /fonts/JetBrainsMono-Regular.woff2
- User-Agent: Mozilla/5.0 (Macintosh; Intel Mac OS X 10_15_7) AppleWebKit/537.36 (KHTML, like Gecko) HeadlessChrome/136.0.0.0 Safari/537.36
- Referrer: http://localhost:3000/
- Host: localhost:3000
- IP: unknown
[2025-05-22T22:26:25.631Z] Request: GET /fonts/Px437_IBM_VGA_8x16.woff
- User-Agent: Mozilla/5.0 (Macintosh; Intel Mac OS X 10_15_7) AppleWebKit/537.36 (KHTML, like Gecko) HeadlessChrome/136.0.0.0 Safari/537.36
- Referrer: http://localhost:3000/
- Host: localhost:3000
- IP: unknown
[2025-05-22T22:26:25.638Z] Request: GET /fonts/Share_Tech_Mono.woff
- User-Agent: Mozilla/5.0 (Macintosh; Intel Mac OS X 10_15_7) AppleWebKit/537.36 (KHTML, like Gecko) HeadlessChrome/136.0.0.0 Safari/537.36
- Referrer: http://localhost:3000/
- Host: localhost:3000
- IP: unknown
[2025-05-22T22:26:25.642Z] Request: GET /fonts/IBMPlexMono-Medium.woff2
- User-Agent: Mozilla/5.0 (Macintosh; Intel Mac OS X 10_15_7) AppleWebKit/537.36 (KHTML, like Gecko) HeadlessChrome/136.0.0.0 Safari/537.36
- Referrer: http://localhost:3000/
- Host: localhost:3000
- IP: unknown
[2025-05-22T22:26:25.642Z] Request: GET /fonts/IBMPlexMono-Bold.woff2
- User-Agent: Mozilla/5.0 (Macintosh; Intel Mac OS X 10_15_7) AppleWebKit/537.36 (KHTML, like Gecko) HeadlessChrome/136.0.0.0 Safari/537.36
- Referrer: http://localhost:3000/
- Host: localhost:3000
- IP: unknown
[2025-05-22T22:26:25.642Z] Request: GET /fonts/IBMPlexMono-Regular.woff2
- User-Agent: Mozilla/5.0 (Macintosh; Intel Mac OS X 10_15_7) AppleWebKit/537.36 (KHTML, like Gecko) HeadlessChrome/136.0.0.0 Safari/537.36
- Referrer: http://localhost:3000/
- Host: localhost:3000
- IP: unknown
[2025-05-22T22:26:25.642Z] Request: GET /fonts/JetBrainsMono-Regular.woff2
- User-Agent: Mozilla/5.0 (Macintosh; Intel Mac OS X 10_15_7) AppleWebKit/537.36 (KHTML, like Gecko) HeadlessChrome/136.0.0.0 Safari/537.36
- Referrer: http://localhost:3000/
- Host: localhost:3000
- IP: unknown
[2025-05-22T22:26:25.642Z] Request: GET /fonts/Px437_IBM_VGA_8x16.woff
- User-Agent: Mozilla/5.0 (Macintosh; Intel Mac OS X 10_15_7) AppleWebKit/537.36 (KHTML, like Gecko) HeadlessChrome/136.0.0.0 Safari/537.36
- Referrer: http://localhost:3000/
- Host: localhost:3000
- IP: unknown
[2025-05-22T22:26:25.649Z] Request: HEAD /fonts/Share_Tech_Mono.woff
- User-Agent: Mozilla/5.0 (Macintosh; Intel Mac OS X 10_15_7) AppleWebKit/537.36 (KHTML, like Gecko) HeadlessChrome/136.0.0.0 Safari/537.36
- Referrer: http://localhost:3000/
- Host: localhost:3000
- IP: unknown
[2025-05-22T22:26:25.655Z] Request: GET /fonts/Share_Tech_Mono.woff
- User-Agent: Mozilla/5.0 (Macintosh; Intel Mac OS X 10_15_7) AppleWebKit/537.36 (KHTML, like Gecko) HeadlessChrome/136.0.0.0 Safari/537.36
- Referrer: http://localhost:3000/
- Host: localhost:3000
- IP: unknown
 ✓ Compiled in 374ms (1137 modules)
 ✓ Compiled in 486ms (1121 modules)
 ✓ Compiled in 292ms (1121 modules)
[2025-05-22T22:28:39.246Z] Request: GET /
- User-Agent: Mozilla/5.0 (Macintosh; Intel Mac OS X 10_15_7) AppleWebKit/537.36 (KHTML, like Gecko) Chrome/135.0.0.0 Safari/537.36
- Referrer: http://localhost:3000/
- Host: localhost:3000
- IP: unknown
Development mode: Skipping authentication check
Module "DIY Formulations" (formulations) registered successfully
Module "Settings" (settings) registered successfully
 GET / 200 in 173ms
[2025-05-22T22:28:39.436Z] Request: GET /fix-only-colors.js
- User-Agent: Mozilla/5.0 (Macintosh; Intel Mac OS X 10_15_7) AppleWebKit/537.36 (KHTML, like Gecko) Chrome/135.0.0.0 Safari/537.36
- Referrer: http://localhost:3000/
- Host: localhost:3000
- IP: unknown
Development mode: Skipping authentication check
[2025-05-22T22:28:39.661Z] Request: HEAD /fonts/IBMPlexMono-Regular.woff2
- User-Agent: Mozilla/5.0 (Macintosh; Intel Mac OS X 10_15_7) AppleWebKit/537.36 (KHTML, like Gecko) Chrome/135.0.0.0 Safari/537.36
- Referrer: http://localhost:3000/
- Host: localhost:3000
- IP: unknown
[2025-05-22T22:28:39.661Z] Request: HEAD /fonts/IBMPlexMono-Medium.woff2
- User-Agent: Mozilla/5.0 (Macintosh; Intel Mac OS X 10_15_7) AppleWebKit/537.36 (KHTML, like Gecko) Chrome/135.0.0.0 Safari/537.36
- Referrer: http://localhost:3000/
- Host: localhost:3000
- IP: unknown
[2025-05-22T22:28:39.661Z] Request: HEAD /fonts/JetBrainsMono-Regular.woff2
- User-Agent: Mozilla/5.0 (Macintosh; Intel Mac OS X 10_15_7) AppleWebKit/537.36 (KHTML, like Gecko) Chrome/135.0.0.0 Safari/537.36
- Referrer: http://localhost:3000/
- Host: localhost:3000
- IP: unknown
[2025-05-22T22:28:39.661Z] Request: HEAD /fonts/IBMPlexMono-Bold.woff2
- User-Agent: Mozilla/5.0 (Macintosh; Intel Mac OS X 10_15_7) AppleWebKit/537.36 (KHTML, like Gecko) Chrome/135.0.0.0 Safari/537.36
- Referrer: http://localhost:3000/
- Host: localhost:3000
- IP: unknown
[2025-05-22T22:28:39.661Z] Request: HEAD /fonts/IBMPlexMono-Regular.woff2
- User-Agent: Mozilla/5.0 (Macintosh; Intel Mac OS X 10_15_7) AppleWebKit/537.36 (KHTML, like Gecko) Chrome/135.0.0.0 Safari/537.36
- Referrer: http://localhost:3000/
- Host: localhost:3000
- IP: unknown
[2025-05-22T22:28:39.662Z] Request: HEAD /fonts/Share_Tech_Mono.woff
- User-Agent: Mozilla/5.0 (Macintosh; Intel Mac OS X 10_15_7) AppleWebKit/537.36 (KHTML, like Gecko) Chrome/135.0.0.0 Safari/537.36
- Referrer: http://localhost:3000/
- Host: localhost:3000
- IP: unknown
[2025-05-22T22:28:39.670Z] Request: HEAD /fonts/IBMPlexMono-Medium.woff2
- User-Agent: Mozilla/5.0 (Macintosh; Intel Mac OS X 10_15_7) AppleWebKit/537.36 (KHTML, like Gecko) Chrome/135.0.0.0 Safari/537.36
- Referrer: http://localhost:3000/
- Host: localhost:3000
- IP: unknown
[2025-05-22T22:28:39.670Z] Request: HEAD /fonts/IBMPlexMono-Bold.woff2
- User-Agent: Mozilla/5.0 (Macintosh; Intel Mac OS X 10_15_7) AppleWebKit/537.36 (KHTML, like Gecko) Chrome/135.0.0.0 Safari/537.36
- Referrer: http://localhost:3000/
- Host: localhost:3000
- IP: unknown
[2025-05-22T22:28:39.670Z] Request: GET /fonts/IBMPlexMono-Regular.woff2
- User-Agent: Mozilla/5.0 (Macintosh; Intel Mac OS X 10_15_7) AppleWebKit/537.36 (KHTML, like Gecko) Chrome/135.0.0.0 Safari/537.36
- Referrer: http://localhost:3000/
- Host: localhost:3000
- IP: unknown
[2025-05-22T22:28:39.670Z] Request: HEAD /fonts/JetBrainsMono-Regular.woff2
- User-Agent: Mozilla/5.0 (Macintosh; Intel Mac OS X 10_15_7) AppleWebKit/537.36 (KHTML, like Gecko) Chrome/135.0.0.0 Safari/537.36
- Referrer: http://localhost:3000/
- Host: localhost:3000
- IP: unknown
[2025-05-22T22:28:39.670Z] Request: HEAD /fonts/Share_Tech_Mono.woff
- User-Agent: Mozilla/5.0 (Macintosh; Intel Mac OS X 10_15_7) AppleWebKit/537.36 (KHTML, like Gecko) Chrome/135.0.0.0 Safari/537.36
- Referrer: http://localhost:3000/
- Host: localhost:3000
- IP: unknown
[2025-05-22T22:28:39.670Z] Request: GET /fonts/Px437_IBM_VGA_8x16.woff
- User-Agent: Mozilla/5.0 (Macintosh; Intel Mac OS X 10_15_7) AppleWebKit/537.36 (KHTML, like Gecko) Chrome/135.0.0.0 Safari/537.36
- Referrer: http://localhost:3000/
- Host: localhost:3000
- IP: unknown
[2025-05-22T22:28:39.678Z] Request: GET /fonts/IBMPlexMono-Medium.woff2
- User-Agent: Mozilla/5.0 (Macintosh; Intel Mac OS X 10_15_7) AppleWebKit/537.36 (KHTML, like Gecko) Chrome/135.0.0.0 Safari/537.36
- Referrer: http://localhost:3000/
- Host: localhost:3000
- IP: unknown
[2025-05-22T22:28:39.678Z] Request: GET /fonts/JetBrainsMono-Regular.woff2
- User-Agent: Mozilla/5.0 (Macintosh; Intel Mac OS X 10_15_7) AppleWebKit/537.36 (KHTML, like Gecko) Chrome/135.0.0.0 Safari/537.36
- Referrer: http://localhost:3000/
- Host: localhost:3000
- IP: unknown
[2025-05-22T22:28:39.678Z] Request: GET /fonts/IBMPlexMono-Bold.woff2
- User-Agent: Mozilla/5.0 (Macintosh; Intel Mac OS X 10_15_7) AppleWebKit/537.36 (KHTML, like Gecko) Chrome/135.0.0.0 Safari/537.36
- Referrer: http://localhost:3000/
- Host: localhost:3000
- IP: unknown
[2025-05-22T22:28:39.678Z] Request: GET /fonts/IBMPlexMono-Regular.woff2
- User-Agent: Mozilla/5.0 (Macintosh; Intel Mac OS X 10_15_7) AppleWebKit/537.36 (KHTML, like Gecko) Chrome/135.0.0.0 Safari/537.36
- Referrer: http://localhost:3000/
- Host: localhost:3000
- IP: unknown
[2025-05-22T22:28:39.678Z] Request: GET /fonts/Share_Tech_Mono.woff
- User-Agent: Mozilla/5.0 (Macintosh; Intel Mac OS X 10_15_7) AppleWebKit/537.36 (KHTML, like Gecko) Chrome/135.0.0.0 Safari/537.36
- Referrer: http://localhost:3000/
- Host: localhost:3000
- IP: unknown
[2025-05-22T22:28:39.681Z] Request: GET /fonts/IBMPlexMono-Medium.woff2
- User-Agent: Mozilla/5.0 (Macintosh; Intel Mac OS X 10_15_7) AppleWebKit/537.36 (KHTML, like Gecko) Chrome/135.0.0.0 Safari/537.36
- Referrer: http://localhost:3000/
- Host: localhost:3000
- IP: unknown
[2025-05-22T22:28:39.688Z] Request: GET /fonts/JetBrainsMono-Regular.woff2
- User-Agent: Mozilla/5.0 (Macintosh; Intel Mac OS X 10_15_7) AppleWebKit/537.36 (KHTML, like Gecko) Chrome/135.0.0.0 Safari/537.36
- Referrer: http://localhost:3000/
- Host: localhost:3000
- IP: unknown
[2025-05-22T22:28:39.688Z] Request: GET /fonts/Share_Tech_Mono.woff
- User-Agent: Mozilla/5.0 (Macintosh; Intel Mac OS X 10_15_7) AppleWebKit/537.36 (KHTML, like Gecko) Chrome/135.0.0.0 Safari/537.36
- Referrer: http://localhost:3000/
- Host: localhost:3000
- IP: unknown
[2025-05-22T22:28:39.688Z] Request: GET /fonts/IBMPlexMono-Bold.woff2
- User-Agent: Mozilla/5.0 (Macintosh; Intel Mac OS X 10_15_7) AppleWebKit/537.36 (KHTML, like Gecko) Chrome/135.0.0.0 Safari/537.36
- Referrer: http://localhost:3000/
- Host: localhost:3000
- IP: unknown
 ✓ Compiled in 373ms (1121 modules)
 ✓ Compiled in 269ms (1121 modules)
 ✓ Compiled in 178ms (1121 modules)
[2025-05-22T22:34:31.579Z] Request: GET /
- User-Agent: curl/8.7.1
- Referrer: null
- Host: localhost:3000
- IP: unknown
Development mode: Skipping authentication check
Module "DIY Formulations" (formulations) registered successfully
Module "Settings" (settings) registered successfully
 GET / 200 in 168ms
 ✓ Compiled in 364ms (1121 modules)
[2025-05-22T22:35:39.662Z] Request: GET /
- User-Agent: Mozilla/5.0 (Macintosh; Intel Mac OS X 10_15_7) AppleWebKit/537.36 (KHTML, like Gecko) Chrome/135.0.0.0 Safari/537.36
- Referrer: http://localhost:3000/
- Host: localhost:3000
- IP: unknown
Development mode: Skipping authentication check
Module "DIY Formulations" (formulations) registered successfully
Module "Settings" (settings) registered successfully
 GET / 200 in 140ms
[2025-05-22T22:35:39.817Z] Request: GET /fix-only-colors.js
- User-Agent: Mozilla/5.0 (Macintosh; Intel Mac OS X 10_15_7) AppleWebKit/537.36 (KHTML, like Gecko) Chrome/135.0.0.0 Safari/537.36
- Referrer: http://localhost:3000/
- Host: localhost:3000
- IP: unknown
Development mode: Skipping authentication check
[2025-05-22T22:35:40.051Z] Request: HEAD /fonts/IBMPlexMono-Regular.woff2
- User-Agent: Mozilla/5.0 (Macintosh; Intel Mac OS X 10_15_7) AppleWebKit/537.36 (KHTML, like Gecko) Chrome/135.0.0.0 Safari/537.36
- Referrer: http://localhost:3000/
- Host: localhost:3000
- IP: unknown
[2025-05-22T22:35:40.051Z] Request: HEAD /fonts/IBMPlexMono-Medium.woff2
- User-Agent: Mozilla/5.0 (Macintosh; Intel Mac OS X 10_15_7) AppleWebKit/537.36 (KHTML, like Gecko) Chrome/135.0.0.0 Safari/537.36
- Referrer: http://localhost:3000/
- Host: localhost:3000
- IP: unknown
[2025-05-22T22:35:40.051Z] Request: HEAD /fonts/JetBrainsMono-Regular.woff2
- User-Agent: Mozilla/5.0 (Macintosh; Intel Mac OS X 10_15_7) AppleWebKit/537.36 (KHTML, like Gecko) Chrome/135.0.0.0 Safari/537.36
- Referrer: http://localhost:3000/
- Host: localhost:3000
- IP: unknown
[2025-05-22T22:35:40.051Z] Request: HEAD /fonts/IBMPlexMono-Bold.woff2
- User-Agent: Mozilla/5.0 (Macintosh; Intel Mac OS X 10_15_7) AppleWebKit/537.36 (KHTML, like Gecko) Chrome/135.0.0.0 Safari/537.36
- Referrer: http://localhost:3000/
- Host: localhost:3000
- IP: unknown
[2025-05-22T22:35:40.051Z] Request: HEAD /fonts/Share_Tech_Mono.woff
- User-Agent: Mozilla/5.0 (Macintosh; Intel Mac OS X 10_15_7) AppleWebKit/537.36 (KHTML, like Gecko) Chrome/135.0.0.0 Safari/537.36
- Referrer: http://localhost:3000/
- Host: localhost:3000
- IP: unknown
[2025-05-22T22:35:40.051Z] Request: HEAD /fonts/IBMPlexMono-Regular.woff2
- User-Agent: Mozilla/5.0 (Macintosh; Intel Mac OS X 10_15_7) AppleWebKit/537.36 (KHTML, like Gecko) Chrome/135.0.0.0 Safari/537.36
- Referrer: http://localhost:3000/
- Host: localhost:3000
- IP: unknown
[2025-05-22T22:35:40.058Z] Request: HEAD /fonts/IBMPlexMono-Medium.woff2
- User-Agent: Mozilla/5.0 (Macintosh; Intel Mac OS X 10_15_7) AppleWebKit/537.36 (KHTML, like Gecko) Chrome/135.0.0.0 Safari/537.36
- Referrer: http://localhost:3000/
- Host: localhost:3000
- IP: unknown
[2025-05-22T22:35:40.058Z] Request: HEAD /fonts/IBMPlexMono-Bold.woff2
- User-Agent: Mozilla/5.0 (Macintosh; Intel Mac OS X 10_15_7) AppleWebKit/537.36 (KHTML, like Gecko) Chrome/135.0.0.0 Safari/537.36
- Referrer: http://localhost:3000/
- Host: localhost:3000
- IP: unknown
[2025-05-22T22:35:40.058Z] Request: HEAD /fonts/Share_Tech_Mono.woff
- User-Agent: Mozilla/5.0 (Macintosh; Intel Mac OS X 10_15_7) AppleWebKit/537.36 (KHTML, like Gecko) Chrome/135.0.0.0 Safari/537.36
- Referrer: http://localhost:3000/
- Host: localhost:3000
- IP: unknown
[2025-05-22T22:35:40.058Z] Request: HEAD /fonts/JetBrainsMono-Regular.woff2
- User-Agent: Mozilla/5.0 (Macintosh; Intel Mac OS X 10_15_7) AppleWebKit/537.36 (KHTML, like Gecko) Chrome/135.0.0.0 Safari/537.36
- Referrer: http://localhost:3000/
- Host: localhost:3000
- IP: unknown
[2025-05-22T22:35:40.059Z] Request: GET /fonts/Px437_IBM_VGA_8x16.woff
- User-Agent: Mozilla/5.0 (Macintosh; Intel Mac OS X 10_15_7) AppleWebKit/537.36 (KHTML, like Gecko) Chrome/135.0.0.0 Safari/537.36
- Referrer: http://localhost:3000/
- Host: localhost:3000
- IP: unknown
[2025-05-22T22:35:40.059Z] Request: GET /fonts/Px437_IBM_VGA_8x16.woff
- User-Agent: Mozilla/5.0 (Macintosh; Intel Mac OS X 10_15_7) AppleWebKit/537.36 (KHTML, like Gecko) Chrome/135.0.0.0 Safari/537.36
- Referrer: http://localhost:3000/
- Host: localhost:3000
- IP: unknown
[2025-05-22T22:35:40.068Z] Request: GET /fonts/JetBrainsMono-Regular.woff2
- User-Agent: Mozilla/5.0 (Macintosh; Intel Mac OS X 10_15_7) AppleWebKit/537.36 (KHTML, like Gecko) Chrome/135.0.0.0 Safari/537.36
- Referrer: http://localhost:3000/
- Host: localhost:3000
- IP: unknown
[2025-05-22T22:35:40.068Z] Request: GET /fonts/IBMPlexMono-Regular.woff2
- User-Agent: Mozilla/5.0 (Macintosh; Intel Mac OS X 10_15_7) AppleWebKit/537.36 (KHTML, like Gecko) Chrome/135.0.0.0 Safari/537.36
- Referrer: http://localhost:3000/
- Host: localhost:3000
- IP: unknown
[2025-05-22T22:35:40.068Z] Request: GET /fonts/IBMPlexMono-Medium.woff2
- User-Agent: Mozilla/5.0 (Macintosh; Intel Mac OS X 10_15_7) AppleWebKit/537.36 (KHTML, like Gecko) Chrome/135.0.0.0 Safari/537.36
- Referrer: http://localhost:3000/
- Host: localhost:3000
- IP: unknown
[2025-05-22T22:35:40.068Z] Request: GET /fonts/IBMPlexMono-Bold.woff2
- User-Agent: Mozilla/5.0 (Macintosh; Intel Mac OS X 10_15_7) AppleWebKit/537.36 (KHTML, like Gecko) Chrome/135.0.0.0 Safari/537.36
- Referrer: http://localhost:3000/
- Host: localhost:3000
- IP: unknown
[2025-05-22T22:35:40.068Z] Request: GET /fonts/Share_Tech_Mono.woff
- User-Agent: Mozilla/5.0 (Macintosh; Intel Mac OS X 10_15_7) AppleWebKit/537.36 (KHTML, like Gecko) Chrome/135.0.0.0 Safari/537.36
- Referrer: http://localhost:3000/
- Host: localhost:3000
- IP: unknown
[2025-05-22T22:35:40.068Z] Request: GET /fonts/IBMPlexMono-Regular.woff2
- User-Agent: Mozilla/5.0 (Macintosh; Intel Mac OS X 10_15_7) AppleWebKit/537.36 (KHTML, like Gecko) Chrome/135.0.0.0 Safari/537.36
- Referrer: http://localhost:3000/
- Host: localhost:3000
- IP: unknown
[2025-05-22T22:35:40.077Z] Request: GET /fonts/IBMPlexMono-Medium.woff2
- User-Agent: Mozilla/5.0 (Macintosh; Intel Mac OS X 10_15_7) AppleWebKit/537.36 (KHTML, like Gecko) Chrome/135.0.0.0 Safari/537.36
- Referrer: http://localhost:3000/
- Host: localhost:3000
- IP: unknown
[2025-05-22T22:35:40.077Z] Request: GET /fonts/Share_Tech_Mono.woff
- User-Agent: Mozilla/5.0 (Macintosh; Intel Mac OS X 10_15_7) AppleWebKit/537.36 (KHTML, like Gecko) Chrome/135.0.0.0 Safari/537.36
- Referrer: http://localhost:3000/
- Host: localhost:3000
- IP: unknown
[2025-05-22T22:35:40.077Z] Request: GET /fonts/IBMPlexMono-Bold.woff2
- User-Agent: Mozilla/5.0 (Macintosh; Intel Mac OS X 10_15_7) AppleWebKit/537.36 (KHTML, like Gecko) Chrome/135.0.0.0 Safari/537.36
- Referrer: http://localhost:3000/
- Host: localhost:3000
- IP: unknown
[2025-05-22T22:35:40.077Z] Request: GET /fonts/JetBrainsMono-Regular.woff2
- User-Agent: Mozilla/5.0 (Macintosh; Intel Mac OS X 10_15_7) AppleWebKit/537.36 (KHTML, like Gecko) Chrome/135.0.0.0 Safari/537.36
- Referrer: http://localhost:3000/
- Host: localhost:3000
- IP: unknown
[2025-05-22T22:35:43.053Z] Request: GET /
- User-Agent: Mozilla/5.0 (Macintosh; Intel Mac OS X 10_15_7) AppleWebKit/537.36 (KHTML, like Gecko) Chrome/135.0.0.0 Safari/537.36
- Referrer: http://localhost:3000/
- Host: localhost:3000
- IP: unknown
Development mode: Skipping authentication check
 GET / 200 in 30ms
[2025-05-22T22:35:43.093Z] Request: GET /fix-only-colors.js
- User-Agent: Mozilla/5.0 (Macintosh; Intel Mac OS X 10_15_7) AppleWebKit/537.36 (KHTML, like Gecko) Chrome/135.0.0.0 Safari/537.36
- Referrer: http://localhost:3000/
- Host: localhost:3000
- IP: unknown
Development mode: Skipping authentication check
[2025-05-22T22:35:43.353Z] Request: HEAD /fonts/IBMPlexMono-Regular.woff2
- User-Agent: Mozilla/5.0 (Macintosh; Intel Mac OS X 10_15_7) AppleWebKit/537.36 (KHTML, like Gecko) Chrome/135.0.0.0 Safari/537.36
- Referrer: http://localhost:3000/
- Host: localhost:3000
- IP: unknown
[2025-05-22T22:35:43.353Z] Request: HEAD /fonts/IBMPlexMono-Medium.woff2
- User-Agent: Mozilla/5.0 (Macintosh; Intel Mac OS X 10_15_7) AppleWebKit/537.36 (KHTML, like Gecko) Chrome/135.0.0.0 Safari/537.36
- Referrer: http://localhost:3000/
- Host: localhost:3000
- IP: unknown
[2025-05-22T22:35:43.353Z] Request: HEAD /fonts/Share_Tech_Mono.woff
- User-Agent: Mozilla/5.0 (Macintosh; Intel Mac OS X 10_15_7) AppleWebKit/537.36 (KHTML, like Gecko) Chrome/135.0.0.0 Safari/537.36
- Referrer: http://localhost:3000/
- Host: localhost:3000
- IP: unknown
[2025-05-22T22:35:43.353Z] Request: HEAD /fonts/IBMPlexMono-Bold.woff2
- User-Agent: Mozilla/5.0 (Macintosh; Intel Mac OS X 10_15_7) AppleWebKit/537.36 (KHTML, like Gecko) Chrome/135.0.0.0 Safari/537.36
- Referrer: http://localhost:3000/
- Host: localhost:3000
- IP: unknown
[2025-05-22T22:35:43.353Z] Request: HEAD /fonts/JetBrainsMono-Regular.woff2
- User-Agent: Mozilla/5.0 (Macintosh; Intel Mac OS X 10_15_7) AppleWebKit/537.36 (KHTML, like Gecko) Chrome/135.0.0.0 Safari/537.36
- Referrer: http://localhost:3000/
- Host: localhost:3000
- IP: unknown
[2025-05-22T22:35:43.353Z] Request: HEAD /fonts/IBMPlexMono-Regular.woff2
- User-Agent: Mozilla/5.0 (Macintosh; Intel Mac OS X 10_15_7) AppleWebKit/537.36 (KHTML, like Gecko) Chrome/135.0.0.0 Safari/537.36
- Referrer: http://localhost:3000/
- Host: localhost:3000
- IP: unknown
[2025-05-22T22:35:43.361Z] Request: HEAD /fonts/IBMPlexMono-Medium.woff2
- User-Agent: Mozilla/5.0 (Macintosh; Intel Mac OS X 10_15_7) AppleWebKit/537.36 (KHTML, like Gecko) Chrome/135.0.0.0 Safari/537.36
- Referrer: http://localhost:3000/
- Host: localhost:3000
- IP: unknown
[2025-05-22T22:35:43.361Z] Request: HEAD /fonts/Share_Tech_Mono.woff
- User-Agent: Mozilla/5.0 (Macintosh; Intel Mac OS X 10_15_7) AppleWebKit/537.36 (KHTML, like Gecko) Chrome/135.0.0.0 Safari/537.36
- Referrer: http://localhost:3000/
- Host: localhost:3000
- IP: unknown
[2025-05-22T22:35:43.361Z] Request: HEAD /fonts/IBMPlexMono-Bold.woff2
- User-Agent: Mozilla/5.0 (Macintosh; Intel Mac OS X 10_15_7) AppleWebKit/537.36 (KHTML, like Gecko) Chrome/135.0.0.0 Safari/537.36
- Referrer: http://localhost:3000/
- Host: localhost:3000
- IP: unknown
[2025-05-22T22:35:43.361Z] Request: HEAD /fonts/JetBrainsMono-Regular.woff2
- User-Agent: Mozilla/5.0 (Macintosh; Intel Mac OS X 10_15_7) AppleWebKit/537.36 (KHTML, like Gecko) Chrome/135.0.0.0 Safari/537.36
- Referrer: http://localhost:3000/
- Host: localhost:3000
- IP: unknown
[2025-05-22T22:35:43.361Z] Request: GET /fonts/Px437_IBM_VGA_8x16.woff
- User-Agent: Mozilla/5.0 (Macintosh; Intel Mac OS X 10_15_7) AppleWebKit/537.36 (KHTML, like Gecko) Chrome/135.0.0.0 Safari/537.36
- Referrer: http://localhost:3000/
- Host: localhost:3000
- IP: unknown
[2025-05-22T22:35:43.361Z] Request: GET /fonts/IBMPlexMono-Medium.woff2
- User-Agent: Mozilla/5.0 (Macintosh; Intel Mac OS X 10_15_7) AppleWebKit/537.36 (KHTML, like Gecko) Chrome/135.0.0.0 Safari/537.36
- Referrer: http://localhost:3000/
- Host: localhost:3000
- IP: unknown
[2025-05-22T22:35:43.369Z] Request: GET /fonts/Share_Tech_Mono.woff
- User-Agent: Mozilla/5.0 (Macintosh; Intel Mac OS X 10_15_7) AppleWebKit/537.36 (KHTML, like Gecko) Chrome/135.0.0.0 Safari/537.36
- Referrer: http://localhost:3000/
- Host: localhost:3000
- IP: unknown
[2025-05-22T22:35:43.369Z] Request: GET /fonts/IBMPlexMono-Bold.woff2
- User-Agent: Mozilla/5.0 (Macintosh; Intel Mac OS X 10_15_7) AppleWebKit/537.36 (KHTML, like Gecko) Chrome/135.0.0.0 Safari/537.36
- Referrer: http://localhost:3000/
- Host: localhost:3000
- IP: unknown
[2025-05-22T22:35:43.369Z] Request: GET /fonts/JetBrainsMono-Regular.woff2
- User-Agent: Mozilla/5.0 (Macintosh; Intel Mac OS X 10_15_7) AppleWebKit/537.36 (KHTML, like Gecko) Chrome/135.0.0.0 Safari/537.36
- Referrer: http://localhost:3000/
- Host: localhost:3000
- IP: unknown
[2025-05-22T22:35:43.369Z] Request: GET /fonts/IBMPlexMono-Regular.woff2
- User-Agent: Mozilla/5.0 (Macintosh; Intel Mac OS X 10_15_7) AppleWebKit/537.36 (KHTML, like Gecko) Chrome/135.0.0.0 Safari/537.36
- Referrer: http://localhost:3000/
- Host: localhost:3000
- IP: unknown
[2025-05-22T22:35:43.369Z] Request: GET /fonts/IBMPlexMono-Medium.woff2
- User-Agent: Mozilla/5.0 (Macintosh; Intel Mac OS X 10_15_7) AppleWebKit/537.36 (KHTML, like Gecko) Chrome/135.0.0.0 Safari/537.36
- Referrer: http://localhost:3000/
- Host: localhost:3000
- IP: unknown
[2025-05-22T22:35:43.373Z] Request: GET /fonts/Share_Tech_Mono.woff
- User-Agent: Mozilla/5.0 (Macintosh; Intel Mac OS X 10_15_7) AppleWebKit/537.36 (KHTML, like Gecko) Chrome/135.0.0.0 Safari/537.36
- Referrer: http://localhost:3000/
- Host: localhost:3000
- IP: unknown
[2025-05-22T22:35:43.376Z] Request: GET /fonts/IBMPlexMono-Bold.woff2
- User-Agent: Mozilla/5.0 (Macintosh; Intel Mac OS X 10_15_7) AppleWebKit/537.36 (KHTML, like Gecko) Chrome/135.0.0.0 Safari/537.36
- Referrer: http://localhost:3000/
- Host: localhost:3000
- IP: unknown
[2025-05-22T22:35:43.377Z] Request: GET /fonts/JetBrainsMono-Regular.woff2
- User-Agent: Mozilla/5.0 (Macintosh; Intel Mac OS X 10_15_7) AppleWebKit/537.36 (KHTML, like Gecko) Chrome/135.0.0.0 Safari/537.36
- Referrer: http://localhost:3000/
- Host: localhost:3000
- IP: unknown
[2025-05-22T22:37:09.566Z] Request: GET /
- User-Agent: Mozilla/5.0 (Macintosh; Intel Mac OS X 10_15_7) AppleWebKit/537.36 (KHTML, like Gecko) HeadlessChrome/136.0.0.0 Safari/537.36
- Referrer: null
- Host: localhost:3000
- IP: unknown
Development mode: Skipping authentication check
 GET / 200 in 38ms
[2025-05-22T22:37:09.618Z] Request: GET /fonts/JetBrainsMono-Regular.woff2
- User-Agent: Mozilla/5.0 (Macintosh; Intel Mac OS X 10_15_7) AppleWebKit/537.36 (KHTML, like Gecko) HeadlessChrome/136.0.0.0 Safari/537.36
- Referrer: http://localhost:3000/
- Host: localhost:3000
- IP: unknown
[2025-05-22T22:37:09.618Z] Request: GET /fonts/Px437_IBM_VGA_8x16.woff
- User-Agent: Mozilla/5.0 (Macintosh; Intel Mac OS X 10_15_7) AppleWebKit/537.36 (KHTML, like Gecko) HeadlessChrome/136.0.0.0 Safari/537.36
- Referrer: http://localhost:3000/
- Host: localhost:3000
- IP: unknown
[2025-05-22T22:37:09.618Z] Request: GET /fonts/Share_Tech_Mono.woff
- User-Agent: Mozilla/5.0 (Macintosh; Intel Mac OS X 10_15_7) AppleWebKit/537.36 (KHTML, like Gecko) HeadlessChrome/136.0.0.0 Safari/537.36
- Referrer: http://localhost:3000/
- Host: localhost:3000
- IP: unknown
[2025-05-22T22:37:09.618Z] Request: GET /fix-only-colors.js
- User-Agent: Mozilla/5.0 (Macintosh; Intel Mac OS X 10_15_7) AppleWebKit/537.36 (KHTML, like Gecko) HeadlessChrome/136.0.0.0 Safari/537.36
- Referrer: http://localhost:3000/
- Host: localhost:3000
- IP: unknown
Development mode: Skipping authentication check
 ✓ Compiled /favicon.ico in 257ms (625 modules)
[2025-05-22T22:37:55.456Z] Request: GET /
- User-Agent: Mozilla/5.0 (Macintosh; Intel Mac OS X 10_15_7) AppleWebKit/537.36 (KHTML, like Gecko) HeadlessChrome/136.0.0.0 Safari/537.36
- Referrer: null
- Host: localhost:3000
- IP: unknown
Development mode: Skipping authentication check
Module "DIY Formulations" (formulations) registered successfully
Module "Settings" (settings) registered successfully
 GET / 200 in 98ms
[2025-05-22T22:37:55.564Z] Request: GET /fonts/Share_Tech_Mono.woff
- User-Agent: Mozilla/5.0 (Macintosh; Intel Mac OS X 10_15_7) AppleWebKit/537.36 (KHTML, like Gecko) HeadlessChrome/136.0.0.0 Safari/537.36
- Referrer: http://localhost:3000/
- Host: localhost:3000
- IP: unknown
[2025-05-22T22:37:55.564Z] Request: GET /fonts/JetBrainsMono-Regular.woff2
- User-Agent: Mozilla/5.0 (Macintosh; Intel Mac OS X 10_15_7) AppleWebKit/537.36 (KHTML, like Gecko) HeadlessChrome/136.0.0.0 Safari/537.36
- Referrer: http://localhost:3000/
- Host: localhost:3000
- IP: unknown
[2025-05-22T22:37:55.564Z] Request: GET /fix-only-colors.js
- User-Agent: Mozilla/5.0 (Macintosh; Intel Mac OS X 10_15_7) AppleWebKit/537.36 (KHTML, like Gecko) HeadlessChrome/136.0.0.0 Safari/537.36
- Referrer: http://localhost:3000/
- Host: localhost:3000
- IP: unknown
Development mode: Skipping authentication check
[2025-05-22T22:37:55.564Z] Request: GET /fonts/Px437_IBM_VGA_8x16.woff
- User-Agent: Mozilla/5.0 (Macintosh; Intel Mac OS X 10_15_7) AppleWebKit/537.36 (KHTML, like Gecko) HeadlessChrome/136.0.0.0 Safari/537.36
- Referrer: http://localhost:3000/
- Host: localhost:3000
- IP: unknown
 GET /favicon.ico 200 in 6ms
 GET /favicon.ico 200 in 3ms
[2025-05-22T22:37:55.906Z] Request: HEAD /fonts/IBMPlexMono-Regular.woff2
- User-Agent: Mozilla/5.0 (Macintosh; Intel Mac OS X 10_15_7) AppleWebKit/537.36 (KHTML, like Gecko) HeadlessChrome/136.0.0.0 Safari/537.36
- Referrer: http://localhost:3000/
- Host: localhost:3000
- IP: unknown
[2025-05-22T22:37:55.907Z] Request: HEAD /fonts/IBMPlexMono-Medium.woff2
- User-Agent: Mozilla/5.0 (Macintosh; Intel Mac OS X 10_15_7) AppleWebKit/537.36 (KHTML, like Gecko) HeadlessChrome/136.0.0.0 Safari/537.36
- Referrer: http://localhost:3000/
- Host: localhost:3000
- IP: unknown
[2025-05-22T22:37:55.907Z] Request: HEAD /fonts/JetBrainsMono-Regular.woff2
- User-Agent: Mozilla/5.0 (Macintosh; Intel Mac OS X 10_15_7) AppleWebKit/537.36 (KHTML, like Gecko) HeadlessChrome/136.0.0.0 Safari/537.36
- Referrer: http://localhost:3000/
- Host: localhost:3000
- IP: unknown
[2025-05-22T22:37:55.907Z] Request: HEAD /fonts/IBMPlexMono-Bold.woff2
- User-Agent: Mozilla/5.0 (Macintosh; Intel Mac OS X 10_15_7) AppleWebKit/537.36 (KHTML, like Gecko) HeadlessChrome/136.0.0.0 Safari/537.36
- Referrer: http://localhost:3000/
- Host: localhost:3000
- IP: unknown
[2025-05-22T22:37:55.908Z] Request: HEAD /fonts/Px437_IBM_VGA_8x16.woff
- User-Agent: Mozilla/5.0 (Macintosh; Intel Mac OS X 10_15_7) AppleWebKit/537.36 (KHTML, like Gecko) HeadlessChrome/136.0.0.0 Safari/537.36
- Referrer: http://localhost:3000/
- Host: localhost:3000
- IP: unknown
[2025-05-22T22:37:55.908Z] Request: HEAD /fonts/Share_Tech_Mono.woff
- User-Agent: Mozilla/5.0 (Macintosh; Intel Mac OS X 10_15_7) AppleWebKit/537.36 (KHTML, like Gecko) HeadlessChrome/136.0.0.0 Safari/537.36
- Referrer: http://localhost:3000/
- Host: localhost:3000
- IP: unknown
[2025-05-22T22:37:55.916Z] Request: HEAD /fonts/IBMPlexMono-Regular.woff2
- User-Agent: Mozilla/5.0 (Macintosh; Intel Mac OS X 10_15_7) AppleWebKit/537.36 (KHTML, like Gecko) HeadlessChrome/136.0.0.0 Safari/537.36
- Referrer: http://localhost:3000/
- Host: localhost:3000
- IP: unknown
[2025-05-22T22:37:55.916Z] Request: HEAD /fonts/IBMPlexMono-Medium.woff2
- User-Agent: Mozilla/5.0 (Macintosh; Intel Mac OS X 10_15_7) AppleWebKit/537.36 (KHTML, like Gecko) HeadlessChrome/136.0.0.0 Safari/537.36
- Referrer: http://localhost:3000/
- Host: localhost:3000
- IP: unknown
[2025-05-22T22:37:55.916Z] Request: HEAD /fonts/IBMPlexMono-Bold.woff2
- User-Agent: Mozilla/5.0 (Macintosh; Intel Mac OS X 10_15_7) AppleWebKit/537.36 (KHTML, like Gecko) HeadlessChrome/136.0.0.0 Safari/537.36
- Referrer: http://localhost:3000/
- Host: localhost:3000
- IP: unknown
[2025-05-22T22:37:55.916Z] Request: HEAD /fonts/Px437_IBM_VGA_8x16.woff
- User-Agent: Mozilla/5.0 (Macintosh; Intel Mac OS X 10_15_7) AppleWebKit/537.36 (KHTML, like Gecko) HeadlessChrome/136.0.0.0 Safari/537.36
- Referrer: http://localhost:3000/
- Host: localhost:3000
- IP: unknown
[2025-05-22T22:37:55.916Z] Request: HEAD /fonts/JetBrainsMono-Regular.woff2
- User-Agent: Mozilla/5.0 (Macintosh; Intel Mac OS X 10_15_7) AppleWebKit/537.36 (KHTML, like Gecko) HeadlessChrome/136.0.0.0 Safari/537.36
- Referrer: http://localhost:3000/
- Host: localhost:3000
- IP: unknown
[2025-05-22T22:37:55.916Z] Request: HEAD /fonts/Share_Tech_Mono.woff
- User-Agent: Mozilla/5.0 (Macintosh; Intel Mac OS X 10_15_7) AppleWebKit/537.36 (KHTML, like Gecko) HeadlessChrome/136.0.0.0 Safari/537.36
- Referrer: http://localhost:3000/
- Host: localhost:3000
- IP: unknown
[2025-05-22T22:37:55.923Z] Request: GET /fonts/IBMPlexMono-Bold.woff2
- User-Agent: Mozilla/5.0 (Macintosh; Intel Mac OS X 10_15_7) AppleWebKit/537.36 (KHTML, like Gecko) HeadlessChrome/136.0.0.0 Safari/537.36
- Referrer: http://localhost:3000/
- Host: localhost:3000
- IP: unknown
[2025-05-22T22:37:55.923Z] Request: GET /fonts/IBMPlexMono-Regular.woff2
- User-Agent: Mozilla/5.0 (Macintosh; Intel Mac OS X 10_15_7) AppleWebKit/537.36 (KHTML, like Gecko) HeadlessChrome/136.0.0.0 Safari/537.36
- Referrer: http://localhost:3000/
- Host: localhost:3000
- IP: unknown
[2025-05-22T22:37:55.923Z] Request: GET /fonts/JetBrainsMono-Regular.woff2
- User-Agent: Mozilla/5.0 (Macintosh; Intel Mac OS X 10_15_7) AppleWebKit/537.36 (KHTML, like Gecko) HeadlessChrome/136.0.0.0 Safari/537.36
- Referrer: http://localhost:3000/
- Host: localhost:3000
- IP: unknown
[2025-05-22T22:37:55.923Z] Request: GET /fonts/IBMPlexMono-Medium.woff2
- User-Agent: Mozilla/5.0 (Macintosh; Intel Mac OS X 10_15_7) AppleWebKit/537.36 (KHTML, like Gecko) HeadlessChrome/136.0.0.0 Safari/537.36
- Referrer: http://localhost:3000/
- Host: localhost:3000
- IP: unknown
[2025-05-22T22:37:55.923Z] Request: GET /fonts/IBMPlexMono-Bold.woff2
- User-Agent: Mozilla/5.0 (Macintosh; Intel Mac OS X 10_15_7) AppleWebKit/537.36 (KHTML, like Gecko) HeadlessChrome/136.0.0.0 Safari/537.36
- Referrer: http://localhost:3000/
- Host: localhost:3000
- IP: unknown
[2025-05-22T22:37:55.923Z] Request: GET /fonts/Px437_IBM_VGA_8x16.woff
- User-Agent: Mozilla/5.0 (Macintosh; Intel Mac OS X 10_15_7) AppleWebKit/537.36 (KHTML, like Gecko) HeadlessChrome/136.0.0.0 Safari/537.36
- Referrer: http://localhost:3000/
- Host: localhost:3000
- IP: unknown
[2025-05-22T22:37:55.932Z] Request: GET /fonts/Share_Tech_Mono.woff
- User-Agent: Mozilla/5.0 (Macintosh; Intel Mac OS X 10_15_7) AppleWebKit/537.36 (KHTML, like Gecko) HeadlessChrome/136.0.0.0 Safari/537.36
- Referrer: http://localhost:3000/
- Host: localhost:3000
- IP: unknown
[2025-05-22T22:37:55.932Z] Request: GET /fonts/IBMPlexMono-Medium.woff2
- User-Agent: Mozilla/5.0 (Macintosh; Intel Mac OS X 10_15_7) AppleWebKit/537.36 (KHTML, like Gecko) HeadlessChrome/136.0.0.0 Safari/537.36
- Referrer: http://localhost:3000/
- Host: localhost:3000
- IP: unknown
[2025-05-22T22:37:55.932Z] Request: GET /fonts/IBMPlexMono-Regular.woff2
- User-Agent: Mozilla/5.0 (Macintosh; Intel Mac OS X 10_15_7) AppleWebKit/537.36 (KHTML, like Gecko) HeadlessChrome/136.0.0.0 Safari/537.36
- Referrer: http://localhost:3000/
- Host: localhost:3000
- IP: unknown
[2025-05-22T22:37:55.933Z] Request: GET /fonts/IBMPlexMono-Bold.woff2
- User-Agent: Mozilla/5.0 (Macintosh; Intel Mac OS X 10_15_7) AppleWebKit/537.36 (KHTML, like Gecko) HeadlessChrome/136.0.0.0 Safari/537.36
- Referrer: http://localhost:3000/
- Host: localhost:3000
- IP: unknown
[2025-05-22T22:37:55.933Z] Request: GET /fonts/JetBrainsMono-Regular.woff2
- User-Agent: Mozilla/5.0 (Macintosh; Intel Mac OS X 10_15_7) AppleWebKit/537.36 (KHTML, like Gecko) HeadlessChrome/136.0.0.0 Safari/537.36
- Referrer: http://localhost:3000/
- Host: localhost:3000
- IP: unknown
[2025-05-22T22:37:55.933Z] Request: GET /fonts/Px437_IBM_VGA_8x16.woff
- User-Agent: Mozilla/5.0 (Macintosh; Intel Mac OS X 10_15_7) AppleWebKit/537.36 (KHTML, like Gecko) HeadlessChrome/136.0.0.0 Safari/537.36
- Referrer: http://localhost:3000/
- Host: localhost:3000
- IP: unknown
[2025-05-22T22:37:55.940Z] Request: GET /fonts/Share_Tech_Mono.woff
- User-Agent: Mozilla/5.0 (Macintosh; Intel Mac OS X 10_15_7) AppleWebKit/537.36 (KHTML, like Gecko) HeadlessChrome/136.0.0.0 Safari/537.36
- Referrer: http://localhost:3000/
- Host: localhost:3000
- IP: unknown
[2025-05-22T22:38:13.554Z] Request: GET /
- User-Agent: Mozilla/5.0 (Macintosh; Intel Mac OS X 10_15_7) AppleWebKit/537.36 (KHTML, like Gecko) HeadlessChrome/136.0.0.0 Safari/537.36
- Referrer: null
- Host: localhost:3000
- IP: unknown
Development mode: Skipping authentication check
 GET / 200 in 18ms
[2025-05-22T22:38:13.585Z] Request: GET /fonts/JetBrainsMono-Regular.woff2
- User-Agent: Mozilla/5.0 (Macintosh; Intel Mac OS X 10_15_7) AppleWebKit/537.36 (KHTML, like Gecko) HeadlessChrome/136.0.0.0 Safari/537.36
- Referrer: http://localhost:3000/
- Host: localhost:3000
- IP: unknown
[2025-05-22T22:38:13.585Z] Request: GET /fonts/Px437_IBM_VGA_8x16.woff
- User-Agent: Mozilla/5.0 (Macintosh; Intel Mac OS X 10_15_7) AppleWebKit/537.36 (KHTML, like Gecko) HeadlessChrome/136.0.0.0 Safari/537.36
- Referrer: http://localhost:3000/
- Host: localhost:3000
- IP: unknown
[2025-05-22T22:38:13.585Z] Request: GET /fonts/Share_Tech_Mono.woff
- User-Agent: Mozilla/5.0 (Macintosh; Intel Mac OS X 10_15_7) AppleWebKit/537.36 (KHTML, like Gecko) HeadlessChrome/136.0.0.0 Safari/537.36
- Referrer: http://localhost:3000/
- Host: localhost:3000
- IP: unknown
[2025-05-22T22:38:13.585Z] Request: GET /fix-only-colors.js
- User-Agent: Mozilla/5.0 (Macintosh; Intel Mac OS X 10_15_7) AppleWebKit/537.36 (KHTML, like Gecko) HeadlessChrome/136.0.0.0 Safari/537.36
- Referrer: http://localhost:3000/
- Host: localhost:3000
- IP: unknown
Development mode: Skipping authentication check
 GET /favicon.ico 200 in 4ms
 GET /favicon.ico 200 in 5ms
[2025-05-22T22:38:13.899Z] Request: HEAD /fonts/IBMPlexMono-Regular.woff2
- User-Agent: Mozilla/5.0 (Macintosh; Intel Mac OS X 10_15_7) AppleWebKit/537.36 (KHTML, like Gecko) HeadlessChrome/136.0.0.0 Safari/537.36
- Referrer: http://localhost:3000/
- Host: localhost:3000
- IP: unknown
[2025-05-22T22:38:13.899Z] Request: HEAD /fonts/IBMPlexMono-Medium.woff2
- User-Agent: Mozilla/5.0 (Macintosh; Intel Mac OS X 10_15_7) AppleWebKit/537.36 (KHTML, like Gecko) HeadlessChrome/136.0.0.0 Safari/537.36
- Referrer: http://localhost:3000/
- Host: localhost:3000
- IP: unknown
[2025-05-22T22:38:13.899Z] Request: HEAD /fonts/IBMPlexMono-Bold.woff2
- User-Agent: Mozilla/5.0 (Macintosh; Intel Mac OS X 10_15_7) AppleWebKit/537.36 (KHTML, like Gecko) HeadlessChrome/136.0.0.0 Safari/537.36
- Referrer: http://localhost:3000/
- Host: localhost:3000
- IP: unknown
[2025-05-22T22:38:13.899Z] Request: HEAD /fonts/JetBrainsMono-Regular.woff2
- User-Agent: Mozilla/5.0 (Macintosh; Intel Mac OS X 10_15_7) AppleWebKit/537.36 (KHTML, like Gecko) HeadlessChrome/136.0.0.0 Safari/537.36
- Referrer: http://localhost:3000/
- Host: localhost:3000
- IP: unknown
[2025-05-22T22:38:13.899Z] Request: HEAD /fonts/Share_Tech_Mono.woff
- User-Agent: Mozilla/5.0 (Macintosh; Intel Mac OS X 10_15_7) AppleWebKit/537.36 (KHTML, like Gecko) HeadlessChrome/136.0.0.0 Safari/537.36
- Referrer: http://localhost:3000/
- Host: localhost:3000
- IP: unknown
[2025-05-22T22:38:13.899Z] Request: HEAD /fonts/Px437_IBM_VGA_8x16.woff
- User-Agent: Mozilla/5.0 (Macintosh; Intel Mac OS X 10_15_7) AppleWebKit/537.36 (KHTML, like Gecko) HeadlessChrome/136.0.0.0 Safari/537.36
- Referrer: http://localhost:3000/
- Host: localhost:3000
- IP: unknown
[2025-05-22T22:38:13.906Z] Request: HEAD /fonts/IBMPlexMono-Regular.woff2
- User-Agent: Mozilla/5.0 (Macintosh; Intel Mac OS X 10_15_7) AppleWebKit/537.36 (KHTML, like Gecko) HeadlessChrome/136.0.0.0 Safari/537.36
- Referrer: http://localhost:3000/
- Host: localhost:3000
- IP: unknown
[2025-05-22T22:38:13.906Z] Request: HEAD /fonts/IBMPlexMono-Medium.woff2
- User-Agent: Mozilla/5.0 (Macintosh; Intel Mac OS X 10_15_7) AppleWebKit/537.36 (KHTML, like Gecko) HeadlessChrome/136.0.0.0 Safari/537.36
- Referrer: http://localhost:3000/
- Host: localhost:3000
- IP: unknown
[2025-05-22T22:38:13.906Z] Request: HEAD /fonts/IBMPlexMono-Bold.woff2
- User-Agent: Mozilla/5.0 (Macintosh; Intel Mac OS X 10_15_7) AppleWebKit/537.36 (KHTML, like Gecko) HeadlessChrome/136.0.0.0 Safari/537.36
- Referrer: http://localhost:3000/
- Host: localhost:3000
- IP: unknown
[2025-05-22T22:38:13.906Z] Request: HEAD /fonts/JetBrainsMono-Regular.woff2
- User-Agent: Mozilla/5.0 (Macintosh; Intel Mac OS X 10_15_7) AppleWebKit/537.36 (KHTML, like Gecko) HeadlessChrome/136.0.0.0 Safari/537.36
- Referrer: http://localhost:3000/
- Host: localhost:3000
- IP: unknown
[2025-05-22T22:38:13.906Z] Request: HEAD /fonts/Px437_IBM_VGA_8x16.woff
- User-Agent: Mozilla/5.0 (Macintosh; Intel Mac OS X 10_15_7) AppleWebKit/537.36 (KHTML, like Gecko) HeadlessChrome/136.0.0.0 Safari/537.36
- Referrer: http://localhost:3000/
- Host: localhost:3000
- IP: unknown
[2025-05-22T22:38:13.906Z] Request: HEAD /fonts/Share_Tech_Mono.woff
- User-Agent: Mozilla/5.0 (Macintosh; Intel Mac OS X 10_15_7) AppleWebKit/537.36 (KHTML, like Gecko) HeadlessChrome/136.0.0.0 Safari/537.36
- Referrer: http://localhost:3000/
- Host: localhost:3000
- IP: unknown
[2025-05-22T22:38:13.916Z] Request: GET /fonts/IBMPlexMono-Bold.woff2
- User-Agent: Mozilla/5.0 (Macintosh; Intel Mac OS X 10_15_7) AppleWebKit/537.36 (KHTML, like Gecko) HeadlessChrome/136.0.0.0 Safari/537.36
- Referrer: http://localhost:3000/
- Host: localhost:3000
- IP: unknown
[2025-05-22T22:38:13.916Z] Request: GET /fonts/IBMPlexMono-Regular.woff2
- User-Agent: Mozilla/5.0 (Macintosh; Intel Mac OS X 10_15_7) AppleWebKit/537.36 (KHTML, like Gecko) HeadlessChrome/136.0.0.0 Safari/537.36
- Referrer: http://localhost:3000/
- Host: localhost:3000
- IP: unknown
[2025-05-22T22:38:13.916Z] Request: GET /fonts/IBMPlexMono-Medium.woff2
- User-Agent: Mozilla/5.0 (Macintosh; Intel Mac OS X 10_15_7) AppleWebKit/537.36 (KHTML, like Gecko) HeadlessChrome/136.0.0.0 Safari/537.36
- Referrer: http://localhost:3000/
- Host: localhost:3000
- IP: unknown
[2025-05-22T22:38:13.916Z] Request: GET /fonts/IBMPlexMono-Bold.woff2
- User-Agent: Mozilla/5.0 (Macintosh; Intel Mac OS X 10_15_7) AppleWebKit/537.36 (KHTML, like Gecko) HeadlessChrome/136.0.0.0 Safari/537.36
- Referrer: http://localhost:3000/
- Host: localhost:3000
- IP: unknown
[2025-05-22T22:38:13.916Z] Request: GET /fonts/JetBrainsMono-Regular.woff2
- User-Agent: Mozilla/5.0 (Macintosh; Intel Mac OS X 10_15_7) AppleWebKit/537.36 (KHTML, like Gecko) HeadlessChrome/136.0.0.0 Safari/537.36
- Referrer: http://localhost:3000/
- Host: localhost:3000
- IP: unknown
[2025-05-22T22:38:13.916Z] Request: GET /fonts/Px437_IBM_VGA_8x16.woff
- User-Agent: Mozilla/5.0 (Macintosh; Intel Mac OS X 10_15_7) AppleWebKit/537.36 (KHTML, like Gecko) HeadlessChrome/136.0.0.0 Safari/537.36
- Referrer: http://localhost:3000/
- Host: localhost:3000
- IP: unknown
[2025-05-22T22:38:13.925Z] Request: GET /fonts/Share_Tech_Mono.woff
- User-Agent: Mozilla/5.0 (Macintosh; Intel Mac OS X 10_15_7) AppleWebKit/537.36 (KHTML, like Gecko) HeadlessChrome/136.0.0.0 Safari/537.36
- Referrer: http://localhost:3000/
- Host: localhost:3000
- IP: unknown
[2025-05-22T22:38:13.925Z] Request: GET /fonts/IBMPlexMono-Regular.woff2
- User-Agent: Mozilla/5.0 (Macintosh; Intel Mac OS X 10_15_7) AppleWebKit/537.36 (KHTML, like Gecko) HeadlessChrome/136.0.0.0 Safari/537.36
- Referrer: http://localhost:3000/
- Host: localhost:3000
- IP: unknown
[2025-05-22T22:38:13.925Z] Request: GET /fonts/IBMPlexMono-Medium.woff2
- User-Agent: Mozilla/5.0 (Macintosh; Intel Mac OS X 10_15_7) AppleWebKit/537.36 (KHTML, like Gecko) HeadlessChrome/136.0.0.0 Safari/537.36
- Referrer: http://localhost:3000/
- Host: localhost:3000
- IP: unknown
[2025-05-22T22:38:13.925Z] Request: GET /fonts/JetBrainsMono-Regular.woff2
- User-Agent: Mozilla/5.0 (Macintosh; Intel Mac OS X 10_15_7) AppleWebKit/537.36 (KHTML, like Gecko) HeadlessChrome/136.0.0.0 Safari/537.36
- Referrer: http://localhost:3000/
- Host: localhost:3000
- IP: unknown
[2025-05-22T22:38:13.925Z] Request: GET /fonts/IBMPlexMono-Bold.woff2
- User-Agent: Mozilla/5.0 (Macintosh; Intel Mac OS X 10_15_7) AppleWebKit/537.36 (KHTML, like Gecko) HeadlessChrome/136.0.0.0 Safari/537.36
- Referrer: http://localhost:3000/
- Host: localhost:3000
- IP: unknown
[2025-05-22T22:38:13.926Z] Request: GET /fonts/Px437_IBM_VGA_8x16.woff
- User-Agent: Mozilla/5.0 (Macintosh; Intel Mac OS X 10_15_7) AppleWebKit/537.36 (KHTML, like Gecko) HeadlessChrome/136.0.0.0 Safari/537.36
- Referrer: http://localhost:3000/
- Host: localhost:3000
- IP: unknown
[2025-05-22T22:38:13.937Z] Request: GET /fonts/Share_Tech_Mono.woff
- User-Agent: Mozilla/5.0 (Macintosh; Intel Mac OS X 10_15_7) AppleWebKit/537.36 (KHTML, like Gecko) HeadlessChrome/136.0.0.0 Safari/537.36
- Referrer: http://localhost:3000/
- Host: localhost:3000
- IP: unknown
[2025-05-22T22:40:13.227Z] Request: GET /
- User-Agent: Mozilla/5.0 (Macintosh; Intel Mac OS X 10_15_7) AppleWebKit/537.36 (KHTML, like Gecko) Chrome/135.0.0.0 Safari/537.36
- Referrer: http://localhost:3000/
- Host: localhost:3000
- IP: unknown
Development mode: Skipping authentication check
 GET / 200 in 34ms
[2025-05-22T22:40:13.287Z] Request: GET /fix-only-colors.js
- User-Agent: Mozilla/5.0 (Macintosh; Intel Mac OS X 10_15_7) AppleWebKit/537.36 (KHTML, like Gecko) Chrome/135.0.0.0 Safari/537.36
- Referrer: http://localhost:3000/
- Host: localhost:3000
- IP: unknown
Development mode: Skipping authentication check
[2025-05-22T22:40:13.523Z] Request: HEAD /fonts/IBMPlexMono-Regular.woff2
- User-Agent: Mozilla/5.0 (Macintosh; Intel Mac OS X 10_15_7) AppleWebKit/537.36 (KHTML, like Gecko) Chrome/135.0.0.0 Safari/537.36
- Referrer: http://localhost:3000/
- Host: localhost:3000
- IP: unknown
[2025-05-22T22:40:13.524Z] Request: HEAD /fonts/IBMPlexMono-Medium.woff2
- User-Agent: Mozilla/5.0 (Macintosh; Intel Mac OS X 10_15_7) AppleWebKit/537.36 (KHTML, like Gecko) Chrome/135.0.0.0 Safari/537.36
- Referrer: http://localhost:3000/
- Host: localhost:3000
- IP: unknown
[2025-05-22T22:40:13.524Z] Request: HEAD /fonts/IBMPlexMono-Bold.woff2
- User-Agent: Mozilla/5.0 (Macintosh; Intel Mac OS X 10_15_7) AppleWebKit/537.36 (KHTML, like Gecko) Chrome/135.0.0.0 Safari/537.36
- Referrer: http://localhost:3000/
- Host: localhost:3000
- IP: unknown
[2025-05-22T22:40:13.524Z] Request: HEAD /fonts/JetBrainsMono-Regular.woff2
- User-Agent: Mozilla/5.0 (Macintosh; Intel Mac OS X 10_15_7) AppleWebKit/537.36 (KHTML, like Gecko) Chrome/135.0.0.0 Safari/537.36
- Referrer: http://localhost:3000/
- Host: localhost:3000
- IP: unknown
[2025-05-22T22:40:13.524Z] Request: HEAD /fonts/IBMPlexMono-Regular.woff2
- User-Agent: Mozilla/5.0 (Macintosh; Intel Mac OS X 10_15_7) AppleWebKit/537.36 (KHTML, like Gecko) Chrome/135.0.0.0 Safari/537.36
- Referrer: http://localhost:3000/
- Host: localhost:3000
- IP: unknown
[2025-05-22T22:40:13.524Z] Request: HEAD /fonts/Share_Tech_Mono.woff
- User-Agent: Mozilla/5.0 (Macintosh; Intel Mac OS X 10_15_7) AppleWebKit/537.36 (KHTML, like Gecko) Chrome/135.0.0.0 Safari/537.36
- Referrer: http://localhost:3000/
- Host: localhost:3000
- IP: unknown
[2025-05-22T22:40:13.532Z] Request: HEAD /fonts/IBMPlexMono-Medium.woff2
- User-Agent: Mozilla/5.0 (Macintosh; Intel Mac OS X 10_15_7) AppleWebKit/537.36 (KHTML, like Gecko) Chrome/135.0.0.0 Safari/537.36
- Referrer: http://localhost:3000/
- Host: localhost:3000
- IP: unknown
[2025-05-22T22:40:13.532Z] Request: HEAD /fonts/JetBrainsMono-Regular.woff2
- User-Agent: Mozilla/5.0 (Macintosh; Intel Mac OS X 10_15_7) AppleWebKit/537.36 (KHTML, like Gecko) Chrome/135.0.0.0 Safari/537.36
- Referrer: http://localhost:3000/
- Host: localhost:3000
- IP: unknown
[2025-05-22T22:40:13.532Z] Request: HEAD /fonts/IBMPlexMono-Bold.woff2
- User-Agent: Mozilla/5.0 (Macintosh; Intel Mac OS X 10_15_7) AppleWebKit/537.36 (KHTML, like Gecko) Chrome/135.0.0.0 Safari/537.36
- Referrer: http://localhost:3000/
- Host: localhost:3000
- IP: unknown
[2025-05-22T22:40:13.532Z] Request: HEAD /fonts/Share_Tech_Mono.woff
- User-Agent: Mozilla/5.0 (Macintosh; Intel Mac OS X 10_15_7) AppleWebKit/537.36 (KHTML, like Gecko) Chrome/135.0.0.0 Safari/537.36
- Referrer: http://localhost:3000/
- Host: localhost:3000
- IP: unknown
[2025-05-22T22:40:13.532Z] Request: GET /fonts/Px437_IBM_VGA_8x16.woff
- User-Agent: Mozilla/5.0 (Macintosh; Intel Mac OS X 10_15_7) AppleWebKit/537.36 (KHTML, like Gecko) Chrome/135.0.0.0 Safari/537.36
- Referrer: http://localhost:3000/
- Host: localhost:3000
- IP: unknown
[2025-05-22T22:40:13.532Z] Request: GET /fonts/Px437_IBM_VGA_8x16.woff
- User-Agent: Mozilla/5.0 (Macintosh; Intel Mac OS X 10_15_7) AppleWebKit/537.36 (KHTML, like Gecko) Chrome/135.0.0.0 Safari/537.36
- Referrer: http://localhost:3000/
- Host: localhost:3000
- IP: unknown
[2025-05-22T22:40:13.540Z] Request: GET /fonts/IBMPlexMono-Regular.woff2
- User-Agent: Mozilla/5.0 (Macintosh; Intel Mac OS X 10_15_7) AppleWebKit/537.36 (KHTML, like Gecko) Chrome/135.0.0.0 Safari/537.36
- Referrer: http://localhost:3000/
- Host: localhost:3000
- IP: unknown
[2025-05-22T22:40:13.540Z] Request: GET /fonts/IBMPlexMono-Medium.woff2
- User-Agent: Mozilla/5.0 (Macintosh; Intel Mac OS X 10_15_7) AppleWebKit/537.36 (KHTML, like Gecko) Chrome/135.0.0.0 Safari/537.36
- Referrer: http://localhost:3000/
- Host: localhost:3000
- IP: unknown
[2025-05-22T22:40:13.540Z] Request: GET /fonts/JetBrainsMono-Regular.woff2
- User-Agent: Mozilla/5.0 (Macintosh; Intel Mac OS X 10_15_7) AppleWebKit/537.36 (KHTML, like Gecko) Chrome/135.0.0.0 Safari/537.36
- Referrer: http://localhost:3000/
- Host: localhost:3000
- IP: unknown
[2025-05-22T22:40:13.541Z] Request: GET /fonts/IBMPlexMono-Bold.woff2
- User-Agent: Mozilla/5.0 (Macintosh; Intel Mac OS X 10_15_7) AppleWebKit/537.36 (KHTML, like Gecko) Chrome/135.0.0.0 Safari/537.36
- Referrer: http://localhost:3000/
- Host: localhost:3000
- IP: unknown
[2025-05-22T22:40:13.541Z] Request: GET /fonts/IBMPlexMono-Regular.woff2
- User-Agent: Mozilla/5.0 (Macintosh; Intel Mac OS X 10_15_7) AppleWebKit/537.36 (KHTML, like Gecko) Chrome/135.0.0.0 Safari/537.36
- Referrer: http://localhost:3000/
- Host: localhost:3000
- IP: unknown
[2025-05-22T22:40:13.541Z] Request: GET /fonts/Share_Tech_Mono.woff
- User-Agent: Mozilla/5.0 (Macintosh; Intel Mac OS X 10_15_7) AppleWebKit/537.36 (KHTML, like Gecko) Chrome/135.0.0.0 Safari/537.36
- Referrer: http://localhost:3000/
- Host: localhost:3000
- IP: unknown
[2025-05-22T22:40:13.553Z] Request: GET /fonts/IBMPlexMono-Medium.woff2
- User-Agent: Mozilla/5.0 (Macintosh; Intel Mac OS X 10_15_7) AppleWebKit/537.36 (KHTML, like Gecko) Chrome/135.0.0.0 Safari/537.36
- Referrer: http://localhost:3000/
- Host: localhost:3000
- IP: unknown
[2025-05-22T22:40:13.553Z] Request: GET /fonts/JetBrainsMono-Regular.woff2
- User-Agent: Mozilla/5.0 (Macintosh; Intel Mac OS X 10_15_7) AppleWebKit/537.36 (KHTML, like Gecko) Chrome/135.0.0.0 Safari/537.36
- Referrer: http://localhost:3000/
- Host: localhost:3000
- IP: unknown
[2025-05-22T22:40:13.553Z] Request: GET /fonts/IBMPlexMono-Bold.woff2
- User-Agent: Mozilla/5.0 (Macintosh; Intel Mac OS X 10_15_7) AppleWebKit/537.36 (KHTML, like Gecko) Chrome/135.0.0.0 Safari/537.36
- Referrer: http://localhost:3000/
- Host: localhost:3000
- IP: unknown
[2025-05-22T22:40:13.553Z] Request: GET /fonts/Share_Tech_Mono.woff
- User-Agent: Mozilla/5.0 (Macintosh; Intel Mac OS X 10_15_7) AppleWebKit/537.36 (KHTML, like Gecko) Chrome/135.0.0.0 Safari/537.36
- Referrer: http://localhost:3000/
- Host: localhost:3000
- IP: unknown
[2025-05-22T22:40:47.089Z] Request: GET /
- User-Agent: Mozilla/5.0 (Macintosh; Intel Mac OS X 10_15_7) AppleWebKit/537.36 (KHTML, like Gecko) HeadlessChrome/136.0.0.0 Safari/537.36
- Referrer: null
- Host: localhost:3000
- IP: unknown
Development mode: Skipping authentication check
 GET / 200 in 32ms
[2025-05-22T22:40:47.141Z] Request: GET /fonts/JetBrainsMono-Regular.woff2
- User-Agent: Mozilla/5.0 (Macintosh; Intel Mac OS X 10_15_7) AppleWebKit/537.36 (KHTML, like Gecko) HeadlessChrome/136.0.0.0 Safari/537.36
- Referrer: http://localhost:3000/
- Host: localhost:3000
- IP: unknown
[2025-05-22T22:40:47.141Z] Request: GET /fonts/Px437_IBM_VGA_8x16.woff
- User-Agent: Mozilla/5.0 (Macintosh; Intel Mac OS X 10_15_7) AppleWebKit/537.36 (KHTML, like Gecko) HeadlessChrome/136.0.0.0 Safari/537.36
- Referrer: http://localhost:3000/
- Host: localhost:3000
- IP: unknown
[2025-05-22T22:40:47.141Z] Request: GET /fonts/Share_Tech_Mono.woff
- User-Agent: Mozilla/5.0 (Macintosh; Intel Mac OS X 10_15_7) AppleWebKit/537.36 (KHTML, like Gecko) HeadlessChrome/136.0.0.0 Safari/537.36
- Referrer: http://localhost:3000/
- Host: localhost:3000
- IP: unknown
[2025-05-22T22:40:47.141Z] Request: GET /fix-only-colors.js
- User-Agent: Mozilla/5.0 (Macintosh; Intel Mac OS X 10_15_7) AppleWebKit/537.36 (KHTML, like Gecko) HeadlessChrome/136.0.0.0 Safari/537.36
- Referrer: http://localhost:3000/
- Host: localhost:3000
- IP: unknown
Development mode: Skipping authentication check
 GET /favicon.ico 200 in 5ms
 GET /favicon.ico 200 in 3ms
[2025-05-22T22:40:47.470Z] Request: HEAD /fonts/IBMPlexMono-Regular.woff2
- User-Agent: Mozilla/5.0 (Macintosh; Intel Mac OS X 10_15_7) AppleWebKit/537.36 (KHTML, like Gecko) HeadlessChrome/136.0.0.0 Safari/537.36
- Referrer: http://localhost:3000/
- Host: localhost:3000
- IP: unknown
[2025-05-22T22:40:47.470Z] Request: HEAD /fonts/IBMPlexMono-Medium.woff2
- User-Agent: Mozilla/5.0 (Macintosh; Intel Mac OS X 10_15_7) AppleWebKit/537.36 (KHTML, like Gecko) HeadlessChrome/136.0.0.0 Safari/537.36
- Referrer: http://localhost:3000/
- Host: localhost:3000
- IP: unknown
[2025-05-22T22:40:47.470Z] Request: HEAD /fonts/Px437_IBM_VGA_8x16.woff
- User-Agent: Mozilla/5.0 (Macintosh; Intel Mac OS X 10_15_7) AppleWebKit/537.36 (KHTML, like Gecko) HeadlessChrome/136.0.0.0 Safari/537.36
- Referrer: http://localhost:3000/
- Host: localhost:3000
- IP: unknown
[2025-05-22T22:40:47.470Z] Request: HEAD /fonts/IBMPlexMono-Bold.woff2
- User-Agent: Mozilla/5.0 (Macintosh; Intel Mac OS X 10_15_7) AppleWebKit/537.36 (KHTML, like Gecko) HeadlessChrome/136.0.0.0 Safari/537.36
- Referrer: http://localhost:3000/
- Host: localhost:3000
- IP: unknown
[2025-05-22T22:40:47.471Z] Request: HEAD /fonts/Share_Tech_Mono.woff
- User-Agent: Mozilla/5.0 (Macintosh; Intel Mac OS X 10_15_7) AppleWebKit/537.36 (KHTML, like Gecko) HeadlessChrome/136.0.0.0 Safari/537.36
- Referrer: http://localhost:3000/
- Host: localhost:3000
- IP: unknown
[2025-05-22T22:40:47.471Z] Request: HEAD /fonts/JetBrainsMono-Regular.woff2
- User-Agent: Mozilla/5.0 (Macintosh; Intel Mac OS X 10_15_7) AppleWebKit/537.36 (KHTML, like Gecko) HeadlessChrome/136.0.0.0 Safari/537.36
- Referrer: http://localhost:3000/
- Host: localhost:3000
- IP: unknown
[2025-05-22T22:40:47.478Z] Request: HEAD /fonts/IBMPlexMono-Regular.woff2
- User-Agent: Mozilla/5.0 (Macintosh; Intel Mac OS X 10_15_7) AppleWebKit/537.36 (KHTML, like Gecko) HeadlessChrome/136.0.0.0 Safari/537.36
- Referrer: http://localhost:3000/
- Host: localhost:3000
- IP: unknown
[2025-05-22T22:40:47.478Z] Request: HEAD /fonts/JetBrainsMono-Regular.woff2
- User-Agent: Mozilla/5.0 (Macintosh; Intel Mac OS X 10_15_7) AppleWebKit/537.36 (KHTML, like Gecko) HeadlessChrome/136.0.0.0 Safari/537.36
- Referrer: http://localhost:3000/
- Host: localhost:3000
- IP: unknown
[2025-05-22T22:40:47.478Z] Request: HEAD /fonts/IBMPlexMono-Medium.woff2
- User-Agent: Mozilla/5.0 (Macintosh; Intel Mac OS X 10_15_7) AppleWebKit/537.36 (KHTML, like Gecko) HeadlessChrome/136.0.0.0 Safari/537.36
- Referrer: http://localhost:3000/
- Host: localhost:3000
- IP: unknown
[2025-05-22T22:40:47.478Z] Request: HEAD /fonts/IBMPlexMono-Bold.woff2
- User-Agent: Mozilla/5.0 (Macintosh; Intel Mac OS X 10_15_7) AppleWebKit/537.36 (KHTML, like Gecko) HeadlessChrome/136.0.0.0 Safari/537.36
- Referrer: http://localhost:3000/
- Host: localhost:3000
- IP: unknown
[2025-05-22T22:40:47.478Z] Request: HEAD /fonts/Px437_IBM_VGA_8x16.woff
- User-Agent: Mozilla/5.0 (Macintosh; Intel Mac OS X 10_15_7) AppleWebKit/537.36 (KHTML, like Gecko) HeadlessChrome/136.0.0.0 Safari/537.36
- Referrer: http://localhost:3000/
- Host: localhost:3000
- IP: unknown
[2025-05-22T22:40:47.478Z] Request: HEAD /fonts/Share_Tech_Mono.woff
- User-Agent: Mozilla/5.0 (Macintosh; Intel Mac OS X 10_15_7) AppleWebKit/537.36 (KHTML, like Gecko) HeadlessChrome/136.0.0.0 Safari/537.36
- Referrer: http://localhost:3000/
- Host: localhost:3000
- IP: unknown
[2025-05-22T22:40:47.484Z] Request: GET /fonts/IBMPlexMono-Bold.woff2
- User-Agent: Mozilla/5.0 (Macintosh; Intel Mac OS X 10_15_7) AppleWebKit/537.36 (KHTML, like Gecko) HeadlessChrome/136.0.0.0 Safari/537.36
- Referrer: http://localhost:3000/
- Host: localhost:3000
- IP: unknown
[2025-05-22T22:40:47.490Z] Request: GET /fonts/IBMPlexMono-Regular.woff2
- User-Agent: Mozilla/5.0 (Macintosh; Intel Mac OS X 10_15_7) AppleWebKit/537.36 (KHTML, like Gecko) HeadlessChrome/136.0.0.0 Safari/537.36
- Referrer: http://localhost:3000/
- Host: localhost:3000
- IP: unknown
[2025-05-22T22:40:47.493Z] Request: GET /fonts/IBMPlexMono-Medium.woff2
- User-Agent: Mozilla/5.0 (Macintosh; Intel Mac OS X 10_15_7) AppleWebKit/537.36 (KHTML, like Gecko) HeadlessChrome/136.0.0.0 Safari/537.36
- Referrer: http://localhost:3000/
- Host: localhost:3000
- IP: unknown
[2025-05-22T22:40:47.493Z] Request: GET /fonts/Px437_IBM_VGA_8x16.woff
- User-Agent: Mozilla/5.0 (Macintosh; Intel Mac OS X 10_15_7) AppleWebKit/537.36 (KHTML, like Gecko) HeadlessChrome/136.0.0.0 Safari/537.36
- Referrer: http://localhost:3000/
- Host: localhost:3000
- IP: unknown
[2025-05-22T22:40:47.493Z] Request: GET /fonts/Share_Tech_Mono.woff
- User-Agent: Mozilla/5.0 (Macintosh; Intel Mac OS X 10_15_7) AppleWebKit/537.36 (KHTML, like Gecko) HeadlessChrome/136.0.0.0 Safari/537.36
- Referrer: http://localhost:3000/
- Host: localhost:3000
- IP: unknown
[2025-05-22T22:40:47.493Z] Request: GET /fonts/IBMPlexMono-Bold.woff2
- User-Agent: Mozilla/5.0 (Macintosh; Intel Mac OS X 10_15_7) AppleWebKit/537.36 (KHTML, like Gecko) HeadlessChrome/136.0.0.0 Safari/537.36
- Referrer: http://localhost:3000/
- Host: localhost:3000
- IP: unknown
[2025-05-22T22:40:47.504Z] Request: GET /fonts/IBMPlexMono-Regular.woff2
- User-Agent: Mozilla/5.0 (Macintosh; Intel Mac OS X 10_15_7) AppleWebKit/537.36 (KHTML, like Gecko) HeadlessChrome/136.0.0.0 Safari/537.36
- Referrer: http://localhost:3000/
- Host: localhost:3000
- IP: unknown
[2025-05-22T22:40:47.504Z] Request: GET /fonts/JetBrainsMono-Regular.woff2
- User-Agent: Mozilla/5.0 (Macintosh; Intel Mac OS X 10_15_7) AppleWebKit/537.36 (KHTML, like Gecko) HeadlessChrome/136.0.0.0 Safari/537.36
- Referrer: http://localhost:3000/
- Host: localhost:3000
- IP: unknown
[2025-05-22T22:40:47.504Z] Request: GET /fonts/IBMPlexMono-Medium.woff2
- User-Agent: Mozilla/5.0 (Macintosh; Intel Mac OS X 10_15_7) AppleWebKit/537.36 (KHTML, like Gecko) HeadlessChrome/136.0.0.0 Safari/537.36
- Referrer: http://localhost:3000/
- Host: localhost:3000
- IP: unknown
[2025-05-22T22:40:47.504Z] Request: GET /fonts/IBMPlexMono-Bold.woff2
- User-Agent: Mozilla/5.0 (Macintosh; Intel Mac OS X 10_15_7) AppleWebKit/537.36 (KHTML, like Gecko) HeadlessChrome/136.0.0.0 Safari/537.36
- Referrer: http://localhost:3000/
- Host: localhost:3000
- IP: unknown
[2025-05-22T22:40:47.504Z] Request: GET /fonts/Px437_IBM_VGA_8x16.woff
- User-Agent: Mozilla/5.0 (Macintosh; Intel Mac OS X 10_15_7) AppleWebKit/537.36 (KHTML, like Gecko) HeadlessChrome/136.0.0.0 Safari/537.36
- Referrer: http://localhost:3000/
- Host: localhost:3000
- IP: unknown
[2025-05-22T22:40:47.507Z] Request: GET /fonts/Share_Tech_Mono.woff
- User-Agent: Mozilla/5.0 (Macintosh; Intel Mac OS X 10_15_7) AppleWebKit/537.36 (KHTML, like Gecko) HeadlessChrome/136.0.0.0 Safari/537.36
- Referrer: http://localhost:3000/
- Host: localhost:3000
- IP: unknown
[2025-05-22T22:41:54.628Z] Request: GET /
- User-Agent: Mozilla/5.0 (Macintosh; Intel Mac OS X 10_15_7) AppleWebKit/537.36 (KHTML, like Gecko) HeadlessChrome/136.0.0.0 Safari/537.36
- Referrer: null
- Host: localhost:3000
- IP: unknown
Development mode: Skipping authentication check
 GET / 200 in 31ms
[2025-05-22T22:41:54.672Z] Request: GET /fonts/JetBrainsMono-Regular.woff2
- User-Agent: Mozilla/5.0 (Macintosh; Intel Mac OS X 10_15_7) AppleWebKit/537.36 (KHTML, like Gecko) HeadlessChrome/136.0.0.0 Safari/537.36
- Referrer: http://localhost:3000/
- Host: localhost:3000
- IP: unknown
[2025-05-22T22:41:54.672Z] Request: GET /fonts/Px437_IBM_VGA_8x16.woff
- User-Agent: Mozilla/5.0 (Macintosh; Intel Mac OS X 10_15_7) AppleWebKit/537.36 (KHTML, like Gecko) HeadlessChrome/136.0.0.0 Safari/537.36
- Referrer: http://localhost:3000/
- Host: localhost:3000
- IP: unknown
[2025-05-22T22:41:54.673Z] Request: GET /fonts/Share_Tech_Mono.woff
- User-Agent: Mozilla/5.0 (Macintosh; Intel Mac OS X 10_15_7) AppleWebKit/537.36 (KHTML, like Gecko) HeadlessChrome/136.0.0.0 Safari/537.36
- Referrer: http://localhost:3000/
- Host: localhost:3000
- IP: unknown
[2025-05-22T22:41:54.673Z] Request: GET /fix-only-colors.js
- User-Agent: Mozilla/5.0 (Macintosh; Intel Mac OS X 10_15_7) AppleWebKit/537.36 (KHTML, like Gecko) HeadlessChrome/136.0.0.0 Safari/537.36
- Referrer: http://localhost:3000/
- Host: localhost:3000
- IP: unknown
Development mode: Skipping authentication check
 GET /favicon.ico 200 in 4ms
 GET /favicon.ico 200 in 4ms
[2025-05-22T22:41:54.981Z] Request: HEAD /fonts/IBMPlexMono-Medium.woff2
- User-Agent: Mozilla/5.0 (Macintosh; Intel Mac OS X 10_15_7) AppleWebKit/537.36 (KHTML, like Gecko) HeadlessChrome/136.0.0.0 Safari/537.36
- Referrer: http://localhost:3000/
- Host: localhost:3000
- IP: unknown
[2025-05-22T22:41:54.981Z] Request: HEAD /fonts/IBMPlexMono-Bold.woff2
- User-Agent: Mozilla/5.0 (Macintosh; Intel Mac OS X 10_15_7) AppleWebKit/537.36 (KHTML, like Gecko) HeadlessChrome/136.0.0.0 Safari/537.36
- Referrer: http://localhost:3000/
- Host: localhost:3000
- IP: unknown
[2025-05-22T22:41:54.981Z] Request: HEAD /fonts/IBMPlexMono-Regular.woff2
- User-Agent: Mozilla/5.0 (Macintosh; Intel Mac OS X 10_15_7) AppleWebKit/537.36 (KHTML, like Gecko) HeadlessChrome/136.0.0.0 Safari/537.36
- Referrer: http://localhost:3000/
- Host: localhost:3000
- IP: unknown
[2025-05-22T22:41:54.981Z] Request: HEAD /fonts/JetBrainsMono-Regular.woff2
- User-Agent: Mozilla/5.0 (Macintosh; Intel Mac OS X 10_15_7) AppleWebKit/537.36 (KHTML, like Gecko) HeadlessChrome/136.0.0.0 Safari/537.36
- Referrer: http://localhost:3000/
- Host: localhost:3000
- IP: unknown
[2025-05-22T22:41:54.981Z] Request: HEAD /fonts/Px437_IBM_VGA_8x16.woff
- User-Agent: Mozilla/5.0 (Macintosh; Intel Mac OS X 10_15_7) AppleWebKit/537.36 (KHTML, like Gecko) HeadlessChrome/136.0.0.0 Safari/537.36
- Referrer: http://localhost:3000/
- Host: localhost:3000
- IP: unknown
[2025-05-22T22:41:54.981Z] Request: HEAD /fonts/Share_Tech_Mono.woff
- User-Agent: Mozilla/5.0 (Macintosh; Intel Mac OS X 10_15_7) AppleWebKit/537.36 (KHTML, like Gecko) HeadlessChrome/136.0.0.0 Safari/537.36
- Referrer: http://localhost:3000/
- Host: localhost:3000
- IP: unknown
[2025-05-22T22:41:54.990Z] Request: HEAD /fonts/IBMPlexMono-Regular.woff2
- User-Agent: Mozilla/5.0 (Macintosh; Intel Mac OS X 10_15_7) AppleWebKit/537.36 (KHTML, like Gecko) HeadlessChrome/136.0.0.0 Safari/537.36
- Referrer: http://localhost:3000/
- Host: localhost:3000
- IP: unknown
[2025-05-22T22:41:54.990Z] Request: HEAD /fonts/IBMPlexMono-Medium.woff2
- User-Agent: Mozilla/5.0 (Macintosh; Intel Mac OS X 10_15_7) AppleWebKit/537.36 (KHTML, like Gecko) HeadlessChrome/136.0.0.0 Safari/537.36
- Referrer: http://localhost:3000/
- Host: localhost:3000
- IP: unknown
[2025-05-22T22:41:54.990Z] Request: GET /fonts/IBMPlexMono-Bold.woff2
- User-Agent: Mozilla/5.0 (Macintosh; Intel Mac OS X 10_15_7) AppleWebKit/537.36 (KHTML, like Gecko) HeadlessChrome/136.0.0.0 Safari/537.36
- Referrer: http://localhost:3000/
- Host: localhost:3000
- IP: unknown
[2025-05-22T22:41:54.991Z] Request: HEAD /fonts/IBMPlexMono-Bold.woff2
- User-Agent: Mozilla/5.0 (Macintosh; Intel Mac OS X 10_15_7) AppleWebKit/537.36 (KHTML, like Gecko) HeadlessChrome/136.0.0.0 Safari/537.36
- Referrer: http://localhost:3000/
- Host: localhost:3000
- IP: unknown
[2025-05-22T22:41:54.991Z] Request: HEAD /fonts/JetBrainsMono-Regular.woff2
- User-Agent: Mozilla/5.0 (Macintosh; Intel Mac OS X 10_15_7) AppleWebKit/537.36 (KHTML, like Gecko) HeadlessChrome/136.0.0.0 Safari/537.36
- Referrer: http://localhost:3000/
- Host: localhost:3000
- IP: unknown
[2025-05-22T22:41:54.991Z] Request: HEAD /fonts/Px437_IBM_VGA_8x16.woff
- User-Agent: Mozilla/5.0 (Macintosh; Intel Mac OS X 10_15_7) AppleWebKit/537.36 (KHTML, like Gecko) HeadlessChrome/136.0.0.0 Safari/537.36
- Referrer: http://localhost:3000/
- Host: localhost:3000
- IP: unknown
[2025-05-22T22:41:54.997Z] Request: GET /fonts/IBMPlexMono-Medium.woff2
- User-Agent: Mozilla/5.0 (Macintosh; Intel Mac OS X 10_15_7) AppleWebKit/537.36 (KHTML, like Gecko) HeadlessChrome/136.0.0.0 Safari/537.36
- Referrer: http://localhost:3000/
- Host: localhost:3000
- IP: unknown
[2025-05-22T22:41:54.997Z] Request: GET /fonts/IBMPlexMono-Regular.woff2
- User-Agent: Mozilla/5.0 (Macintosh; Intel Mac OS X 10_15_7) AppleWebKit/537.36 (KHTML, like Gecko) HeadlessChrome/136.0.0.0 Safari/537.36
- Referrer: http://localhost:3000/
- Host: localhost:3000
- IP: unknown
[2025-05-22T22:41:54.998Z] Request: GET /fonts/JetBrainsMono-Regular.woff2
- User-Agent: Mozilla/5.0 (Macintosh; Intel Mac OS X 10_15_7) AppleWebKit/537.36 (KHTML, like Gecko) HeadlessChrome/136.0.0.0 Safari/537.36
- Referrer: http://localhost:3000/
- Host: localhost:3000
- IP: unknown
[2025-05-22T22:41:54.998Z] Request: GET /fonts/IBMPlexMono-Bold.woff2
- User-Agent: Mozilla/5.0 (Macintosh; Intel Mac OS X 10_15_7) AppleWebKit/537.36 (KHTML, like Gecko) HeadlessChrome/136.0.0.0 Safari/537.36
- Referrer: http://localhost:3000/
- Host: localhost:3000
- IP: unknown
[2025-05-22T22:41:54.998Z] Request: GET /fonts/Px437_IBM_VGA_8x16.woff
- User-Agent: Mozilla/5.0 (Macintosh; Intel Mac OS X 10_15_7) AppleWebKit/537.36 (KHTML, like Gecko) HeadlessChrome/136.0.0.0 Safari/537.36
- Referrer: http://localhost:3000/
- Host: localhost:3000
- IP: unknown
[2025-05-22T22:41:55.003Z] Request: GET /fonts/Share_Tech_Mono.woff
- User-Agent: Mozilla/5.0 (Macintosh; Intel Mac OS X 10_15_7) AppleWebKit/537.36 (KHTML, like Gecko) HeadlessChrome/136.0.0.0 Safari/537.36
- Referrer: http://localhost:3000/
- Host: localhost:3000
- IP: unknown
[2025-05-22T22:41:55.008Z] Request: GET /fonts/IBMPlexMono-Bold.woff2
- User-Agent: Mozilla/5.0 (Macintosh; Intel Mac OS X 10_15_7) AppleWebKit/537.36 (KHTML, like Gecko) HeadlessChrome/136.0.0.0 Safari/537.36
- Referrer: http://localhost:3000/
- Host: localhost:3000
- IP: unknown
[2025-05-22T22:41:55.009Z] Request: GET /fonts/IBMPlexMono-Regular.woff2
- User-Agent: Mozilla/5.0 (Macintosh; Intel Mac OS X 10_15_7) AppleWebKit/537.36 (KHTML, like Gecko) HeadlessChrome/136.0.0.0 Safari/537.36
- Referrer: http://localhost:3000/
- Host: localhost:3000
- IP: unknown
[2025-05-22T22:41:55.009Z] Request: GET /fonts/IBMPlexMono-Medium.woff2
- User-Agent: Mozilla/5.0 (Macintosh; Intel Mac OS X 10_15_7) AppleWebKit/537.36 (KHTML, like Gecko) HeadlessChrome/136.0.0.0 Safari/537.36
- Referrer: http://localhost:3000/
- Host: localhost:3000
- IP: unknown
[2025-05-22T22:41:55.011Z] Request: GET /fonts/JetBrainsMono-Regular.woff2
- User-Agent: Mozilla/5.0 (Macintosh; Intel Mac OS X 10_15_7) AppleWebKit/537.36 (KHTML, like Gecko) HeadlessChrome/136.0.0.0 Safari/537.36
- Referrer: http://localhost:3000/
- Host: localhost:3000
- IP: unknown
[2025-05-22T22:41:55.011Z] Request: GET /fonts/Px437_IBM_VGA_8x16.woff
- User-Agent: Mozilla/5.0 (Macintosh; Intel Mac OS X 10_15_7) AppleWebKit/537.36 (KHTML, like Gecko) HeadlessChrome/136.0.0.0 Safari/537.36
- Referrer: http://localhost:3000/
- Host: localhost:3000
- IP: unknown
[2025-05-22T22:41:55.015Z] Request: HEAD /fonts/Share_Tech_Mono.woff
- User-Agent: Mozilla/5.0 (Macintosh; Intel Mac OS X 10_15_7) AppleWebKit/537.36 (KHTML, like Gecko) HeadlessChrome/136.0.0.0 Safari/537.36
- Referrer: http://localhost:3000/
- Host: localhost:3000
- IP: unknown
[2025-05-22T22:41:55.019Z] Request: GET /fonts/Share_Tech_Mono.woff
- User-Agent: Mozilla/5.0 (Macintosh; Intel Mac OS X 10_15_7) AppleWebKit/537.36 (KHTML, like Gecko) HeadlessChrome/136.0.0.0 Safari/537.36
- Referrer: http://localhost:3000/
- Host: localhost:3000
- IP: unknown
[2025-05-22T22:47:59.075Z] Request: GET /
- User-Agent: Mozilla/5.0 (Macintosh; Intel Mac OS X 10_15_7) AppleWebKit/537.36 (KHTML, like Gecko) HeadlessChrome/136.0.0.0 Safari/537.36
- Referrer: null
- Host: localhost:3000
- IP: unknown
Development mode: Skipping authentication check
 GET / 200 in 23ms
[2025-05-22T22:47:59.110Z] Request: GET /fonts/JetBrainsMono-Regular.woff2
- User-Agent: Mozilla/5.0 (Macintosh; Intel Mac OS X 10_15_7) AppleWebKit/537.36 (KHTML, like Gecko) HeadlessChrome/136.0.0.0 Safari/537.36
- Referrer: http://localhost:3000/
- Host: localhost:3000
- IP: unknown
[2025-05-22T22:47:59.110Z] Request: GET /fonts/Px437_IBM_VGA_8x16.woff
- User-Agent: Mozilla/5.0 (Macintosh; Intel Mac OS X 10_15_7) AppleWebKit/537.36 (KHTML, like Gecko) HeadlessChrome/136.0.0.0 Safari/537.36
- Referrer: http://localhost:3000/
- Host: localhost:3000
- IP: unknown
[2025-05-22T22:47:59.110Z] Request: GET /fonts/Share_Tech_Mono.woff
- User-Agent: Mozilla/5.0 (Macintosh; Intel Mac OS X 10_15_7) AppleWebKit/537.36 (KHTML, like Gecko) HeadlessChrome/136.0.0.0 Safari/537.36
- Referrer: http://localhost:3000/
- Host: localhost:3000
- IP: unknown
[2025-05-22T22:47:59.110Z] Request: GET /fix-only-colors.js
- User-Agent: Mozilla/5.0 (Macintosh; Intel Mac OS X 10_15_7) AppleWebKit/537.36 (KHTML, like Gecko) HeadlessChrome/136.0.0.0 Safari/537.36
- Referrer: http://localhost:3000/
- Host: localhost:3000
- IP: unknown
Development mode: Skipping authentication check
 GET /favicon.ico 200 in 5ms
 GET /favicon.ico 200 in 5ms
[2025-05-22T22:47:59.420Z] Request: HEAD /fonts/IBMPlexMono-Regular.woff2
- User-Agent: Mozilla/5.0 (Macintosh; Intel Mac OS X 10_15_7) AppleWebKit/537.36 (KHTML, like Gecko) HeadlessChrome/136.0.0.0 Safari/537.36
- Referrer: http://localhost:3000/
- Host: localhost:3000
- IP: unknown
[2025-05-22T22:47:59.420Z] Request: HEAD /fonts/IBMPlexMono-Medium.woff2
- User-Agent: Mozilla/5.0 (Macintosh; Intel Mac OS X 10_15_7) AppleWebKit/537.36 (KHTML, like Gecko) HeadlessChrome/136.0.0.0 Safari/537.36
- Referrer: http://localhost:3000/
- Host: localhost:3000
- IP: unknown
[2025-05-22T22:47:59.420Z] Request: HEAD /fonts/IBMPlexMono-Bold.woff2
- User-Agent: Mozilla/5.0 (Macintosh; Intel Mac OS X 10_15_7) AppleWebKit/537.36 (KHTML, like Gecko) HeadlessChrome/136.0.0.0 Safari/537.36
- Referrer: http://localhost:3000/
- Host: localhost:3000
- IP: unknown
[2025-05-22T22:47:59.420Z] Request: HEAD /fonts/JetBrainsMono-Regular.woff2
- User-Agent: Mozilla/5.0 (Macintosh; Intel Mac OS X 10_15_7) AppleWebKit/537.36 (KHTML, like Gecko) HeadlessChrome/136.0.0.0 Safari/537.36
- Referrer: http://localhost:3000/
- Host: localhost:3000
- IP: unknown
[2025-05-22T22:47:59.420Z] Request: HEAD /fonts/Px437_IBM_VGA_8x16.woff
- User-Agent: Mozilla/5.0 (Macintosh; Intel Mac OS X 10_15_7) AppleWebKit/537.36 (KHTML, like Gecko) HeadlessChrome/136.0.0.0 Safari/537.36
- Referrer: http://localhost:3000/
- Host: localhost:3000
- IP: unknown
[2025-05-22T22:47:59.421Z] Request: HEAD /fonts/Share_Tech_Mono.woff
- User-Agent: Mozilla/5.0 (Macintosh; Intel Mac OS X 10_15_7) AppleWebKit/537.36 (KHTML, like Gecko) HeadlessChrome/136.0.0.0 Safari/537.36
- Referrer: http://localhost:3000/
- Host: localhost:3000
- IP: unknown
[2025-05-22T22:47:59.433Z] Request: HEAD /fonts/IBMPlexMono-Regular.woff2
- User-Agent: Mozilla/5.0 (Macintosh; Intel Mac OS X 10_15_7) AppleWebKit/537.36 (KHTML, like Gecko) HeadlessChrome/136.0.0.0 Safari/537.36
- Referrer: http://localhost:3000/
- Host: localhost:3000
- IP: unknown
[2025-05-22T22:47:59.433Z] Request: HEAD /fonts/IBMPlexMono-Bold.woff2
- User-Agent: Mozilla/5.0 (Macintosh; Intel Mac OS X 10_15_7) AppleWebKit/537.36 (KHTML, like Gecko) HeadlessChrome/136.0.0.0 Safari/537.36
- Referrer: http://localhost:3000/
- Host: localhost:3000
- IP: unknown
[2025-05-22T22:47:59.433Z] Request: GET /fonts/IBMPlexMono-Bold.woff2
- User-Agent: Mozilla/5.0 (Macintosh; Intel Mac OS X 10_15_7) AppleWebKit/537.36 (KHTML, like Gecko) HeadlessChrome/136.0.0.0 Safari/537.36
- Referrer: http://localhost:3000/
- Host: localhost:3000
- IP: unknown
[2025-05-22T22:47:59.433Z] Request: HEAD /fonts/IBMPlexMono-Medium.woff2
- User-Agent: Mozilla/5.0 (Macintosh; Intel Mac OS X 10_15_7) AppleWebKit/537.36 (KHTML, like Gecko) HeadlessChrome/136.0.0.0 Safari/537.36
- Referrer: http://localhost:3000/
- Host: localhost:3000
- IP: unknown
[2025-05-22T22:47:59.433Z] Request: HEAD /fonts/Px437_IBM_VGA_8x16.woff
- User-Agent: Mozilla/5.0 (Macintosh; Intel Mac OS X 10_15_7) AppleWebKit/537.36 (KHTML, like Gecko) HeadlessChrome/136.0.0.0 Safari/537.36
- Referrer: http://localhost:3000/
- Host: localhost:3000
- IP: unknown
[2025-05-22T22:47:59.433Z] Request: HEAD /fonts/JetBrainsMono-Regular.woff2
- User-Agent: Mozilla/5.0 (Macintosh; Intel Mac OS X 10_15_7) AppleWebKit/537.36 (KHTML, like Gecko) HeadlessChrome/136.0.0.0 Safari/537.36
- Referrer: http://localhost:3000/
- Host: localhost:3000
- IP: unknown
[2025-05-22T22:47:59.440Z] Request: GET /fonts/IBMPlexMono-Regular.woff2
- User-Agent: Mozilla/5.0 (Macintosh; Intel Mac OS X 10_15_7) AppleWebKit/537.36 (KHTML, like Gecko) HeadlessChrome/136.0.0.0 Safari/537.36
- Referrer: http://localhost:3000/
- Host: localhost:3000
- IP: unknown
[2025-05-22T22:47:59.440Z] Request: GET /fonts/IBMPlexMono-Medium.woff2
- User-Agent: Mozilla/5.0 (Macintosh; Intel Mac OS X 10_15_7) AppleWebKit/537.36 (KHTML, like Gecko) HeadlessChrome/136.0.0.0 Safari/537.36
- Referrer: http://localhost:3000/
- Host: localhost:3000
- IP: unknown
[2025-05-22T22:47:59.440Z] Request: GET /fonts/IBMPlexMono-Bold.woff2
- User-Agent: Mozilla/5.0 (Macintosh; Intel Mac OS X 10_15_7) AppleWebKit/537.36 (KHTML, like Gecko) HeadlessChrome/136.0.0.0 Safari/537.36
- Referrer: http://localhost:3000/
- Host: localhost:3000
- IP: unknown
[2025-05-22T22:47:59.440Z] Request: GET /fonts/JetBrainsMono-Regular.woff2
- User-Agent: Mozilla/5.0 (Macintosh; Intel Mac OS X 10_15_7) AppleWebKit/537.36 (KHTML, like Gecko) HeadlessChrome/136.0.0.0 Safari/537.36
- Referrer: http://localhost:3000/
- Host: localhost:3000
- IP: unknown
[2025-05-22T22:47:59.440Z] Request: GET /fonts/Px437_IBM_VGA_8x16.woff
- User-Agent: Mozilla/5.0 (Macintosh; Intel Mac OS X 10_15_7) AppleWebKit/537.36 (KHTML, like Gecko) HeadlessChrome/136.0.0.0 Safari/537.36
- Referrer: http://localhost:3000/
- Host: localhost:3000
- IP: unknown
[2025-05-22T22:47:59.443Z] Request: GET /fonts/Share_Tech_Mono.woff
- User-Agent: Mozilla/5.0 (Macintosh; Intel Mac OS X 10_15_7) AppleWebKit/537.36 (KHTML, like Gecko) HeadlessChrome/136.0.0.0 Safari/537.36
- Referrer: http://localhost:3000/
- Host: localhost:3000
- IP: unknown
[2025-05-22T22:47:59.449Z] Request: GET /fonts/IBMPlexMono-Regular.woff2
- User-Agent: Mozilla/5.0 (Macintosh; Intel Mac OS X 10_15_7) AppleWebKit/537.36 (KHTML, like Gecko) HeadlessChrome/136.0.0.0 Safari/537.36
- Referrer: http://localhost:3000/
- Host: localhost:3000
- IP: unknown
[2025-05-22T22:47:59.449Z] Request: GET /fonts/IBMPlexMono-Bold.woff2
- User-Agent: Mozilla/5.0 (Macintosh; Intel Mac OS X 10_15_7) AppleWebKit/537.36 (KHTML, like Gecko) HeadlessChrome/136.0.0.0 Safari/537.36
- Referrer: http://localhost:3000/
- Host: localhost:3000
- IP: unknown
[2025-05-22T22:47:59.449Z] Request: GET /fonts/IBMPlexMono-Medium.woff2
- User-Agent: Mozilla/5.0 (Macintosh; Intel Mac OS X 10_15_7) AppleWebKit/537.36 (KHTML, like Gecko) HeadlessChrome/136.0.0.0 Safari/537.36
- Referrer: http://localhost:3000/
- Host: localhost:3000
- IP: unknown
[2025-05-22T22:47:59.449Z] Request: GET /fonts/Px437_IBM_VGA_8x16.woff
- User-Agent: Mozilla/5.0 (Macintosh; Intel Mac OS X 10_15_7) AppleWebKit/537.36 (KHTML, like Gecko) HeadlessChrome/136.0.0.0 Safari/537.36
- Referrer: http://localhost:3000/
- Host: localhost:3000
- IP: unknown
[2025-05-22T22:47:59.449Z] Request: GET /fonts/JetBrainsMono-Regular.woff2
- User-Agent: Mozilla/5.0 (Macintosh; Intel Mac OS X 10_15_7) AppleWebKit/537.36 (KHTML, like Gecko) HeadlessChrome/136.0.0.0 Safari/537.36
- Referrer: http://localhost:3000/
- Host: localhost:3000
- IP: unknown
[2025-05-22T22:47:59.449Z] Request: HEAD /fonts/Share_Tech_Mono.woff
- User-Agent: Mozilla/5.0 (Macintosh; Intel Mac OS X 10_15_7) AppleWebKit/537.36 (KHTML, like Gecko) HeadlessChrome/136.0.0.0 Safari/537.36
- Referrer: http://localhost:3000/
- Host: localhost:3000
- IP: unknown
[2025-05-22T22:47:59.457Z] Request: GET /fonts/Share_Tech_Mono.woff
- User-Agent: Mozilla/5.0 (Macintosh; Intel Mac OS X 10_15_7) AppleWebKit/537.36 (KHTML, like Gecko) HeadlessChrome/136.0.0.0 Safari/537.36
- Referrer: http://localhost:3000/
- Host: localhost:3000
- IP: unknown
[2025-05-22T22:48:36.265Z] Request: GET /
- User-Agent: Mozilla/5.0 (Macintosh; Intel Mac OS X 10_15_7) AppleWebKit/537.36 (KHTML, like Gecko) HeadlessChrome/136.0.0.0 Safari/537.36
- Referrer: null
- Host: localhost:3000
- IP: unknown
Development mode: Skipping authentication check
 GET / 200 in 18ms
[2025-05-22T22:48:36.296Z] Request: GET /fonts/Px437_IBM_VGA_8x16.woff
- User-Agent: Mozilla/5.0 (Macintosh; Intel Mac OS X 10_15_7) AppleWebKit/537.36 (KHTML, like Gecko) HeadlessChrome/136.0.0.0 Safari/537.36
- Referrer: http://localhost:3000/
- Host: localhost:3000
- IP: unknown
[2025-05-22T22:48:36.296Z] Request: GET /fonts/JetBrainsMono-Regular.woff2
- User-Agent: Mozilla/5.0 (Macintosh; Intel Mac OS X 10_15_7) AppleWebKit/537.36 (KHTML, like Gecko) HeadlessChrome/136.0.0.0 Safari/537.36
- Referrer: http://localhost:3000/
- Host: localhost:3000
- IP: unknown
[2025-05-22T22:48:36.296Z] Request: GET /fonts/Share_Tech_Mono.woff
- User-Agent: Mozilla/5.0 (Macintosh; Intel Mac OS X 10_15_7) AppleWebKit/537.36 (KHTML, like Gecko) HeadlessChrome/136.0.0.0 Safari/537.36
- Referrer: http://localhost:3000/
- Host: localhost:3000
- IP: unknown
[2025-05-22T22:48:36.296Z] Request: GET /fix-only-colors.js
- User-Agent: Mozilla/5.0 (Macintosh; Intel Mac OS X 10_15_7) AppleWebKit/537.36 (KHTML, like Gecko) HeadlessChrome/136.0.0.0 Safari/537.36
- Referrer: http://localhost:3000/
- Host: localhost:3000
- IP: unknown
Development mode: Skipping authentication check
 GET /favicon.ico 200 in 5ms
 GET /favicon.ico 200 in 3ms
[2025-05-22T22:48:36.656Z] Request: HEAD /fonts/IBMPlexMono-Medium.woff2
- User-Agent: Mozilla/5.0 (Macintosh; Intel Mac OS X 10_15_7) AppleWebKit/537.36 (KHTML, like Gecko) HeadlessChrome/136.0.0.0 Safari/537.36
- Referrer: http://localhost:3000/
- Host: localhost:3000
- IP: unknown
[2025-05-22T22:48:36.656Z] Request: HEAD /fonts/IBMPlexMono-Regular.woff2
- User-Agent: Mozilla/5.0 (Macintosh; Intel Mac OS X 10_15_7) AppleWebKit/537.36 (KHTML, like Gecko) HeadlessChrome/136.0.0.0 Safari/537.36
- Referrer: http://localhost:3000/
- Host: localhost:3000
- IP: unknown
[2025-05-22T22:48:36.656Z] Request: HEAD /fonts/IBMPlexMono-Bold.woff2
- User-Agent: Mozilla/5.0 (Macintosh; Intel Mac OS X 10_15_7) AppleWebKit/537.36 (KHTML, like Gecko) HeadlessChrome/136.0.0.0 Safari/537.36
- Referrer: http://localhost:3000/
- Host: localhost:3000
- IP: unknown
[2025-05-22T22:48:36.656Z] Request: HEAD /fonts/JetBrainsMono-Regular.woff2
- User-Agent: Mozilla/5.0 (Macintosh; Intel Mac OS X 10_15_7) AppleWebKit/537.36 (KHTML, like Gecko) HeadlessChrome/136.0.0.0 Safari/537.36
- Referrer: http://localhost:3000/
- Host: localhost:3000
- IP: unknown
[2025-05-22T22:48:36.656Z] Request: HEAD /fonts/Px437_IBM_VGA_8x16.woff
- User-Agent: Mozilla/5.0 (Macintosh; Intel Mac OS X 10_15_7) AppleWebKit/537.36 (KHTML, like Gecko) HeadlessChrome/136.0.0.0 Safari/537.36
- Referrer: http://localhost:3000/
- Host: localhost:3000
- IP: unknown
[2025-05-22T22:48:36.656Z] Request: HEAD /fonts/Share_Tech_Mono.woff
- User-Agent: Mozilla/5.0 (Macintosh; Intel Mac OS X 10_15_7) AppleWebKit/537.36 (KHTML, like Gecko) HeadlessChrome/136.0.0.0 Safari/537.36
- Referrer: http://localhost:3000/
- Host: localhost:3000
- IP: unknown
[2025-05-22T22:48:36.665Z] Request: GET /fonts/IBMPlexMono-Bold.woff2
- User-Agent: Mozilla/5.0 (Macintosh; Intel Mac OS X 10_15_7) AppleWebKit/537.36 (KHTML, like Gecko) HeadlessChrome/136.0.0.0 Safari/537.36
- Referrer: http://localhost:3000/
- Host: localhost:3000
- IP: unknown
[2025-05-22T22:48:36.665Z] Request: HEAD /fonts/IBMPlexMono-Regular.woff2
- User-Agent: Mozilla/5.0 (Macintosh; Intel Mac OS X 10_15_7) AppleWebKit/537.36 (KHTML, like Gecko) HeadlessChrome/136.0.0.0 Safari/537.36
- Referrer: http://localhost:3000/
- Host: localhost:3000
- IP: unknown
[2025-05-22T22:48:36.665Z] Request: HEAD /fonts/IBMPlexMono-Medium.woff2
- User-Agent: Mozilla/5.0 (Macintosh; Intel Mac OS X 10_15_7) AppleWebKit/537.36 (KHTML, like Gecko) HeadlessChrome/136.0.0.0 Safari/537.36
- Referrer: http://localhost:3000/
- Host: localhost:3000
- IP: unknown
[2025-05-22T22:48:36.665Z] Request: HEAD /fonts/IBMPlexMono-Bold.woff2
- User-Agent: Mozilla/5.0 (Macintosh; Intel Mac OS X 10_15_7) AppleWebKit/537.36 (KHTML, like Gecko) HeadlessChrome/136.0.0.0 Safari/537.36
- Referrer: http://localhost:3000/
- Host: localhost:3000
- IP: unknown
[2025-05-22T22:48:36.665Z] Request: HEAD /fonts/JetBrainsMono-Regular.woff2
- User-Agent: Mozilla/5.0 (Macintosh; Intel Mac OS X 10_15_7) AppleWebKit/537.36 (KHTML, like Gecko) HeadlessChrome/136.0.0.0 Safari/537.36
- Referrer: http://localhost:3000/
- Host: localhost:3000
- IP: unknown
[2025-05-22T22:48:36.665Z] Request: HEAD /fonts/Px437_IBM_VGA_8x16.woff
- User-Agent: Mozilla/5.0 (Macintosh; Intel Mac OS X 10_15_7) AppleWebKit/537.36 (KHTML, like Gecko) HeadlessChrome/136.0.0.0 Safari/537.36
- Referrer: http://localhost:3000/
- Host: localhost:3000
- IP: unknown
[2025-05-22T22:48:36.671Z] Request: GET /fonts/IBMPlexMono-Medium.woff2
- User-Agent: Mozilla/5.0 (Macintosh; Intel Mac OS X 10_15_7) AppleWebKit/537.36 (KHTML, like Gecko) HeadlessChrome/136.0.0.0 Safari/537.36
- Referrer: http://localhost:3000/
- Host: localhost:3000
- IP: unknown
[2025-05-22T22:48:36.672Z] Request: GET /fonts/IBMPlexMono-Bold.woff2
- User-Agent: Mozilla/5.0 (Macintosh; Intel Mac OS X 10_15_7) AppleWebKit/537.36 (KHTML, like Gecko) HeadlessChrome/136.0.0.0 Safari/537.36
- Referrer: http://localhost:3000/
- Host: localhost:3000
- IP: unknown
[2025-05-22T22:48:36.672Z] Request: GET /fonts/IBMPlexMono-Regular.woff2
- User-Agent: Mozilla/5.0 (Macintosh; Intel Mac OS X 10_15_7) AppleWebKit/537.36 (KHTML, like Gecko) HeadlessChrome/136.0.0.0 Safari/537.36
- Referrer: http://localhost:3000/
- Host: localhost:3000
- IP: unknown
[2025-05-22T22:48:36.672Z] Request: GET /fonts/JetBrainsMono-Regular.woff2
- User-Agent: Mozilla/5.0 (Macintosh; Intel Mac OS X 10_15_7) AppleWebKit/537.36 (KHTML, like Gecko) HeadlessChrome/136.0.0.0 Safari/537.36
- Referrer: http://localhost:3000/
- Host: localhost:3000
- IP: unknown
[2025-05-22T22:48:36.672Z] Request: GET /fonts/Px437_IBM_VGA_8x16.woff
- User-Agent: Mozilla/5.0 (Macintosh; Intel Mac OS X 10_15_7) AppleWebKit/537.36 (KHTML, like Gecko) HeadlessChrome/136.0.0.0 Safari/537.36
- Referrer: http://localhost:3000/
- Host: localhost:3000
- IP: unknown
[2025-05-22T22:48:36.678Z] Request: GET /fonts/Share_Tech_Mono.woff
- User-Agent: Mozilla/5.0 (Macintosh; Intel Mac OS X 10_15_7) AppleWebKit/537.36 (KHTML, like Gecko) HeadlessChrome/136.0.0.0 Safari/537.36
- Referrer: http://localhost:3000/
- Host: localhost:3000
- IP: unknown
[2025-05-22T22:48:36.681Z] Request: GET /fonts/IBMPlexMono-Regular.woff2
- User-Agent: Mozilla/5.0 (Macintosh; Intel Mac OS X 10_15_7) AppleWebKit/537.36 (KHTML, like Gecko) HeadlessChrome/136.0.0.0 Safari/537.36
- Referrer: http://localhost:3000/
- Host: localhost:3000
- IP: unknown
[2025-05-22T22:48:36.681Z] Request: GET /fonts/IBMPlexMono-Medium.woff2
- User-Agent: Mozilla/5.0 (Macintosh; Intel Mac OS X 10_15_7) AppleWebKit/537.36 (KHTML, like Gecko) HeadlessChrome/136.0.0.0 Safari/537.36
- Referrer: http://localhost:3000/
- Host: localhost:3000
- IP: unknown
[2025-05-22T22:48:36.681Z] Request: GET /fonts/IBMPlexMono-Bold.woff2
- User-Agent: Mozilla/5.0 (Macintosh; Intel Mac OS X 10_15_7) AppleWebKit/537.36 (KHTML, like Gecko) HeadlessChrome/136.0.0.0 Safari/537.36
- Referrer: http://localhost:3000/
- Host: localhost:3000
- IP: unknown
[2025-05-22T22:48:36.683Z] Request: GET /fonts/JetBrainsMono-Regular.woff2
- User-Agent: Mozilla/5.0 (Macintosh; Intel Mac OS X 10_15_7) AppleWebKit/537.36 (KHTML, like Gecko) HeadlessChrome/136.0.0.0 Safari/537.36
- Referrer: http://localhost:3000/
- Host: localhost:3000
- IP: unknown
[2025-05-22T22:48:36.683Z] Request: GET /fonts/Px437_IBM_VGA_8x16.woff
- User-Agent: Mozilla/5.0 (Macintosh; Intel Mac OS X 10_15_7) AppleWebKit/537.36 (KHTML, like Gecko) HeadlessChrome/136.0.0.0 Safari/537.36
- Referrer: http://localhost:3000/
- Host: localhost:3000
- IP: unknown
[2025-05-22T22:48:36.686Z] Request: HEAD /fonts/Share_Tech_Mono.woff
- User-Agent: Mozilla/5.0 (Macintosh; Intel Mac OS X 10_15_7) AppleWebKit/537.36 (KHTML, like Gecko) HeadlessChrome/136.0.0.0 Safari/537.36
- Referrer: http://localhost:3000/
- Host: localhost:3000
- IP: unknown
[2025-05-22T22:48:36.691Z] Request: GET /fonts/Share_Tech_Mono.woff
- User-Agent: Mozilla/5.0 (Macintosh; Intel Mac OS X 10_15_7) AppleWebKit/537.36 (KHTML, like Gecko) HeadlessChrome/136.0.0.0 Safari/537.36
- Referrer: http://localhost:3000/
- Host: localhost:3000
- IP: unknown
[2025-05-22T22:49:16.147Z] Request: GET /
- User-Agent: Mozilla/5.0 (Macintosh; Intel Mac OS X 10_15_7) AppleWebKit/537.36 (KHTML, like Gecko) HeadlessChrome/136.0.0.0 Safari/537.36
- Referrer: null
- Host: localhost:3000
- IP: unknown
Development mode: Skipping authentication check
 GET / 200 in 25ms
[2025-05-22T22:49:16.185Z] Request: GET /fonts/JetBrainsMono-Regular.woff2
- User-Agent: Mozilla/5.0 (Macintosh; Intel Mac OS X 10_15_7) AppleWebKit/537.36 (KHTML, like Gecko) HeadlessChrome/136.0.0.0 Safari/537.36
- Referrer: http://localhost:3000/
- Host: localhost:3000
- IP: unknown
[2025-05-22T22:49:16.185Z] Request: GET /fonts/Px437_IBM_VGA_8x16.woff
- User-Agent: Mozilla/5.0 (Macintosh; Intel Mac OS X 10_15_7) AppleWebKit/537.36 (KHTML, like Gecko) HeadlessChrome/136.0.0.0 Safari/537.36
- Referrer: http://localhost:3000/
- Host: localhost:3000
- IP: unknown
[2025-05-22T22:49:16.185Z] Request: GET /fonts/Share_Tech_Mono.woff
- User-Agent: Mozilla/5.0 (Macintosh; Intel Mac OS X 10_15_7) AppleWebKit/537.36 (KHTML, like Gecko) HeadlessChrome/136.0.0.0 Safari/537.36
- Referrer: http://localhost:3000/
- Host: localhost:3000
- IP: unknown
[2025-05-22T22:49:16.185Z] Request: GET /fix-only-colors.js
- User-Agent: Mozilla/5.0 (Macintosh; Intel Mac OS X 10_15_7) AppleWebKit/537.36 (KHTML, like Gecko) HeadlessChrome/136.0.0.0 Safari/537.36
- Referrer: http://localhost:3000/
- Host: localhost:3000
- IP: unknown
Development mode: Skipping authentication check
 GET /favicon.ico 200 in 5ms
 GET /favicon.ico 200 in 3ms
[2025-05-22T22:49:16.519Z] Request: HEAD /fonts/IBMPlexMono-Regular.woff2
- User-Agent: Mozilla/5.0 (Macintosh; Intel Mac OS X 10_15_7) AppleWebKit/537.36 (KHTML, like Gecko) HeadlessChrome/136.0.0.0 Safari/537.36
- Referrer: http://localhost:3000/
- Host: localhost:3000
- IP: unknown
[2025-05-22T22:49:16.519Z] Request: HEAD /fonts/IBMPlexMono-Medium.woff2
- User-Agent: Mozilla/5.0 (Macintosh; Intel Mac OS X 10_15_7) AppleWebKit/537.36 (KHTML, like Gecko) HeadlessChrome/136.0.0.0 Safari/537.36
- Referrer: http://localhost:3000/
- Host: localhost:3000
- IP: unknown
[2025-05-22T22:49:16.519Z] Request: HEAD /fonts/IBMPlexMono-Bold.woff2
- User-Agent: Mozilla/5.0 (Macintosh; Intel Mac OS X 10_15_7) AppleWebKit/537.36 (KHTML, like Gecko) HeadlessChrome/136.0.0.0 Safari/537.36
- Referrer: http://localhost:3000/
- Host: localhost:3000
- IP: unknown
[2025-05-22T22:49:16.520Z] Request: HEAD /fonts/JetBrainsMono-Regular.woff2
- User-Agent: Mozilla/5.0 (Macintosh; Intel Mac OS X 10_15_7) AppleWebKit/537.36 (KHTML, like Gecko) HeadlessChrome/136.0.0.0 Safari/537.36
- Referrer: http://localhost:3000/
- Host: localhost:3000
- IP: unknown
[2025-05-22T22:49:16.520Z] Request: HEAD /fonts/Px437_IBM_VGA_8x16.woff
- User-Agent: Mozilla/5.0 (Macintosh; Intel Mac OS X 10_15_7) AppleWebKit/537.36 (KHTML, like Gecko) HeadlessChrome/136.0.0.0 Safari/537.36
- Referrer: http://localhost:3000/
- Host: localhost:3000
- IP: unknown
[2025-05-22T22:49:16.520Z] Request: HEAD /fonts/Share_Tech_Mono.woff
- User-Agent: Mozilla/5.0 (Macintosh; Intel Mac OS X 10_15_7) AppleWebKit/537.36 (KHTML, like Gecko) HeadlessChrome/136.0.0.0 Safari/537.36
- Referrer: http://localhost:3000/
- Host: localhost:3000
- IP: unknown
[2025-05-22T22:49:16.528Z] Request: HEAD /fonts/IBMPlexMono-Regular.woff2
- User-Agent: Mozilla/5.0 (Macintosh; Intel Mac OS X 10_15_7) AppleWebKit/537.36 (KHTML, like Gecko) HeadlessChrome/136.0.0.0 Safari/537.36
- Referrer: http://localhost:3000/
- Host: localhost:3000
- IP: unknown
[2025-05-22T22:49:16.528Z] Request: HEAD /fonts/IBMPlexMono-Medium.woff2
- User-Agent: Mozilla/5.0 (Macintosh; Intel Mac OS X 10_15_7) AppleWebKit/537.36 (KHTML, like Gecko) HeadlessChrome/136.0.0.0 Safari/537.36
- Referrer: http://localhost:3000/
- Host: localhost:3000
- IP: unknown
[2025-05-22T22:49:16.528Z] Request: HEAD /fonts/JetBrainsMono-Regular.woff2
- User-Agent: Mozilla/5.0 (Macintosh; Intel Mac OS X 10_15_7) AppleWebKit/537.36 (KHTML, like Gecko) HeadlessChrome/136.0.0.0 Safari/537.36
- Referrer: http://localhost:3000/
- Host: localhost:3000
- IP: unknown
[2025-05-22T22:49:16.528Z] Request: HEAD /fonts/IBMPlexMono-Bold.woff2
- User-Agent: Mozilla/5.0 (Macintosh; Intel Mac OS X 10_15_7) AppleWebKit/537.36 (KHTML, like Gecko) HeadlessChrome/136.0.0.0 Safari/537.36
- Referrer: http://localhost:3000/
- Host: localhost:3000
- IP: unknown
[2025-05-22T22:49:16.528Z] Request: HEAD /fonts/Px437_IBM_VGA_8x16.woff
- User-Agent: Mozilla/5.0 (Macintosh; Intel Mac OS X 10_15_7) AppleWebKit/537.36 (KHTML, like Gecko) HeadlessChrome/136.0.0.0 Safari/537.36
- Referrer: http://localhost:3000/
- Host: localhost:3000
- IP: unknown
[2025-05-22T22:49:16.528Z] Request: HEAD /fonts/Share_Tech_Mono.woff
- User-Agent: Mozilla/5.0 (Macintosh; Intel Mac OS X 10_15_7) AppleWebKit/537.36 (KHTML, like Gecko) HeadlessChrome/136.0.0.0 Safari/537.36
- Referrer: http://localhost:3000/
- Host: localhost:3000
- IP: unknown
[2025-05-22T22:49:16.536Z] Request: GET /fonts/IBMPlexMono-Bold.woff2
- User-Agent: Mozilla/5.0 (Macintosh; Intel Mac OS X 10_15_7) AppleWebKit/537.36 (KHTML, like Gecko) HeadlessChrome/136.0.0.0 Safari/537.36
- Referrer: http://localhost:3000/
- Host: localhost:3000
- IP: unknown
[2025-05-22T22:49:16.536Z] Request: GET /fonts/IBMPlexMono-Regular.woff2
- User-Agent: Mozilla/5.0 (Macintosh; Intel Mac OS X 10_15_7) AppleWebKit/537.36 (KHTML, like Gecko) HeadlessChrome/136.0.0.0 Safari/537.36
- Referrer: http://localhost:3000/
- Host: localhost:3000
- IP: unknown
[2025-05-22T22:49:16.536Z] Request: GET /fonts/IBMPlexMono-Medium.woff2
- User-Agent: Mozilla/5.0 (Macintosh; Intel Mac OS X 10_15_7) AppleWebKit/537.36 (KHTML, like Gecko) HeadlessChrome/136.0.0.0 Safari/537.36
- Referrer: http://localhost:3000/
- Host: localhost:3000
- IP: unknown
[2025-05-22T22:49:16.536Z] Request: GET /fonts/IBMPlexMono-Bold.woff2
- User-Agent: Mozilla/5.0 (Macintosh; Intel Mac OS X 10_15_7) AppleWebKit/537.36 (KHTML, like Gecko) HeadlessChrome/136.0.0.0 Safari/537.36
- Referrer: http://localhost:3000/
- Host: localhost:3000
- IP: unknown
[2025-05-22T22:49:16.537Z] Request: GET /fonts/Px437_IBM_VGA_8x16.woff
- User-Agent: Mozilla/5.0 (Macintosh; Intel Mac OS X 10_15_7) AppleWebKit/537.36 (KHTML, like Gecko) HeadlessChrome/136.0.0.0 Safari/537.36
- Referrer: http://localhost:3000/
- Host: localhost:3000
- IP: unknown
[2025-05-22T22:49:16.537Z] Request: GET /fonts/JetBrainsMono-Regular.woff2
- User-Agent: Mozilla/5.0 (Macintosh; Intel Mac OS X 10_15_7) AppleWebKit/537.36 (KHTML, like Gecko) HeadlessChrome/136.0.0.0 Safari/537.36
- Referrer: http://localhost:3000/
- Host: localhost:3000
- IP: unknown
[2025-05-22T22:49:16.545Z] Request: GET /fonts/Share_Tech_Mono.woff
- User-Agent: Mozilla/5.0 (Macintosh; Intel Mac OS X 10_15_7) AppleWebKit/537.36 (KHTML, like Gecko) HeadlessChrome/136.0.0.0 Safari/537.36
- Referrer: http://localhost:3000/
- Host: localhost:3000
- IP: unknown
[2025-05-22T22:49:16.545Z] Request: GET /fonts/IBMPlexMono-Regular.woff2
- User-Agent: Mozilla/5.0 (Macintosh; Intel Mac OS X 10_15_7) AppleWebKit/537.36 (KHTML, like Gecko) HeadlessChrome/136.0.0.0 Safari/537.36
- Referrer: http://localhost:3000/
- Host: localhost:3000
- IP: unknown
[2025-05-22T22:49:16.545Z] Request: GET /fonts/JetBrainsMono-Regular.woff2
- User-Agent: Mozilla/5.0 (Macintosh; Intel Mac OS X 10_15_7) AppleWebKit/537.36 (KHTML, like Gecko) HeadlessChrome/136.0.0.0 Safari/537.36
- Referrer: http://localhost:3000/
- Host: localhost:3000
- IP: unknown
[2025-05-22T22:49:16.545Z] Request: GET /fonts/IBMPlexMono-Medium.woff2
- User-Agent: Mozilla/5.0 (Macintosh; Intel Mac OS X 10_15_7) AppleWebKit/537.36 (KHTML, like Gecko) HeadlessChrome/136.0.0.0 Safari/537.36
- Referrer: http://localhost:3000/
- Host: localhost:3000
- IP: unknown
[2025-05-22T22:49:16.545Z] Request: GET /fonts/IBMPlexMono-Bold.woff2
- User-Agent: Mozilla/5.0 (Macintosh; Intel Mac OS X 10_15_7) AppleWebKit/537.36 (KHTML, like Gecko) HeadlessChrome/136.0.0.0 Safari/537.36
- Referrer: http://localhost:3000/
- Host: localhost:3000
- IP: unknown
[2025-05-22T22:49:16.546Z] Request: GET /fonts/Px437_IBM_VGA_8x16.woff
- User-Agent: Mozilla/5.0 (Macintosh; Intel Mac OS X 10_15_7) AppleWebKit/537.36 (KHTML, like Gecko) HeadlessChrome/136.0.0.0 Safari/537.36
- Referrer: http://localhost:3000/
- Host: localhost:3000
- IP: unknown
[2025-05-22T22:49:16.552Z] Request: GET /fonts/Share_Tech_Mono.woff
- User-Agent: Mozilla/5.0 (Macintosh; Intel Mac OS X 10_15_7) AppleWebKit/537.36 (KHTML, like Gecko) HeadlessChrome/136.0.0.0 Safari/537.36
- Referrer: http://localhost:3000/
- Host: localhost:3000
- IP: unknown
[2025-05-22T22:49:29.172Z] Request: GET /
- User-Agent: Mozilla/5.0 (Macintosh; Intel Mac OS X 10_15_7) AppleWebKit/537.36 (KHTML, like Gecko) HeadlessChrome/136.0.0.0 Safari/537.36
- Referrer: null
- Host: localhost:3000
- IP: unknown
Development mode: Skipping authentication check
 GET / 200 in 24ms
[2025-05-22T22:49:29.208Z] Request: GET /fonts/JetBrainsMono-Regular.woff2
- User-Agent: Mozilla/5.0 (Macintosh; Intel Mac OS X 10_15_7) AppleWebKit/537.36 (KHTML, like Gecko) HeadlessChrome/136.0.0.0 Safari/537.36
- Referrer: http://localhost:3000/
- Host: localhost:3000
- IP: unknown
[2025-05-22T22:49:29.208Z] Request: GET /fonts/Px437_IBM_VGA_8x16.woff
- User-Agent: Mozilla/5.0 (Macintosh; Intel Mac OS X 10_15_7) AppleWebKit/537.36 (KHTML, like Gecko) HeadlessChrome/136.0.0.0 Safari/537.36
- Referrer: http://localhost:3000/
- Host: localhost:3000
- IP: unknown
[2025-05-22T22:49:29.208Z] Request: GET /fix-only-colors.js
- User-Agent: Mozilla/5.0 (Macintosh; Intel Mac OS X 10_15_7) AppleWebKit/537.36 (KHTML, like Gecko) HeadlessChrome/136.0.0.0 Safari/537.36
- Referrer: http://localhost:3000/
- Host: localhost:3000
- IP: unknown
Development mode: Skipping authentication check
[2025-05-22T22:49:29.208Z] Request: GET /fonts/Share_Tech_Mono.woff
- User-Agent: Mozilla/5.0 (Macintosh; Intel Mac OS X 10_15_7) AppleWebKit/537.36 (KHTML, like Gecko) HeadlessChrome/136.0.0.0 Safari/537.36
- Referrer: http://localhost:3000/
- Host: localhost:3000
- IP: unknown
 GET /favicon.ico 200 in 3ms
 GET /favicon.ico 200 in 4ms
[2025-05-22T22:49:29.494Z] Request: HEAD /fonts/IBMPlexMono-Regular.woff2
- User-Agent: Mozilla/5.0 (Macintosh; Intel Mac OS X 10_15_7) AppleWebKit/537.36 (KHTML, like Gecko) HeadlessChrome/136.0.0.0 Safari/537.36
- Referrer: http://localhost:3000/
- Host: localhost:3000
- IP: unknown
[2025-05-22T22:49:29.495Z] Request: HEAD /fonts/IBMPlexMono-Medium.woff2
- User-Agent: Mozilla/5.0 (Macintosh; Intel Mac OS X 10_15_7) AppleWebKit/537.36 (KHTML, like Gecko) HeadlessChrome/136.0.0.0 Safari/537.36
- Referrer: http://localhost:3000/
- Host: localhost:3000
- IP: unknown
[2025-05-22T22:49:29.495Z] Request: HEAD /fonts/JetBrainsMono-Regular.woff2
- User-Agent: Mozilla/5.0 (Macintosh; Intel Mac OS X 10_15_7) AppleWebKit/537.36 (KHTML, like Gecko) HeadlessChrome/136.0.0.0 Safari/537.36
- Referrer: http://localhost:3000/
- Host: localhost:3000
- IP: unknown
[2025-05-22T22:49:29.495Z] Request: HEAD /fonts/IBMPlexMono-Bold.woff2
- User-Agent: Mozilla/5.0 (Macintosh; Intel Mac OS X 10_15_7) AppleWebKit/537.36 (KHTML, like Gecko) HeadlessChrome/136.0.0.0 Safari/537.36
- Referrer: http://localhost:3000/
- Host: localhost:3000
- IP: unknown
[2025-05-22T22:49:29.495Z] Request: HEAD /fonts/Share_Tech_Mono.woff
- User-Agent: Mozilla/5.0 (Macintosh; Intel Mac OS X 10_15_7) AppleWebKit/537.36 (KHTML, like Gecko) HeadlessChrome/136.0.0.0 Safari/537.36
- Referrer: http://localhost:3000/
- Host: localhost:3000
- IP: unknown
[2025-05-22T22:49:29.495Z] Request: HEAD /fonts/Px437_IBM_VGA_8x16.woff
- User-Agent: Mozilla/5.0 (Macintosh; Intel Mac OS X 10_15_7) AppleWebKit/537.36 (KHTML, like Gecko) HeadlessChrome/136.0.0.0 Safari/537.36
- Referrer: http://localhost:3000/
- Host: localhost:3000
- IP: unknown
[2025-05-22T22:49:29.503Z] Request: HEAD /fonts/IBMPlexMono-Regular.woff2
- User-Agent: Mozilla/5.0 (Macintosh; Intel Mac OS X 10_15_7) AppleWebKit/537.36 (KHTML, like Gecko) HeadlessChrome/136.0.0.0 Safari/537.36
- Referrer: http://localhost:3000/
- Host: localhost:3000
- IP: unknown
[2025-05-22T22:49:29.503Z] Request: HEAD /fonts/IBMPlexMono-Bold.woff2
- User-Agent: Mozilla/5.0 (Macintosh; Intel Mac OS X 10_15_7) AppleWebKit/537.36 (KHTML, like Gecko) HeadlessChrome/136.0.0.0 Safari/537.36
- Referrer: http://localhost:3000/
- Host: localhost:3000
- IP: unknown
[2025-05-22T22:49:29.503Z] Request: HEAD /fonts/IBMPlexMono-Medium.woff2
- User-Agent: Mozilla/5.0 (Macintosh; Intel Mac OS X 10_15_7) AppleWebKit/537.36 (KHTML, like Gecko) HeadlessChrome/136.0.0.0 Safari/537.36
- Referrer: http://localhost:3000/
- Host: localhost:3000
- IP: unknown
[2025-05-22T22:49:29.504Z] Request: HEAD /fonts/JetBrainsMono-Regular.woff2
- User-Agent: Mozilla/5.0 (Macintosh; Intel Mac OS X 10_15_7) AppleWebKit/537.36 (KHTML, like Gecko) HeadlessChrome/136.0.0.0 Safari/537.36
- Referrer: http://localhost:3000/
- Host: localhost:3000
- IP: unknown
[2025-05-22T22:49:29.504Z] Request: HEAD /fonts/Share_Tech_Mono.woff
- User-Agent: Mozilla/5.0 (Macintosh; Intel Mac OS X 10_15_7) AppleWebKit/537.36 (KHTML, like Gecko) HeadlessChrome/136.0.0.0 Safari/537.36
- Referrer: http://localhost:3000/
- Host: localhost:3000
- IP: unknown
[2025-05-22T22:49:29.504Z] Request: HEAD /fonts/Px437_IBM_VGA_8x16.woff
- User-Agent: Mozilla/5.0 (Macintosh; Intel Mac OS X 10_15_7) AppleWebKit/537.36 (KHTML, like Gecko) HeadlessChrome/136.0.0.0 Safari/537.36
- Referrer: http://localhost:3000/
- Host: localhost:3000
- IP: unknown
[2025-05-22T22:49:29.513Z] Request: GET /fonts/IBMPlexMono-Bold.woff2
- User-Agent: Mozilla/5.0 (Macintosh; Intel Mac OS X 10_15_7) AppleWebKit/537.36 (KHTML, like Gecko) HeadlessChrome/136.0.0.0 Safari/537.36
- Referrer: http://localhost:3000/
- Host: localhost:3000
- IP: unknown
[2025-05-22T22:49:29.513Z] Request: GET /fonts/IBMPlexMono-Regular.woff2
- User-Agent: Mozilla/5.0 (Macintosh; Intel Mac OS X 10_15_7) AppleWebKit/537.36 (KHTML, like Gecko) HeadlessChrome/136.0.0.0 Safari/537.36
- Referrer: http://localhost:3000/
- Host: localhost:3000
- IP: unknown
[2025-05-22T22:49:29.514Z] Request: GET /fonts/IBMPlexMono-Medium.woff2
- User-Agent: Mozilla/5.0 (Macintosh; Intel Mac OS X 10_15_7) AppleWebKit/537.36 (KHTML, like Gecko) HeadlessChrome/136.0.0.0 Safari/537.36
- Referrer: http://localhost:3000/
- Host: localhost:3000
- IP: unknown
[2025-05-22T22:49:29.514Z] Request: GET /fonts/JetBrainsMono-Regular.woff2
- User-Agent: Mozilla/5.0 (Macintosh; Intel Mac OS X 10_15_7) AppleWebKit/537.36 (KHTML, like Gecko) HeadlessChrome/136.0.0.0 Safari/537.36
- Referrer: http://localhost:3000/
- Host: localhost:3000
- IP: unknown
[2025-05-22T22:49:29.514Z] Request: GET /fonts/IBMPlexMono-Bold.woff2
- User-Agent: Mozilla/5.0 (Macintosh; Intel Mac OS X 10_15_7) AppleWebKit/537.36 (KHTML, like Gecko) HeadlessChrome/136.0.0.0 Safari/537.36
- Referrer: http://localhost:3000/
- Host: localhost:3000
- IP: unknown
[2025-05-22T22:49:29.514Z] Request: GET /fonts/Share_Tech_Mono.woff
- User-Agent: Mozilla/5.0 (Macintosh; Intel Mac OS X 10_15_7) AppleWebKit/537.36 (KHTML, like Gecko) HeadlessChrome/136.0.0.0 Safari/537.36
- Referrer: http://localhost:3000/
- Host: localhost:3000
- IP: unknown
[2025-05-22T22:49:29.524Z] Request: GET /fonts/Px437_IBM_VGA_8x16.woff
- User-Agent: Mozilla/5.0 (Macintosh; Intel Mac OS X 10_15_7) AppleWebKit/537.36 (KHTML, like Gecko) HeadlessChrome/136.0.0.0 Safari/537.36
- Referrer: http://localhost:3000/
- Host: localhost:3000
- IP: unknown
[2025-05-22T22:49:29.525Z] Request: GET /fonts/IBMPlexMono-Bold.woff2
- User-Agent: Mozilla/5.0 (Macintosh; Intel Mac OS X 10_15_7) AppleWebKit/537.36 (KHTML, like Gecko) HeadlessChrome/136.0.0.0 Safari/537.36
- Referrer: http://localhost:3000/
- Host: localhost:3000
- IP: unknown
[2025-05-22T22:49:29.525Z] Request: GET /fonts/IBMPlexMono-Regular.woff2
- User-Agent: Mozilla/5.0 (Macintosh; Intel Mac OS X 10_15_7) AppleWebKit/537.36 (KHTML, like Gecko) HeadlessChrome/136.0.0.0 Safari/537.36
- Referrer: http://localhost:3000/
- Host: localhost:3000
- IP: unknown
[2025-05-22T22:49:29.525Z] Request: GET /fonts/IBMPlexMono-Medium.woff2
- User-Agent: Mozilla/5.0 (Macintosh; Intel Mac OS X 10_15_7) AppleWebKit/537.36 (KHTML, like Gecko) HeadlessChrome/136.0.0.0 Safari/537.36
- Referrer: http://localhost:3000/
- Host: localhost:3000
- IP: unknown
[2025-05-22T22:49:29.525Z] Request: GET /fonts/JetBrainsMono-Regular.woff2
- User-Agent: Mozilla/5.0 (Macintosh; Intel Mac OS X 10_15_7) AppleWebKit/537.36 (KHTML, like Gecko) HeadlessChrome/136.0.0.0 Safari/537.36
- Referrer: http://localhost:3000/
- Host: localhost:3000
- IP: unknown
[2025-05-22T22:49:29.525Z] Request: GET /fonts/Share_Tech_Mono.woff
- User-Agent: Mozilla/5.0 (Macintosh; Intel Mac OS X 10_15_7) AppleWebKit/537.36 (KHTML, like Gecko) HeadlessChrome/136.0.0.0 Safari/537.36
- Referrer: http://localhost:3000/
- Host: localhost:3000
- IP: unknown
[2025-05-22T22:49:29.533Z] Request: GET /fonts/Px437_IBM_VGA_8x16.woff
- User-Agent: Mozilla/5.0 (Macintosh; Intel Mac OS X 10_15_7) AppleWebKit/537.36 (KHTML, like Gecko) HeadlessChrome/136.0.0.0 Safari/537.36
- Referrer: http://localhost:3000/
- Host: localhost:3000
- IP: unknown
[2025-05-22T22:50:24.506Z] Request: GET /
- User-Agent: Mozilla/5.0 (Macintosh; Intel Mac OS X 10_15_7) AppleWebKit/537.36 (KHTML, like Gecko) Chrome/135.0.0.0 Safari/537.36
- Referrer: http://localhost:3000/
- Host: localhost:3000
- IP: unknown
Development mode: Skipping authentication check
 GET / 200 in 27ms
[2025-05-22T22:50:24.544Z] Request: GET /fix-only-colors.js
- User-Agent: Mozilla/5.0 (Macintosh; Intel Mac OS X 10_15_7) AppleWebKit/537.36 (KHTML, like Gecko) Chrome/135.0.0.0 Safari/537.36
- Referrer: http://localhost:3000/
- Host: localhost:3000
- IP: unknown
Development mode: Skipping authentication check
[2025-05-22T22:50:24.793Z] Request: HEAD /fonts/IBMPlexMono-Regular.woff2
- User-Agent: Mozilla/5.0 (Macintosh; Intel Mac OS X 10_15_7) AppleWebKit/537.36 (KHTML, like Gecko) Chrome/135.0.0.0 Safari/537.36
- Referrer: http://localhost:3000/
- Host: localhost:3000
- IP: unknown
[2025-05-22T22:50:24.793Z] Request: HEAD /fonts/IBMPlexMono-Medium.woff2
- User-Agent: Mozilla/5.0 (Macintosh; Intel Mac OS X 10_15_7) AppleWebKit/537.36 (KHTML, like Gecko) Chrome/135.0.0.0 Safari/537.36
- Referrer: http://localhost:3000/
- Host: localhost:3000
- IP: unknown
[2025-05-22T22:50:24.793Z] Request: HEAD /fonts/IBMPlexMono-Bold.woff2
- User-Agent: Mozilla/5.0 (Macintosh; Intel Mac OS X 10_15_7) AppleWebKit/537.36 (KHTML, like Gecko) Chrome/135.0.0.0 Safari/537.36
- Referrer: http://localhost:3000/
- Host: localhost:3000
- IP: unknown
[2025-05-22T22:50:24.793Z] Request: HEAD /fonts/JetBrainsMono-Regular.woff2
- User-Agent: Mozilla/5.0 (Macintosh; Intel Mac OS X 10_15_7) AppleWebKit/537.36 (KHTML, like Gecko) Chrome/135.0.0.0 Safari/537.36
- Referrer: http://localhost:3000/
- Host: localhost:3000
- IP: unknown
[2025-05-22T22:50:24.794Z] Request: HEAD /fonts/Share_Tech_Mono.woff
- User-Agent: Mozilla/5.0 (Macintosh; Intel Mac OS X 10_15_7) AppleWebKit/537.36 (KHTML, like Gecko) Chrome/135.0.0.0 Safari/537.36
- Referrer: http://localhost:3000/
- Host: localhost:3000
- IP: unknown
[2025-05-22T22:50:24.794Z] Request: HEAD /fonts/IBMPlexMono-Regular.woff2
- User-Agent: Mozilla/5.0 (Macintosh; Intel Mac OS X 10_15_7) AppleWebKit/537.36 (KHTML, like Gecko) Chrome/135.0.0.0 Safari/537.36
- Referrer: http://localhost:3000/
- Host: localhost:3000
- IP: unknown
[2025-05-22T22:50:24.800Z] Request: HEAD /fonts/IBMPlexMono-Medium.woff2
- User-Agent: Mozilla/5.0 (Macintosh; Intel Mac OS X 10_15_7) AppleWebKit/537.36 (KHTML, like Gecko) Chrome/135.0.0.0 Safari/537.36
- Referrer: http://localhost:3000/
- Host: localhost:3000
- IP: unknown
[2025-05-22T22:50:24.800Z] Request: HEAD /fonts/IBMPlexMono-Bold.woff2
- User-Agent: Mozilla/5.0 (Macintosh; Intel Mac OS X 10_15_7) AppleWebKit/537.36 (KHTML, like Gecko) Chrome/135.0.0.0 Safari/537.36
- Referrer: http://localhost:3000/
- Host: localhost:3000
- IP: unknown
[2025-05-22T22:50:24.800Z] Request: HEAD /fonts/Share_Tech_Mono.woff
- User-Agent: Mozilla/5.0 (Macintosh; Intel Mac OS X 10_15_7) AppleWebKit/537.36 (KHTML, like Gecko) Chrome/135.0.0.0 Safari/537.36
- Referrer: http://localhost:3000/
- Host: localhost:3000
- IP: unknown
[2025-05-22T22:50:24.800Z] Request: HEAD /fonts/JetBrainsMono-Regular.woff2
- User-Agent: Mozilla/5.0 (Macintosh; Intel Mac OS X 10_15_7) AppleWebKit/537.36 (KHTML, like Gecko) Chrome/135.0.0.0 Safari/537.36
- Referrer: http://localhost:3000/
- Host: localhost:3000
- IP: unknown
[2025-05-22T22:50:24.800Z] Request: GET /fonts/IBMPlexMono-Regular.woff2
- User-Agent: Mozilla/5.0 (Macintosh; Intel Mac OS X 10_15_7) AppleWebKit/537.36 (KHTML, like Gecko) Chrome/135.0.0.0 Safari/537.36
- Referrer: http://localhost:3000/
- Host: localhost:3000
- IP: unknown
[2025-05-22T22:50:24.800Z] Request: GET /fonts/Px437_IBM_VGA_8x16.woff
- User-Agent: Mozilla/5.0 (Macintosh; Intel Mac OS X 10_15_7) AppleWebKit/537.36 (KHTML, like Gecko) Chrome/135.0.0.0 Safari/537.36
- Referrer: http://localhost:3000/
- Host: localhost:3000
- IP: unknown
[2025-05-22T22:50:24.810Z] Request: GET /fonts/IBMPlexMono-Medium.woff2
- User-Agent: Mozilla/5.0 (Macintosh; Intel Mac OS X 10_15_7) AppleWebKit/537.36 (KHTML, like Gecko) Chrome/135.0.0.0 Safari/537.36
- Referrer: http://localhost:3000/
- Host: localhost:3000
- IP: unknown
[2025-05-22T22:50:24.810Z] Request: GET /fonts/IBMPlexMono-Bold.woff2
- User-Agent: Mozilla/5.0 (Macintosh; Intel Mac OS X 10_15_7) AppleWebKit/537.36 (KHTML, like Gecko) Chrome/135.0.0.0 Safari/537.36
- Referrer: http://localhost:3000/
- Host: localhost:3000
- IP: unknown
[2025-05-22T22:50:24.810Z] Request: GET /fonts/Share_Tech_Mono.woff
- User-Agent: Mozilla/5.0 (Macintosh; Intel Mac OS X 10_15_7) AppleWebKit/537.36 (KHTML, like Gecko) Chrome/135.0.0.0 Safari/537.36
- Referrer: http://localhost:3000/
- Host: localhost:3000
- IP: unknown
[2025-05-22T22:50:24.811Z] Request: GET /fonts/JetBrainsMono-Regular.woff2
- User-Agent: Mozilla/5.0 (Macintosh; Intel Mac OS X 10_15_7) AppleWebKit/537.36 (KHTML, like Gecko) Chrome/135.0.0.0 Safari/537.36
- Referrer: http://localhost:3000/
- Host: localhost:3000
- IP: unknown
[2025-05-22T22:50:24.811Z] Request: GET /fonts/IBMPlexMono-Regular.woff2
- User-Agent: Mozilla/5.0 (Macintosh; Intel Mac OS X 10_15_7) AppleWebKit/537.36 (KHTML, like Gecko) Chrome/135.0.0.0 Safari/537.36
- Referrer: http://localhost:3000/
- Host: localhost:3000
- IP: unknown
[2025-05-22T22:50:24.813Z] Request: GET /fonts/IBMPlexMono-Medium.woff2
- User-Agent: Mozilla/5.0 (Macintosh; Intel Mac OS X 10_15_7) AppleWebKit/537.36 (KHTML, like Gecko) Chrome/135.0.0.0 Safari/537.36
- Referrer: http://localhost:3000/
- Host: localhost:3000
- IP: unknown
[2025-05-22T22:50:24.819Z] Request: GET /fonts/IBMPlexMono-Bold.woff2
- User-Agent: Mozilla/5.0 (Macintosh; Intel Mac OS X 10_15_7) AppleWebKit/537.36 (KHTML, like Gecko) Chrome/135.0.0.0 Safari/537.36
- Referrer: http://localhost:3000/
- Host: localhost:3000
- IP: unknown
[2025-05-22T22:50:24.819Z] Request: GET /fonts/Share_Tech_Mono.woff
- User-Agent: Mozilla/5.0 (Macintosh; Intel Mac OS X 10_15_7) AppleWebKit/537.36 (KHTML, like Gecko) Chrome/135.0.0.0 Safari/537.36
- Referrer: http://localhost:3000/
- Host: localhost:3000
- IP: unknown
[2025-05-22T22:50:24.819Z] Request: GET /fonts/JetBrainsMono-Regular.woff2
- User-Agent: Mozilla/5.0 (Macintosh; Intel Mac OS X 10_15_7) AppleWebKit/537.36 (KHTML, like Gecko) Chrome/135.0.0.0 Safari/537.36
- Referrer: http://localhost:3000/
- Host: localhost:3000
- IP: unknown
[2025-05-22T22:54:40.879Z] Request: GET /
- User-Agent: Mozilla/5.0 (Macintosh; Intel Mac OS X 10_15_7) AppleWebKit/537.36 (KHTML, like Gecko) HeadlessChrome/136.0.0.0 Safari/537.36
- Referrer: null
- Host: localhost:3000
- IP: unknown
Development mode: Skipping authentication check
 GET / 200 in 21ms
[2025-05-22T22:54:40.915Z] Request: GET /fonts/JetBrainsMono-Regular.woff2
- User-Agent: Mozilla/5.0 (Macintosh; Intel Mac OS X 10_15_7) AppleWebKit/537.36 (KHTML, like Gecko) HeadlessChrome/136.0.0.0 Safari/537.36
- Referrer: http://localhost:3000/
- Host: localhost:3000
- IP: unknown
[2025-05-22T22:54:40.915Z] Request: GET /fonts/Px437_IBM_VGA_8x16.woff
- User-Agent: Mozilla/5.0 (Macintosh; Intel Mac OS X 10_15_7) AppleWebKit/537.36 (KHTML, like Gecko) HeadlessChrome/136.0.0.0 Safari/537.36
- Referrer: http://localhost:3000/
- Host: localhost:3000
- IP: unknown
[2025-05-22T22:54:40.915Z] Request: GET /fonts/Share_Tech_Mono.woff
- User-Agent: Mozilla/5.0 (Macintosh; Intel Mac OS X 10_15_7) AppleWebKit/537.36 (KHTML, like Gecko) HeadlessChrome/136.0.0.0 Safari/537.36
- Referrer: http://localhost:3000/
- Host: localhost:3000
- IP: unknown
[2025-05-22T22:54:40.915Z] Request: GET /fix-only-colors.js
- User-Agent: Mozilla/5.0 (Macintosh; Intel Mac OS X 10_15_7) AppleWebKit/537.36 (KHTML, like Gecko) HeadlessChrome/136.0.0.0 Safari/537.36
- Referrer: http://localhost:3000/
- Host: localhost:3000
- IP: unknown
Development mode: Skipping authentication check
 GET /favicon.ico 200 in 5ms
 GET /favicon.ico 200 in 2ms
[2025-05-22T22:54:41.257Z] Request: HEAD /fonts/IBMPlexMono-Medium.woff2
- User-Agent: Mozilla/5.0 (Macintosh; Intel Mac OS X 10_15_7) AppleWebKit/537.36 (KHTML, like Gecko) HeadlessChrome/136.0.0.0 Safari/537.36
- Referrer: http://localhost:3000/
- Host: localhost:3000
- IP: unknown
[2025-05-22T22:54:41.257Z] Request: HEAD /fonts/IBMPlexMono-Regular.woff2
- User-Agent: Mozilla/5.0 (Macintosh; Intel Mac OS X 10_15_7) AppleWebKit/537.36 (KHTML, like Gecko) HeadlessChrome/136.0.0.0 Safari/537.36
- Referrer: http://localhost:3000/
- Host: localhost:3000
- IP: unknown
[2025-05-22T22:54:41.257Z] Request: HEAD /fonts/IBMPlexMono-Bold.woff2
- User-Agent: Mozilla/5.0 (Macintosh; Intel Mac OS X 10_15_7) AppleWebKit/537.36 (KHTML, like Gecko) HeadlessChrome/136.0.0.0 Safari/537.36
- Referrer: http://localhost:3000/
- Host: localhost:3000
- IP: unknown
[2025-05-22T22:54:41.258Z] Request: HEAD /fonts/Px437_IBM_VGA_8x16.woff
- User-Agent: Mozilla/5.0 (Macintosh; Intel Mac OS X 10_15_7) AppleWebKit/537.36 (KHTML, like Gecko) HeadlessChrome/136.0.0.0 Safari/537.36
- Referrer: http://localhost:3000/
- Host: localhost:3000
- IP: unknown
[2025-05-22T22:54:41.258Z] Request: HEAD /fonts/JetBrainsMono-Regular.woff2
- User-Agent: Mozilla/5.0 (Macintosh; Intel Mac OS X 10_15_7) AppleWebKit/537.36 (KHTML, like Gecko) HeadlessChrome/136.0.0.0 Safari/537.36
- Referrer: http://localhost:3000/
- Host: localhost:3000
- IP: unknown
[2025-05-22T22:54:41.258Z] Request: HEAD /fonts/Share_Tech_Mono.woff
- User-Agent: Mozilla/5.0 (Macintosh; Intel Mac OS X 10_15_7) AppleWebKit/537.36 (KHTML, like Gecko) HeadlessChrome/136.0.0.0 Safari/537.36
- Referrer: http://localhost:3000/
- Host: localhost:3000
- IP: unknown
[2025-05-22T22:54:41.267Z] Request: GET /fonts/IBMPlexMono-Bold.woff2
- User-Agent: Mozilla/5.0 (Macintosh; Intel Mac OS X 10_15_7) AppleWebKit/537.36 (KHTML, like Gecko) HeadlessChrome/136.0.0.0 Safari/537.36
- Referrer: http://localhost:3000/
- Host: localhost:3000
- IP: unknown
[2025-05-22T22:54:41.267Z] Request: HEAD /fonts/IBMPlexMono-Medium.woff2
- User-Agent: Mozilla/5.0 (Macintosh; Intel Mac OS X 10_15_7) AppleWebKit/537.36 (KHTML, like Gecko) HeadlessChrome/136.0.0.0 Safari/537.36
- Referrer: http://localhost:3000/
- Host: localhost:3000
- IP: unknown
[2025-05-22T22:54:41.267Z] Request: HEAD /fonts/IBMPlexMono-Bold.woff2
- User-Agent: Mozilla/5.0 (Macintosh; Intel Mac OS X 10_15_7) AppleWebKit/537.36 (KHTML, like Gecko) HeadlessChrome/136.0.0.0 Safari/537.36
- Referrer: http://localhost:3000/
- Host: localhost:3000
- IP: unknown
[2025-05-22T22:54:41.267Z] Request: HEAD /fonts/IBMPlexMono-Regular.woff2
- User-Agent: Mozilla/5.0 (Macintosh; Intel Mac OS X 10_15_7) AppleWebKit/537.36 (KHTML, like Gecko) HeadlessChrome/136.0.0.0 Safari/537.36
- Referrer: http://localhost:3000/
- Host: localhost:3000
- IP: unknown
[2025-05-22T22:54:41.267Z] Request: HEAD /fonts/JetBrainsMono-Regular.woff2
- User-Agent: Mozilla/5.0 (Macintosh; Intel Mac OS X 10_15_7) AppleWebKit/537.36 (KHTML, like Gecko) HeadlessChrome/136.0.0.0 Safari/537.36
- Referrer: http://localhost:3000/
- Host: localhost:3000
- IP: unknown
[2025-05-22T22:54:41.267Z] Request: HEAD /fonts/Px437_IBM_VGA_8x16.woff
- User-Agent: Mozilla/5.0 (Macintosh; Intel Mac OS X 10_15_7) AppleWebKit/537.36 (KHTML, like Gecko) HeadlessChrome/136.0.0.0 Safari/537.36
- Referrer: http://localhost:3000/
- Host: localhost:3000
- IP: unknown
[2025-05-22T22:54:41.275Z] Request: GET /fonts/IBMPlexMono-Medium.woff2
- User-Agent: Mozilla/5.0 (Macintosh; Intel Mac OS X 10_15_7) AppleWebKit/537.36 (KHTML, like Gecko) HeadlessChrome/136.0.0.0 Safari/537.36
- Referrer: http://localhost:3000/
- Host: localhost:3000
- IP: unknown
[2025-05-22T22:54:41.275Z] Request: GET /fonts/IBMPlexMono-Regular.woff2
- User-Agent: Mozilla/5.0 (Macintosh; Intel Mac OS X 10_15_7) AppleWebKit/537.36 (KHTML, like Gecko) HeadlessChrome/136.0.0.0 Safari/537.36
- Referrer: http://localhost:3000/
- Host: localhost:3000
- IP: unknown
[2025-05-22T22:54:41.275Z] Request: GET /fonts/Px437_IBM_VGA_8x16.woff
- User-Agent: Mozilla/5.0 (Macintosh; Intel Mac OS X 10_15_7) AppleWebKit/537.36 (KHTML, like Gecko) HeadlessChrome/136.0.0.0 Safari/537.36
- Referrer: http://localhost:3000/
- Host: localhost:3000
- IP: unknown
[2025-05-22T22:54:41.275Z] Request: GET /fonts/IBMPlexMono-Bold.woff2
- User-Agent: Mozilla/5.0 (Macintosh; Intel Mac OS X 10_15_7) AppleWebKit/537.36 (KHTML, like Gecko) HeadlessChrome/136.0.0.0 Safari/537.36
- Referrer: http://localhost:3000/
- Host: localhost:3000
- IP: unknown
[2025-05-22T22:54:41.275Z] Request: GET /fonts/JetBrainsMono-Regular.woff2
- User-Agent: Mozilla/5.0 (Macintosh; Intel Mac OS X 10_15_7) AppleWebKit/537.36 (KHTML, like Gecko) HeadlessChrome/136.0.0.0 Safari/537.36
- Referrer: http://localhost:3000/
- Host: localhost:3000
- IP: unknown
[2025-05-22T22:54:41.279Z] Request: GET /fonts/Share_Tech_Mono.woff
- User-Agent: Mozilla/5.0 (Macintosh; Intel Mac OS X 10_15_7) AppleWebKit/537.36 (KHTML, like Gecko) HeadlessChrome/136.0.0.0 Safari/537.36
- Referrer: http://localhost:3000/
- Host: localhost:3000
- IP: unknown
[2025-05-22T22:54:41.285Z] Request: GET /fonts/IBMPlexMono-Medium.woff2
- User-Agent: Mozilla/5.0 (Macintosh; Intel Mac OS X 10_15_7) AppleWebKit/537.36 (KHTML, like Gecko) HeadlessChrome/136.0.0.0 Safari/537.36
- Referrer: http://localhost:3000/
- Host: localhost:3000
- IP: unknown
[2025-05-22T22:54:41.285Z] Request: GET /fonts/IBMPlexMono-Regular.woff2
- User-Agent: Mozilla/5.0 (Macintosh; Intel Mac OS X 10_15_7) AppleWebKit/537.36 (KHTML, like Gecko) HeadlessChrome/136.0.0.0 Safari/537.36
- Referrer: http://localhost:3000/
- Host: localhost:3000
- IP: unknown
[2025-05-22T22:54:41.285Z] Request: GET /fonts/IBMPlexMono-Bold.woff2
- User-Agent: Mozilla/5.0 (Macintosh; Intel Mac OS X 10_15_7) AppleWebKit/537.36 (KHTML, like Gecko) HeadlessChrome/136.0.0.0 Safari/537.36
- Referrer: http://localhost:3000/
- Host: localhost:3000
- IP: unknown
[2025-05-22T22:54:41.285Z] Request: GET /fonts/JetBrainsMono-Regular.woff2
- User-Agent: Mozilla/5.0 (Macintosh; Intel Mac OS X 10_15_7) AppleWebKit/537.36 (KHTML, like Gecko) HeadlessChrome/136.0.0.0 Safari/537.36
- Referrer: http://localhost:3000/
- Host: localhost:3000
- IP: unknown
[2025-05-22T22:54:41.286Z] Request: GET /fonts/Px437_IBM_VGA_8x16.woff
- User-Agent: Mozilla/5.0 (Macintosh; Intel Mac OS X 10_15_7) AppleWebKit/537.36 (KHTML, like Gecko) HeadlessChrome/136.0.0.0 Safari/537.36
- Referrer: http://localhost:3000/
- Host: localhost:3000
- IP: unknown
[2025-05-22T22:54:41.289Z] Request: HEAD /fonts/Share_Tech_Mono.woff
- User-Agent: Mozilla/5.0 (Macintosh; Intel Mac OS X 10_15_7) AppleWebKit/537.36 (KHTML, like Gecko) HeadlessChrome/136.0.0.0 Safari/537.36
- Referrer: http://localhost:3000/
- Host: localhost:3000
- IP: unknown
[2025-05-22T22:54:41.305Z] Request: GET /fonts/Share_Tech_Mono.woff
- User-Agent: Mozilla/5.0 (Macintosh; Intel Mac OS X 10_15_7) AppleWebKit/537.36 (KHTML, like Gecko) HeadlessChrome/136.0.0.0 Safari/537.36
- Referrer: http://localhost:3000/
- Host: localhost:3000
- IP: unknown
[2025-05-22T22:55:30.304Z] Request: GET /
- User-Agent: Mozilla/5.0 (Macintosh; Intel Mac OS X 10_15_7) AppleWebKit/537.36 (KHTML, like Gecko) HeadlessChrome/136.0.0.0 Safari/537.36
- Referrer: null
- Host: localhost:3000
- IP: unknown
Development mode: Skipping authentication check
 GET / 200 in 22ms
[2025-05-22T22:55:30.342Z] Request: GET /fonts/JetBrainsMono-Regular.woff2
- User-Agent: Mozilla/5.0 (Macintosh; Intel Mac OS X 10_15_7) AppleWebKit/537.36 (KHTML, like Gecko) HeadlessChrome/136.0.0.0 Safari/537.36
- Referrer: http://localhost:3000/
- Host: localhost:3000
- IP: unknown
[2025-05-22T22:55:30.342Z] Request: GET /fonts/Share_Tech_Mono.woff
- User-Agent: Mozilla/5.0 (Macintosh; Intel Mac OS X 10_15_7) AppleWebKit/537.36 (KHTML, like Gecko) HeadlessChrome/136.0.0.0 Safari/537.36
- Referrer: http://localhost:3000/
- Host: localhost:3000
- IP: unknown
[2025-05-22T22:55:30.342Z] Request: GET /fonts/Px437_IBM_VGA_8x16.woff
- User-Agent: Mozilla/5.0 (Macintosh; Intel Mac OS X 10_15_7) AppleWebKit/537.36 (KHTML, like Gecko) HeadlessChrome/136.0.0.0 Safari/537.36
- Referrer: http://localhost:3000/
- Host: localhost:3000
- IP: unknown
[2025-05-22T22:55:30.342Z] Request: GET /fix-only-colors.js
- User-Agent: Mozilla/5.0 (Macintosh; Intel Mac OS X 10_15_7) AppleWebKit/537.36 (KHTML, like Gecko) HeadlessChrome/136.0.0.0 Safari/537.36
- Referrer: http://localhost:3000/
- Host: localhost:3000
- IP: unknown
Development mode: Skipping authentication check
 GET /favicon.ico 200 in 4ms
 GET /favicon.ico 200 in 3ms
[2025-05-22T22:55:30.707Z] Request: HEAD /fonts/IBMPlexMono-Regular.woff2
- User-Agent: Mozilla/5.0 (Macintosh; Intel Mac OS X 10_15_7) AppleWebKit/537.36 (KHTML, like Gecko) HeadlessChrome/136.0.0.0 Safari/537.36
- Referrer: http://localhost:3000/
- Host: localhost:3000
- IP: unknown
[2025-05-22T22:55:30.708Z] Request: HEAD /fonts/IBMPlexMono-Bold.woff2
- User-Agent: Mozilla/5.0 (Macintosh; Intel Mac OS X 10_15_7) AppleWebKit/537.36 (KHTML, like Gecko) HeadlessChrome/136.0.0.0 Safari/537.36
- Referrer: http://localhost:3000/
- Host: localhost:3000
- IP: unknown
[2025-05-22T22:55:30.708Z] Request: HEAD /fonts/IBMPlexMono-Medium.woff2
- User-Agent: Mozilla/5.0 (Macintosh; Intel Mac OS X 10_15_7) AppleWebKit/537.36 (KHTML, like Gecko) HeadlessChrome/136.0.0.0 Safari/537.36
- Referrer: http://localhost:3000/
- Host: localhost:3000
- IP: unknown
[2025-05-22T22:55:30.708Z] Request: HEAD /fonts/JetBrainsMono-Regular.woff2
- User-Agent: Mozilla/5.0 (Macintosh; Intel Mac OS X 10_15_7) AppleWebKit/537.36 (KHTML, like Gecko) HeadlessChrome/136.0.0.0 Safari/537.36
- Referrer: http://localhost:3000/
- Host: localhost:3000
- IP: unknown
[2025-05-22T22:55:30.708Z] Request: HEAD /fonts/Px437_IBM_VGA_8x16.woff
- User-Agent: Mozilla/5.0 (Macintosh; Intel Mac OS X 10_15_7) AppleWebKit/537.36 (KHTML, like Gecko) HeadlessChrome/136.0.0.0 Safari/537.36
- Referrer: http://localhost:3000/
- Host: localhost:3000
- IP: unknown
[2025-05-22T22:55:30.708Z] Request: HEAD /fonts/Share_Tech_Mono.woff
- User-Agent: Mozilla/5.0 (Macintosh; Intel Mac OS X 10_15_7) AppleWebKit/537.36 (KHTML, like Gecko) HeadlessChrome/136.0.0.0 Safari/537.36
- Referrer: http://localhost:3000/
- Host: localhost:3000
- IP: unknown
[2025-05-22T22:55:30.716Z] Request: HEAD /fonts/IBMPlexMono-Regular.woff2
- User-Agent: Mozilla/5.0 (Macintosh; Intel Mac OS X 10_15_7) AppleWebKit/537.36 (KHTML, like Gecko) HeadlessChrome/136.0.0.0 Safari/537.36
- Referrer: http://localhost:3000/
- Host: localhost:3000
- IP: unknown
[2025-05-22T22:55:30.718Z] Request: GET /fonts/IBMPlexMono-Bold.woff2
- User-Agent: Mozilla/5.0 (Macintosh; Intel Mac OS X 10_15_7) AppleWebKit/537.36 (KHTML, like Gecko) HeadlessChrome/136.0.0.0 Safari/537.36
- Referrer: http://localhost:3000/
- Host: localhost:3000
- IP: unknown
[2025-05-22T22:55:30.718Z] Request: HEAD /fonts/IBMPlexMono-Medium.woff2
- User-Agent: Mozilla/5.0 (Macintosh; Intel Mac OS X 10_15_7) AppleWebKit/537.36 (KHTML, like Gecko) HeadlessChrome/136.0.0.0 Safari/537.36
- Referrer: http://localhost:3000/
- Host: localhost:3000
- IP: unknown
[2025-05-22T22:55:30.718Z] Request: HEAD /fonts/IBMPlexMono-Bold.woff2
- User-Agent: Mozilla/5.0 (Macintosh; Intel Mac OS X 10_15_7) AppleWebKit/537.36 (KHTML, like Gecko) HeadlessChrome/136.0.0.0 Safari/537.36
- Referrer: http://localhost:3000/
- Host: localhost:3000
- IP: unknown
[2025-05-22T22:55:30.718Z] Request: HEAD /fonts/JetBrainsMono-Regular.woff2
- User-Agent: Mozilla/5.0 (Macintosh; Intel Mac OS X 10_15_7) AppleWebKit/537.36 (KHTML, like Gecko) HeadlessChrome/136.0.0.0 Safari/537.36
- Referrer: http://localhost:3000/
- Host: localhost:3000
- IP: unknown
[2025-05-22T22:55:30.718Z] Request: HEAD /fonts/Px437_IBM_VGA_8x16.woff
- User-Agent: Mozilla/5.0 (Macintosh; Intel Mac OS X 10_15_7) AppleWebKit/537.36 (KHTML, like Gecko) HeadlessChrome/136.0.0.0 Safari/537.36
- Referrer: http://localhost:3000/
- Host: localhost:3000
- IP: unknown
[2025-05-22T22:55:30.725Z] Request: GET /fonts/IBMPlexMono-Bold.woff2
- User-Agent: Mozilla/5.0 (Macintosh; Intel Mac OS X 10_15_7) AppleWebKit/537.36 (KHTML, like Gecko) HeadlessChrome/136.0.0.0 Safari/537.36
- Referrer: http://localhost:3000/
- Host: localhost:3000
- IP: unknown
[2025-05-22T22:55:30.725Z] Request: GET /fonts/JetBrainsMono-Regular.woff2
- User-Agent: Mozilla/5.0 (Macintosh; Intel Mac OS X 10_15_7) AppleWebKit/537.36 (KHTML, like Gecko) HeadlessChrome/136.0.0.0 Safari/537.36
- Referrer: http://localhost:3000/
- Host: localhost:3000
- IP: unknown
[2025-05-22T22:55:30.725Z] Request: GET /fonts/IBMPlexMono-Regular.woff2
- User-Agent: Mozilla/5.0 (Macintosh; Intel Mac OS X 10_15_7) AppleWebKit/537.36 (KHTML, like Gecko) HeadlessChrome/136.0.0.0 Safari/537.36
- Referrer: http://localhost:3000/
- Host: localhost:3000
- IP: unknown
[2025-05-22T22:55:30.725Z] Request: GET /fonts/IBMPlexMono-Medium.woff2
- User-Agent: Mozilla/5.0 (Macintosh; Intel Mac OS X 10_15_7) AppleWebKit/537.36 (KHTML, like Gecko) HeadlessChrome/136.0.0.0 Safari/537.36
- Referrer: http://localhost:3000/
- Host: localhost:3000
- IP: unknown
[2025-05-22T22:55:30.725Z] Request: GET /fonts/Px437_IBM_VGA_8x16.woff
- User-Agent: Mozilla/5.0 (Macintosh; Intel Mac OS X 10_15_7) AppleWebKit/537.36 (KHTML, like Gecko) HeadlessChrome/136.0.0.0 Safari/537.36
- Referrer: http://localhost:3000/
- Host: localhost:3000
- IP: unknown
[2025-05-22T22:55:30.731Z] Request: GET /fonts/Share_Tech_Mono.woff
- User-Agent: Mozilla/5.0 (Macintosh; Intel Mac OS X 10_15_7) AppleWebKit/537.36 (KHTML, like Gecko) HeadlessChrome/136.0.0.0 Safari/537.36
- Referrer: http://localhost:3000/
- Host: localhost:3000
- IP: unknown
[2025-05-22T22:55:30.735Z] Request: GET /fonts/IBMPlexMono-Regular.woff2
- User-Agent: Mozilla/5.0 (Macintosh; Intel Mac OS X 10_15_7) AppleWebKit/537.36 (KHTML, like Gecko) HeadlessChrome/136.0.0.0 Safari/537.36
- Referrer: http://localhost:3000/
- Host: localhost:3000
- IP: unknown
[2025-05-22T22:55:30.735Z] Request: GET /fonts/IBMPlexMono-Medium.woff2
- User-Agent: Mozilla/5.0 (Macintosh; Intel Mac OS X 10_15_7) AppleWebKit/537.36 (KHTML, like Gecko) HeadlessChrome/136.0.0.0 Safari/537.36
- Referrer: http://localhost:3000/
- Host: localhost:3000
- IP: unknown
[2025-05-22T22:55:30.735Z] Request: GET /fonts/IBMPlexMono-Bold.woff2
- User-Agent: Mozilla/5.0 (Macintosh; Intel Mac OS X 10_15_7) AppleWebKit/537.36 (KHTML, like Gecko) HeadlessChrome/136.0.0.0 Safari/537.36
- Referrer: http://localhost:3000/
- Host: localhost:3000
- IP: unknown
[2025-05-22T22:55:30.738Z] Request: GET /fonts/JetBrainsMono-Regular.woff2
- User-Agent: Mozilla/5.0 (Macintosh; Intel Mac OS X 10_15_7) AppleWebKit/537.36 (KHTML, like Gecko) HeadlessChrome/136.0.0.0 Safari/537.36
- Referrer: http://localhost:3000/
- Host: localhost:3000
- IP: unknown
[2025-05-22T22:55:30.738Z] Request: GET /fonts/Px437_IBM_VGA_8x16.woff
- User-Agent: Mozilla/5.0 (Macintosh; Intel Mac OS X 10_15_7) AppleWebKit/537.36 (KHTML, like Gecko) HeadlessChrome/136.0.0.0 Safari/537.36
- Referrer: http://localhost:3000/
- Host: localhost:3000
- IP: unknown
[2025-05-22T22:55:30.741Z] Request: HEAD /fonts/Share_Tech_Mono.woff
- User-Agent: Mozilla/5.0 (Macintosh; Intel Mac OS X 10_15_7) AppleWebKit/537.36 (KHTML, like Gecko) HeadlessChrome/136.0.0.0 Safari/537.36
- Referrer: http://localhost:3000/
- Host: localhost:3000
- IP: unknown
[2025-05-22T22:55:30.748Z] Request: GET /fonts/Share_Tech_Mono.woff
- User-Agent: Mozilla/5.0 (Macintosh; Intel Mac OS X 10_15_7) AppleWebKit/537.36 (KHTML, like Gecko) HeadlessChrome/136.0.0.0 Safari/537.36
- Referrer: http://localhost:3000/
- Host: localhost:3000
- IP: unknown
[?25h
